ISO-10303-21;
HEADER;
/* Generated by software containing ST-Developer
 * from STEP Tools, Inc. (www.steptools.com) 
 */

FILE_DESCRIPTION(
/* description */ (''),
/* implementation_level */ '2;1');

FILE_NAME(
/* name */ 'quels macropad top.step',
/* time_stamp */ '2025-12-05T15:51:00+01:00',
/* author */ (''),
/* organization */ (''),
/* preprocessor_version */ 'ST-DEVELOPER v20.1',
/* originating_system */ 'Autodesk Translation Framework v14.17.0.0',
/* authorisation */ '');

FILE_SCHEMA (('AUTOMOTIVE_DESIGN { 1 0 10303 214 3 1 1 }'));
ENDSEC;

DATA;
#10=MECHANICAL_DESIGN_GEOMETRIC_PRESENTATION_REPRESENTATION('',(#13),#15650);
#11=SHAPE_REPRESENTATION_RELATIONSHIP('SRR','None',#15657,#12);
#12=ADVANCED_BREP_SHAPE_REPRESENTATION('',(#14),#15649);
#13=STYLED_ITEM('',(#15666),#14);
#14=MANIFOLD_SOLID_BREP('Body1',#7710);
#15=CYLINDRICAL_SURFACE('',#7844,5.);
#16=CYLINDRICAL_SURFACE('',#7848,5.);
#17=CYLINDRICAL_SURFACE('',#7851,5.);
#18=CYLINDRICAL_SURFACE('',#7854,5.);
#19=CYLINDRICAL_SURFACE('',#7856,1.7);
#20=CYLINDRICAL_SURFACE('',#7858,1.7);
#21=CYLINDRICAL_SURFACE('',#7861,0.5);
#22=CYLINDRICAL_SURFACE('',#7864,0.499999999999998);
#23=CYLINDRICAL_SURFACE('',#7867,0.499999999999998);
#24=CYLINDRICAL_SURFACE('',#7870,0.499999999999998);
#25=CYLINDRICAL_SURFACE('',#7872,1.7);
#26=CYLINDRICAL_SURFACE('',#7875,0.499999999999998);
#27=CYLINDRICAL_SURFACE('',#7878,0.499999999999998);
#28=CYLINDRICAL_SURFACE('',#7881,0.500000000000003);
#29=CYLINDRICAL_SURFACE('',#7884,0.499999999999998);
#30=CYLINDRICAL_SURFACE('',#7886,1.70000000000001);
#31=CYLINDRICAL_SURFACE('',#7889,0.499999999999998);
#32=CYLINDRICAL_SURFACE('',#7892,0.500000000000003);
#33=CYLINDRICAL_SURFACE('',#7895,0.500000000000003);
#34=CYLINDRICAL_SURFACE('',#7898,0.499999999999998);
#35=CYLINDRICAL_SURFACE('',#7901,0.5);
#36=CYLINDRICAL_SURFACE('',#7904,0.500000000000003);
#37=CYLINDRICAL_SURFACE('',#7907,0.499999999999998);
#38=CYLINDRICAL_SURFACE('',#7910,0.499999999999998);
#39=CYLINDRICAL_SURFACE('',#7913,0.499999999999998);
#40=CYLINDRICAL_SURFACE('',#7916,0.500000000000003);
#41=CYLINDRICAL_SURFACE('',#7919,0.499999999999998);
#42=CYLINDRICAL_SURFACE('',#7922,0.499999999999998);
#43=CYLINDRICAL_SURFACE('',#7925,0.499999999999998);
#44=CYLINDRICAL_SURFACE('',#7928,0.499999999999998);
#45=CYLINDRICAL_SURFACE('',#7931,0.499999999999998);
#46=CYLINDRICAL_SURFACE('',#7934,0.499999999999998);
#47=CIRCLE('',#7805,5.);
#48=CIRCLE('',#7806,5.);
#49=CIRCLE('',#7807,5.);
#50=CIRCLE('',#7808,5.);
#51=CIRCLE('',#7809,0.499999999999998);
#52=CIRCLE('',#7810,0.499999999999998);
#53=CIRCLE('',#7811,0.499999999999998);
#54=CIRCLE('',#7812,0.499999999999998);
#55=CIRCLE('',#7813,0.499999999999998);
#56=CIRCLE('',#7814,0.499999999999998);
#57=CIRCLE('',#7815,0.500000000000003);
#58=CIRCLE('',#7816,0.499999999999998);
#59=CIRCLE('',#7817,0.499999999999998);
#60=CIRCLE('',#7818,0.5);
#61=CIRCLE('',#7819,0.500000000000003);
#62=CIRCLE('',#7820,0.499999999999998);
#63=CIRCLE('',#7821,0.499999999999998);
#64=CIRCLE('',#7822,0.499999999999998);
#65=CIRCLE('',#7823,0.500000000000003);
#66=CIRCLE('',#7824,0.500000000000003);
#67=CIRCLE('',#7825,1.70000000000001);
#68=CIRCLE('',#7826,0.499999999999998);
#69=CIRCLE('',#7827,0.499999999999998);
#70=CIRCLE('',#7828,0.499999999999998);
#71=CIRCLE('',#7829,0.500000000000003);
#72=CIRCLE('',#7830,1.7);
#73=CIRCLE('',#7831,0.499999999999998);
#74=CIRCLE('',#7832,0.5);
#75=CIRCLE('',#7833,0.499999999999998);
#76=CIRCLE('',#7834,0.499999999999998);
#77=CIRCLE('',#7835,1.7);
#78=CIRCLE('',#7836,1.7);
#79=CIRCLE('',#7845,5.);
#80=CIRCLE('',#7849,5.);
#81=CIRCLE('',#7852,5.);
#82=CIRCLE('',#7855,5.);
#83=CIRCLE('',#7857,1.7);
#84=CIRCLE('',#7859,1.7);
#85=CIRCLE('',#7862,0.5);
#86=CIRCLE('',#7865,0.499999999999998);
#87=CIRCLE('',#7868,0.499999999999998);
#88=CIRCLE('',#7871,0.499999999999998);
#89=CIRCLE('',#7873,1.7);
#90=CIRCLE('',#7876,0.499999999999998);
#91=CIRCLE('',#7879,0.499999999999998);
#92=CIRCLE('',#7882,0.500000000000003);
#93=CIRCLE('',#7885,0.499999999999998);
#94=CIRCLE('',#7887,1.70000000000001);
#95=CIRCLE('',#7890,0.499999999999998);
#96=CIRCLE('',#7893,0.500000000000003);
#97=CIRCLE('',#7896,0.500000000000003);
#98=CIRCLE('',#7899,0.499999999999998);
#99=CIRCLE('',#7902,0.5);
#100=CIRCLE('',#7905,0.500000000000003);
#101=CIRCLE('',#7908,0.499999999999998);
#102=CIRCLE('',#7911,0.499999999999998);
#103=CIRCLE('',#7914,0.499999999999998);
#104=CIRCLE('',#7917,0.500000000000003);
#105=CIRCLE('',#7920,0.499999999999998);
#106=CIRCLE('',#7923,0.499999999999998);
#107=CIRCLE('',#7926,0.499999999999998);
#108=CIRCLE('',#7929,0.499999999999998);
#109=CIRCLE('',#7932,0.499999999999998);
#110=CIRCLE('',#7935,0.499999999999998);
#111=FACE_BOUND('',#1409,.T.);
#112=FACE_BOUND('',#1446,.T.);
#113=FACE_BOUND('',#1485,.T.);
#114=FACE_BOUND('',#1518,.T.);
#115=FACE_BOUND('',#1537,.T.);
#116=FACE_BOUND('',#1596,.T.);
#117=FACE_BOUND('',#1652,.T.);
#118=FACE_BOUND('',#1675,.T.);
#119=FACE_BOUND('',#1677,.T.);
#120=FACE_BOUND('',#1678,.T.);
#121=FACE_BOUND('',#1679,.T.);
#122=FACE_BOUND('',#1680,.T.);
#123=FACE_BOUND('',#1681,.T.);
#124=FACE_BOUND('',#1682,.T.);
#125=FACE_BOUND('',#1683,.T.);
#126=FACE_BOUND('',#1684,.T.);
#127=FACE_BOUND('',#1685,.T.);
#128=FACE_BOUND('',#1686,.T.);
#129=FACE_BOUND('',#1687,.T.);
#130=FACE_BOUND('',#1688,.T.);
#131=FACE_BOUND('',#1689,.T.);
#132=FACE_BOUND('',#1690,.T.);
#133=FACE_BOUND('',#1691,.T.);
#134=FACE_BOUND('',#1692,.T.);
#135=FACE_BOUND('',#1693,.T.);
#136=FACE_BOUND('',#1694,.T.);
#137=FACE_BOUND('',#1695,.T.);
#138=FACE_BOUND('',#1696,.T.);
#139=FACE_BOUND('',#1697,.T.);
#140=FACE_BOUND('',#1698,.T.);
#141=FACE_BOUND('',#1699,.T.);
#142=FACE_BOUND('',#1700,.T.);
#143=FACE_BOUND('',#1701,.T.);
#144=FACE_BOUND('',#1775,.T.);
#145=FACE_BOUND('',#1776,.T.);
#146=FACE_BOUND('',#1777,.T.);
#147=FACE_BOUND('',#1778,.T.);
#148=FACE_BOUND('',#1779,.T.);
#149=FACE_BOUND('',#1780,.T.);
#150=FACE_BOUND('',#1781,.T.);
#151=FACE_BOUND('',#1782,.T.);
#152=FACE_BOUND('',#1783,.T.);
#153=FACE_BOUND('',#1784,.T.);
#154=B_SPLINE_CURVE_WITH_KNOTS('',3,(#8992,#8993,#8994,#8995,#8996),
 .UNSPECIFIED.,.F.,.F.,(4,1,4),(0.,0.0184942060091581,0.0430716245197807),
 .UNSPECIFIED.);
#155=B_SPLINE_CURVE_WITH_KNOTS('',3,(#8999,#9000,#9001,#9002,#9003),
 .UNSPECIFIED.,.F.,.F.,(4,1,4),(0.,0.0184942060091581,0.0430716245197807),
 .UNSPECIFIED.);
#156=B_SPLINE_CURVE_WITH_KNOTS('',3,(#9015,#9016,#9017,#9018,#9019),
 .UNSPECIFIED.,.F.,.F.,(4,1,4),(0.,0.0159518129124263,0.03138272379633),
 .UNSPECIFIED.);
#157=B_SPLINE_CURVE_WITH_KNOTS('',3,(#9022,#9023,#9024,#9025,#9026),
 .UNSPECIFIED.,.F.,.F.,(4,1,4),(0.,0.0159518129124263,0.03138272379633),
 .UNSPECIFIED.);
#158=B_SPLINE_CURVE_WITH_KNOTS('',3,(#9038,#9039,#9040,#9041,#9042),
 .UNSPECIFIED.,.F.,.F.,(4,1,4),(0.,0.0162038307917792,0.0325378054170379),
 .UNSPECIFIED.);
#159=B_SPLINE_CURVE_WITH_KNOTS('',3,(#9045,#9046,#9047,#9048,#9049),
 .UNSPECIFIED.,.F.,.F.,(4,1,4),(0.,0.0162038307917792,0.0325378054170379),
 .UNSPECIFIED.);
#160=B_SPLINE_CURVE_WITH_KNOTS('',3,(#9061,#9062,#9063,#9064,#9065),
 .UNSPECIFIED.,.F.,.F.,(4,1,4),(0.,0.0140365948919207,0.0294223054827507),
 .UNSPECIFIED.);
#161=B_SPLINE_CURVE_WITH_KNOTS('',3,(#9068,#9069,#9070,#9071,#9072),
 .UNSPECIFIED.,.F.,.F.,(4,1,4),(0.,0.0140365948919207,0.0294223054827507),
 .UNSPECIFIED.);
#162=B_SPLINE_CURVE_WITH_KNOTS('',3,(#9084,#9085,#9086,#9087,#9088),
 .UNSPECIFIED.,.F.,.F.,(4,1,4),(0.,0.0140570949300658,0.0276100592235949),
 .UNSPECIFIED.);
#163=B_SPLINE_CURVE_WITH_KNOTS('',3,(#9091,#9092,#9093,#9094,#9095),
 .UNSPECIFIED.,.F.,.F.,(4,1,4),(0.,0.0140570949300658,0.0276100592235949),
 .UNSPECIFIED.);
#164=B_SPLINE_CURVE_WITH_KNOTS('',3,(#9107,#9108,#9109,#9110,#9111),
 .UNSPECIFIED.,.F.,.F.,(4,1,4),(0.,0.0241538883963414,0.0389842672980871),
 .UNSPECIFIED.);
#165=B_SPLINE_CURVE_WITH_KNOTS('',3,(#9114,#9115,#9116,#9117,#9118),
 .UNSPECIFIED.,.F.,.F.,(4,1,4),(0.,0.0241538883963414,0.0389842672980871),
 .UNSPECIFIED.);
#166=B_SPLINE_CURVE_WITH_KNOTS('',3,(#9148,#9149,#9150,#9151,#9152),
 .UNSPECIFIED.,.F.,.F.,(4,1,4),(0.,0.014119031218964,0.0344883194558887),
 .UNSPECIFIED.);
#167=B_SPLINE_CURVE_WITH_KNOTS('',3,(#9155,#9156,#9157,#9158,#9159),
 .UNSPECIFIED.,.F.,.F.,(4,1,4),(0.,0.014119031218964,0.0344883194558887),
 .UNSPECIFIED.);
#168=B_SPLINE_CURVE_WITH_KNOTS('',3,(#9171,#9172,#9173,#9174,#9175),
 .UNSPECIFIED.,.F.,.F.,(4,1,4),(0.,0.0141866935503368,0.0297570793955511),
 .UNSPECIFIED.);
#169=B_SPLINE_CURVE_WITH_KNOTS('',3,(#9178,#9179,#9180,#9181,#9182),
 .UNSPECIFIED.,.F.,.F.,(4,1,4),(0.,0.0141866935503368,0.0297570793955511),
 .UNSPECIFIED.);
#170=B_SPLINE_CURVE_WITH_KNOTS('',3,(#9194,#9195,#9196,#9197,#9198),
 .UNSPECIFIED.,.F.,.F.,(4,1,4),(0.,0.0167396338492244,0.0311916730736695),
 .UNSPECIFIED.);
#171=B_SPLINE_CURVE_WITH_KNOTS('',3,(#9201,#9202,#9203,#9204,#9205),
 .UNSPECIFIED.,.F.,.F.,(4,1,4),(0.,0.0167396338492244,0.0311916730736695),
 .UNSPECIFIED.);
#172=B_SPLINE_CURVE_WITH_KNOTS('',3,(#9217,#9218,#9219,#9220,#9221),
 .UNSPECIFIED.,.F.,.F.,(4,1,4),(0.,0.0186875087517407,0.0368651089200663),
 .UNSPECIFIED.);
#173=B_SPLINE_CURVE_WITH_KNOTS('',3,(#9224,#9225,#9226,#9227,#9228),
 .UNSPECIFIED.,.F.,.F.,(4,1,4),(0.,0.0186875087517407,0.0368651089200663),
 .UNSPECIFIED.);
#174=B_SPLINE_CURVE_WITH_KNOTS('',3,(#9240,#9241,#9242,#9243,#9244),
 .UNSPECIFIED.,.F.,.F.,(4,1,4),(0.,0.040729773971734,0.080836072975847),
 .UNSPECIFIED.);
#175=B_SPLINE_CURVE_WITH_KNOTS('',3,(#9247,#9248,#9249,#9250,#9251),
 .UNSPECIFIED.,.F.,.F.,(4,1,4),(0.,0.040729773971734,0.080836072975847),
 .UNSPECIFIED.);
#176=B_SPLINE_CURVE_WITH_KNOTS('',3,(#9307,#9308,#9309,#9310,#9311),
 .UNSPECIFIED.,.F.,.F.,(4,1,4),(0.,0.0197442425378027,0.0459799635615542),
 .UNSPECIFIED.);
#177=B_SPLINE_CURVE_WITH_KNOTS('',3,(#9314,#9315,#9316,#9317,#9318),
 .UNSPECIFIED.,.F.,.F.,(4,1,4),(0.,0.0197442425378027,0.0459799635615542),
 .UNSPECIFIED.);
#178=B_SPLINE_CURVE_WITH_KNOTS('',3,(#9330,#9331,#9332,#9333,#9334),
 .UNSPECIFIED.,.F.,.F.,(4,1,4),(0.,0.0152035823744029,0.0310872144820263),
 .UNSPECIFIED.);
#179=B_SPLINE_CURVE_WITH_KNOTS('',3,(#9337,#9338,#9339,#9340,#9341),
 .UNSPECIFIED.,.F.,.F.,(4,1,4),(0.,0.0152035823744029,0.0310872144820263),
 .UNSPECIFIED.);
#180=B_SPLINE_CURVE_WITH_KNOTS('',3,(#9353,#9354,#9355,#9356,#9357),
 .UNSPECIFIED.,.F.,.F.,(4,1,4),(0.,0.015103464203252,0.0301960141456638),
 .UNSPECIFIED.);
#181=B_SPLINE_CURVE_WITH_KNOTS('',3,(#9360,#9361,#9362,#9363,#9364),
 .UNSPECIFIED.,.F.,.F.,(4,1,4),(0.,0.015103464203252,0.0301960141456638),
 .UNSPECIFIED.);
#182=B_SPLINE_CURVE_WITH_KNOTS('',3,(#9376,#9377,#9378,#9379,#9380),
 .UNSPECIFIED.,.F.,.F.,(4,1,4),(0.,0.0150224731992688,0.0328870684784017),
 .UNSPECIFIED.);
#183=B_SPLINE_CURVE_WITH_KNOTS('',3,(#9383,#9384,#9385,#9386,#9387),
 .UNSPECIFIED.,.F.,.F.,(4,1,4),(0.,0.0150224731992688,0.0328870684784017),
 .UNSPECIFIED.);
#184=B_SPLINE_CURVE_WITH_KNOTS('',3,(#9399,#9400,#9401,#9402,#9403),
 .UNSPECIFIED.,.F.,.F.,(4,1,4),(0.,0.0216046467022257,0.0383725373816371),
 .UNSPECIFIED.);
#185=B_SPLINE_CURVE_WITH_KNOTS('',3,(#9406,#9407,#9408,#9409,#9410),
 .UNSPECIFIED.,.F.,.F.,(4,1,4),(0.,0.0216046467022257,0.0383725373816371),
 .UNSPECIFIED.);
#186=B_SPLINE_CURVE_WITH_KNOTS('',3,(#9440,#9441,#9442,#9443,#9444),
 .UNSPECIFIED.,.F.,.F.,(4,1,4),(0.,0.0228472108327207,0.0520753538826626),
 .UNSPECIFIED.);
#187=B_SPLINE_CURVE_WITH_KNOTS('',3,(#9447,#9448,#9449,#9450,#9451),
 .UNSPECIFIED.,.F.,.F.,(4,1,4),(0.,0.0228472108327207,0.0520753538826626),
 .UNSPECIFIED.);
#188=B_SPLINE_CURVE_WITH_KNOTS('',3,(#9463,#9464,#9465,#9466,#9467),
 .UNSPECIFIED.,.F.,.F.,(4,1,4),(0.,0.0213189124753781,0.0418789964415013),
 .UNSPECIFIED.);
#189=B_SPLINE_CURVE_WITH_KNOTS('',3,(#9470,#9471,#9472,#9473,#9474),
 .UNSPECIFIED.,.F.,.F.,(4,1,4),(0.,0.0213189124753781,0.0418789964415013),
 .UNSPECIFIED.);
#190=B_SPLINE_CURVE_WITH_KNOTS('',3,(#9486,#9487,#9488,#9489,#9490),
 .UNSPECIFIED.,.F.,.F.,(4,1,4),(0.,0.0111580773555741,0.0231194865685091),
 .UNSPECIFIED.);
#191=B_SPLINE_CURVE_WITH_KNOTS('',3,(#9493,#9494,#9495,#9496,#9497),
 .UNSPECIFIED.,.F.,.F.,(4,1,4),(0.,0.0111580773555741,0.0231194865685091),
 .UNSPECIFIED.);
#192=B_SPLINE_CURVE_WITH_KNOTS('',3,(#9509,#9510,#9511,#9512,#9513),
 .UNSPECIFIED.,.F.,.F.,(4,1,4),(0.,0.0101180735375915,0.0206363586748982),
 .UNSPECIFIED.);
#193=B_SPLINE_CURVE_WITH_KNOTS('',3,(#9516,#9517,#9518,#9519,#9520),
 .UNSPECIFIED.,.F.,.F.,(4,1,4),(0.,0.0101180735375915,0.0206363586748982),
 .UNSPECIFIED.);
#194=B_SPLINE_CURVE_WITH_KNOTS('',3,(#9532,#9533,#9534,#9535,#9536),
 .UNSPECIFIED.,.F.,.F.,(4,1,4),(0.,0.0190268506986469,0.032120761281949),
 .UNSPECIFIED.);
#195=B_SPLINE_CURVE_WITH_KNOTS('',3,(#9539,#9540,#9541,#9542,#9543),
 .UNSPECIFIED.,.F.,.F.,(4,1,4),(0.,0.0190268506986469,0.032120761281949),
 .UNSPECIFIED.);
#196=B_SPLINE_CURVE_WITH_KNOTS('',3,(#9573,#9574,#9575,#9576,#9577),
 .UNSPECIFIED.,.F.,.F.,(4,1,4),(0.,0.0262167335107312,0.0589167767544564),
 .UNSPECIFIED.);
#197=B_SPLINE_CURVE_WITH_KNOTS('',3,(#9580,#9581,#9582,#9583,#9584),
 .UNSPECIFIED.,.F.,.F.,(4,1,4),(0.,0.0262167335107312,0.0589167767544564),
 .UNSPECIFIED.);
#198=B_SPLINE_CURVE_WITH_KNOTS('',3,(#9596,#9597,#9598,#9599,#9600),
 .UNSPECIFIED.,.F.,.F.,(4,1,4),(0.,0.0289464427319619,0.0539820223663469),
 .UNSPECIFIED.);
#199=B_SPLINE_CURVE_WITH_KNOTS('',3,(#9603,#9604,#9605,#9606,#9607),
 .UNSPECIFIED.,.F.,.F.,(4,1,4),(0.,0.0289464427319619,0.0539820223663469),
 .UNSPECIFIED.);
#200=B_SPLINE_CURVE_WITH_KNOTS('',3,(#9619,#9620,#9621,#9622,#9623),
 .UNSPECIFIED.,.F.,.F.,(4,1,4),(0.,0.041175185073015,0.0798140639126567),
 .UNSPECIFIED.);
#201=B_SPLINE_CURVE_WITH_KNOTS('',3,(#9626,#9627,#9628,#9629,#9630),
 .UNSPECIFIED.,.F.,.F.,(4,1,4),(0.,0.041175185073015,0.0798140639126567),
 .UNSPECIFIED.);
#202=B_SPLINE_CURVE_WITH_KNOTS('',3,(#9642,#9643,#9644,#9645,#9646),
 .UNSPECIFIED.,.F.,.F.,(4,1,4),(0.,0.0178349607625816,0.0360207839829991),
 .UNSPECIFIED.);
#203=B_SPLINE_CURVE_WITH_KNOTS('',3,(#9649,#9650,#9651,#9652,#9653),
 .UNSPECIFIED.,.F.,.F.,(4,1,4),(0.,0.0178349607625816,0.0360207839829991),
 .UNSPECIFIED.);
#204=B_SPLINE_CURVE_WITH_KNOTS('',3,(#9665,#9666,#9667,#9668,#9669),
 .UNSPECIFIED.,.F.,.F.,(4,1,4),(0.,0.0221155898018751,0.0412775282573928),
 .UNSPECIFIED.);
#205=B_SPLINE_CURVE_WITH_KNOTS('',3,(#9672,#9673,#9674,#9675,#9676),
 .UNSPECIFIED.,.F.,.F.,(4,1,4),(0.,0.0221155898018751,0.0412775282573928),
 .UNSPECIFIED.);
#206=B_SPLINE_CURVE_WITH_KNOTS('',3,(#9688,#9689,#9690,#9691,#9692),
 .UNSPECIFIED.,.F.,.F.,(4,1,4),(0.,0.0195702297765379,0.0402286643963409),
 .UNSPECIFIED.);
#207=B_SPLINE_CURVE_WITH_KNOTS('',3,(#9695,#9696,#9697,#9698,#9699),
 .UNSPECIFIED.,.F.,.F.,(4,1,4),(0.,0.0195702297765379,0.0402286643963409),
 .UNSPECIFIED.);
#208=B_SPLINE_CURVE_WITH_KNOTS('',3,(#9711,#9712,#9713,#9714,#9715),
 .UNSPECIFIED.,.F.,.F.,(4,1,4),(0.,0.0186947135940647,0.0377011090014056),
 .UNSPECIFIED.);
#209=B_SPLINE_CURVE_WITH_KNOTS('',3,(#9718,#9719,#9720,#9721,#9722),
 .UNSPECIFIED.,.F.,.F.,(4,1,4),(0.,0.0186947135940647,0.0377011090014056),
 .UNSPECIFIED.);
#210=B_SPLINE_CURVE_WITH_KNOTS('',3,(#9757,#9758,#9759,#9760,#9761),
 .UNSPECIFIED.,.F.,.F.,(4,1,4),(0.,0.023086770169517,0.0469250274953972),
 .UNSPECIFIED.);
#211=B_SPLINE_CURVE_WITH_KNOTS('',3,(#9765,#9766,#9767,#9768,#9769),
 .UNSPECIFIED.,.F.,.F.,(4,1,4),(0.,0.023086770169517,0.0469250274953972),
 .UNSPECIFIED.);
#212=B_SPLINE_CURVE_WITH_KNOTS('',3,(#9782,#9783,#9784,#9785,#9786),
 .UNSPECIFIED.,.F.,.F.,(4,1,4),(0.,0.0247616935596274,0.048517157013022),
 .UNSPECIFIED.);
#213=B_SPLINE_CURVE_WITH_KNOTS('',3,(#9789,#9790,#9791,#9792,#9793),
 .UNSPECIFIED.,.F.,.F.,(4,1,4),(0.,0.0247616935596274,0.048517157013022),
 .UNSPECIFIED.);
#214=B_SPLINE_CURVE_WITH_KNOTS('',3,(#9805,#9806,#9807,#9808,#9809),
 .UNSPECIFIED.,.F.,.F.,(4,1,4),(0.,0.0389146748930212,0.0686612337618374),
 .UNSPECIFIED.);
#215=B_SPLINE_CURVE_WITH_KNOTS('',3,(#9812,#9813,#9814,#9815,#9816),
 .UNSPECIFIED.,.F.,.F.,(4,1,4),(0.,0.0389146748930212,0.0686612337618374),
 .UNSPECIFIED.);
#216=B_SPLINE_CURVE_WITH_KNOTS('',3,(#9828,#9829,#9830,#9831,#9832),
 .UNSPECIFIED.,.F.,.F.,(4,1,4),(0.,0.0279705160106589,0.0635474467972632),
 .UNSPECIFIED.);
#217=B_SPLINE_CURVE_WITH_KNOTS('',3,(#9835,#9836,#9837,#9838,#9839),
 .UNSPECIFIED.,.F.,.F.,(4,1,4),(0.,0.0279705160106589,0.0635474467972632),
 .UNSPECIFIED.);
#218=B_SPLINE_CURVE_WITH_KNOTS('',3,(#9851,#9852,#9853,#9854,#9855),
 .UNSPECIFIED.,.F.,.F.,(4,1,4),(0.,0.0228704502343504,0.0467241161243286),
 .UNSPECIFIED.);
#219=B_SPLINE_CURVE_WITH_KNOTS('',3,(#9858,#9859,#9860,#9861,#9862),
 .UNSPECIFIED.,.F.,.F.,(4,1,4),(0.,0.0228704502343504,0.0467241161243286),
 .UNSPECIFIED.);
#220=B_SPLINE_CURVE_WITH_KNOTS('',3,(#9874,#9875,#9876,#9877,#9878),
 .UNSPECIFIED.,.F.,.F.,(4,1,4),(0.,0.0246647602616353,0.0476108446557074),
 .UNSPECIFIED.);
#221=B_SPLINE_CURVE_WITH_KNOTS('',3,(#9881,#9882,#9883,#9884,#9885),
 .UNSPECIFIED.,.F.,.F.,(4,1,4),(0.,0.0246647602616353,0.0476108446557074),
 .UNSPECIFIED.);
#222=B_SPLINE_CURVE_WITH_KNOTS('',3,(#9897,#9898,#9899,#9900,#9901),
 .UNSPECIFIED.,.F.,.F.,(4,1,4),(0.,0.0367412391733018,0.06584446446984),
 .UNSPECIFIED.);
#223=B_SPLINE_CURVE_WITH_KNOTS('',3,(#9904,#9905,#9906,#9907,#9908),
 .UNSPECIFIED.,.F.,.F.,(4,1,4),(0.,0.0367412391733018,0.06584446446984),
 .UNSPECIFIED.);
#224=B_SPLINE_CURVE_WITH_KNOTS('',3,(#9919,#9920,#9921,#9922,#9923),
 .UNSPECIFIED.,.F.,.F.,(4,1,4),(0.,0.0286378800839704,0.0662615930800961),
 .UNSPECIFIED.);
#225=B_SPLINE_CURVE_WITH_KNOTS('',3,(#9924,#9925,#9926,#9927,#9928),
 .UNSPECIFIED.,.F.,.F.,(4,1,4),(0.,0.0286378800839704,0.0662615930800961),
 .UNSPECIFIED.);
#226=B_SPLINE_CURVE_WITH_KNOTS('',3,(#9961,#9962,#9963,#9964,#9965),
 .UNSPECIFIED.,.F.,.F.,(4,1,4),(0.,0.016872406836322,0.0332205976652251),
 .UNSPECIFIED.);
#227=B_SPLINE_CURVE_WITH_KNOTS('',3,(#9968,#9969,#9970,#9971,#9972),
 .UNSPECIFIED.,.F.,.F.,(4,1,4),(0.,0.016872406836322,0.0332205976652251),
 .UNSPECIFIED.);
#228=B_SPLINE_CURVE_WITH_KNOTS('',3,(#9984,#9985,#9986,#9987,#9988),
 .UNSPECIFIED.,.F.,.F.,(4,1,4),(0.,0.0186861288857907,0.0362454014593103),
 .UNSPECIFIED.);
#229=B_SPLINE_CURVE_WITH_KNOTS('',3,(#9991,#9992,#9993,#9994,#9995),
 .UNSPECIFIED.,.F.,.F.,(4,1,4),(0.,0.0186861288857907,0.0362454014593103),
 .UNSPECIFIED.);
#230=B_SPLINE_CURVE_WITH_KNOTS('',3,(#10007,#10008,#10009,#10010,#10011),
 .UNSPECIFIED.,.F.,.F.,(4,1,4),(0.,0.0252942766649134,0.0510658509097895),
 .UNSPECIFIED.);
#231=B_SPLINE_CURVE_WITH_KNOTS('',3,(#10014,#10015,#10016,#10017,#10018),
 .UNSPECIFIED.,.F.,.F.,(4,1,4),(0.,0.0252942766649134,0.0510658509097895),
 .UNSPECIFIED.);
#232=B_SPLINE_CURVE_WITH_KNOTS('',3,(#10030,#10031,#10032,#10033,#10034),
 .UNSPECIFIED.,.F.,.F.,(4,1,4),(0.,0.0270484272091294,0.0526728939011095),
 .UNSPECIFIED.);
#233=B_SPLINE_CURVE_WITH_KNOTS('',3,(#10037,#10038,#10039,#10040,#10041),
 .UNSPECIFIED.,.F.,.F.,(4,1,4),(0.,0.0270484272091294,0.0526728939011095),
 .UNSPECIFIED.);
#234=B_SPLINE_CURVE_WITH_KNOTS('',3,(#10053,#10054,#10055,#10056,#10057),
 .UNSPECIFIED.,.F.,.F.,(4,1,4),(0.,0.031146524738854,0.0603136623715789),
 .UNSPECIFIED.);
#235=B_SPLINE_CURVE_WITH_KNOTS('',3,(#10060,#10061,#10062,#10063,#10064),
 .UNSPECIFIED.,.F.,.F.,(4,1,4),(0.,0.031146524738854,0.0603136623715789),
 .UNSPECIFIED.);
#236=B_SPLINE_CURVE_WITH_KNOTS('',3,(#10076,#10077,#10078,#10079,#10080),
 .UNSPECIFIED.,.F.,.F.,(4,1,4),(0.,0.0290241871848449,0.0606039620781403),
 .UNSPECIFIED.);
#237=B_SPLINE_CURVE_WITH_KNOTS('',3,(#10083,#10084,#10085,#10086,#10087),
 .UNSPECIFIED.,.F.,.F.,(4,1,4),(0.,0.0290241871848449,0.0606039620781403),
 .UNSPECIFIED.);
#238=B_SPLINE_CURVE_WITH_KNOTS('',3,(#10099,#10100,#10101,#10102,#10103),
 .UNSPECIFIED.,.F.,.F.,(4,1,4),(0.,0.0258568597260034,0.0528741796321256),
 .UNSPECIFIED.);
#239=B_SPLINE_CURVE_WITH_KNOTS('',3,(#10106,#10107,#10108,#10109,#10110),
 .UNSPECIFIED.,.F.,.F.,(4,1,4),(0.,0.0258568597260034,0.0528741796321256),
 .UNSPECIFIED.);
#240=B_SPLINE_CURVE_WITH_KNOTS('',3,(#10122,#10123,#10124,#10125,#10126),
 .UNSPECIFIED.,.F.,.F.,(4,1,4),(0.,0.0251960500242747,0.050439053541726),
 .UNSPECIFIED.);
#241=B_SPLINE_CURVE_WITH_KNOTS('',3,(#10129,#10130,#10131,#10132,#10133),
 .UNSPECIFIED.,.F.,.F.,(4,1,4),(0.,0.0251960500242747,0.050439053541726),
 .UNSPECIFIED.);
#242=B_SPLINE_CURVE_WITH_KNOTS('',3,(#10145,#10146,#10147,#10148,#10149),
 .UNSPECIFIED.,.F.,.F.,(4,1,4),(0.,0.0352101789775276,0.071374113378552),
 .UNSPECIFIED.);
#243=B_SPLINE_CURVE_WITH_KNOTS('',3,(#10152,#10153,#10154,#10155,#10156),
 .UNSPECIFIED.,.F.,.F.,(4,1,4),(0.,0.0352101789775276,0.071374113378552),
 .UNSPECIFIED.);
#244=B_SPLINE_CURVE_WITH_KNOTS('',3,(#10187,#10188,#10189,#10190,#10191),
 .UNSPECIFIED.,.F.,.F.,(4,1,4),(0.,0.0210752593216567,0.0435356506152042),
 .UNSPECIFIED.);
#245=B_SPLINE_CURVE_WITH_KNOTS('',3,(#10194,#10195,#10196,#10197,#10198),
 .UNSPECIFIED.,.F.,.F.,(4,1,4),(0.,0.0210752593216567,0.0435356506152042),
 .UNSPECIFIED.);
#246=B_SPLINE_CURVE_WITH_KNOTS('',3,(#10210,#10211,#10212,#10213,#10214),
 .UNSPECIFIED.,.F.,.F.,(4,1,4),(0.,0.0119599188928973,0.0246830734332839),
 .UNSPECIFIED.);
#247=B_SPLINE_CURVE_WITH_KNOTS('',3,(#10217,#10218,#10219,#10220,#10221),
 .UNSPECIFIED.,.F.,.F.,(4,1,4),(0.,0.0119599188928973,0.0246830734332839),
 .UNSPECIFIED.);
#248=B_SPLINE_CURVE_WITH_KNOTS('',3,(#10233,#10234,#10235,#10236,#10237),
 .UNSPECIFIED.,.F.,.F.,(4,1,4),(0.,0.0116027292468923,0.0231949515486619),
 .UNSPECIFIED.);
#249=B_SPLINE_CURVE_WITH_KNOTS('',3,(#10240,#10241,#10242,#10243,#10244),
 .UNSPECIFIED.,.F.,.F.,(4,1,4),(0.,0.0116027292468923,0.0231949515486619),
 .UNSPECIFIED.);
#250=B_SPLINE_CURVE_WITH_KNOTS('',3,(#10256,#10257,#10258,#10259,#10260),
 .UNSPECIFIED.,.F.,.F.,(4,1,4),(0.,0.0147730895220083,0.0284258396106519),
 .UNSPECIFIED.);
#251=B_SPLINE_CURVE_WITH_KNOTS('',3,(#10263,#10264,#10265,#10266,#10267),
 .UNSPECIFIED.,.F.,.F.,(4,1,4),(0.,0.0147730895220083,0.0284258396106519),
 .UNSPECIFIED.);
#252=B_SPLINE_CURVE_WITH_KNOTS('',3,(#10285,#10286,#10287,#10288,#10289),
 .UNSPECIFIED.,.F.,.F.,(4,1,4),(0.,0.0190085443122328,0.0400652574187498),
 .UNSPECIFIED.);
#253=B_SPLINE_CURVE_WITH_KNOTS('',3,(#10292,#10293,#10294,#10295,#10296),
 .UNSPECIFIED.,.F.,.F.,(4,1,4),(0.,0.0190085443122328,0.0400652574187498),
 .UNSPECIFIED.);
#254=B_SPLINE_CURVE_WITH_KNOTS('',3,(#10308,#10309,#10310,#10311,#10312),
 .UNSPECIFIED.,.F.,.F.,(4,1,4),(0.,0.0125611057733368,0.0250527099868716),
 .UNSPECIFIED.);
#255=B_SPLINE_CURVE_WITH_KNOTS('',3,(#10315,#10316,#10317,#10318,#10319),
 .UNSPECIFIED.,.F.,.F.,(4,1,4),(0.,0.0125611057733368,0.0250527099868716),
 .UNSPECIFIED.);
#256=B_SPLINE_CURVE_WITH_KNOTS('',3,(#10331,#10332,#10333,#10334,#10335),
 .UNSPECIFIED.,.F.,.F.,(4,1,4),(0.,0.0227362633098013,0.0386715731466579),
 .UNSPECIFIED.);
#257=B_SPLINE_CURVE_WITH_KNOTS('',3,(#10338,#10339,#10340,#10341,#10342),
 .UNSPECIFIED.,.F.,.F.,(4,1,4),(0.,0.0227362633098013,0.0386715731466579),
 .UNSPECIFIED.);
#258=B_SPLINE_CURVE_WITH_KNOTS('',3,(#10377,#10378,#10379,#10380,#10381),
 .UNSPECIFIED.,.F.,.F.,(4,1,4),(0.,0.0231130184699492,0.0479626639390623),
 .UNSPECIFIED.);
#259=B_SPLINE_CURVE_WITH_KNOTS('',3,(#10385,#10386,#10387,#10388,#10389),
 .UNSPECIFIED.,.F.,.F.,(4,1,4),(0.,0.0231130184699492,0.0479626639390623),
 .UNSPECIFIED.);
#260=B_SPLINE_CURVE_WITH_KNOTS('',3,(#10402,#10403,#10404,#10405,#10406),
 .UNSPECIFIED.,.F.,.F.,(4,1,4),(0.,0.0240543208009344,0.0468028939025281),
 .UNSPECIFIED.);
#261=B_SPLINE_CURVE_WITH_KNOTS('',3,(#10409,#10410,#10411,#10412,#10413),
 .UNSPECIFIED.,.F.,.F.,(4,1,4),(0.,0.0240543208009344,0.0468028939025281),
 .UNSPECIFIED.);
#262=B_SPLINE_CURVE_WITH_KNOTS('',3,(#10425,#10426,#10427,#10428,#10429),
 .UNSPECIFIED.,.F.,.F.,(4,1,4),(0.,0.0372284110233068,0.0660000032095335),
 .UNSPECIFIED.);
#263=B_SPLINE_CURVE_WITH_KNOTS('',3,(#10432,#10433,#10434,#10435,#10436),
 .UNSPECIFIED.,.F.,.F.,(4,1,4),(0.,0.0372284110233068,0.0660000032095335),
 .UNSPECIFIED.);
#264=B_SPLINE_CURVE_WITH_KNOTS('',3,(#10448,#10449,#10450,#10451,#10452),
 .UNSPECIFIED.,.F.,.F.,(4,1,4),(0.,0.0292629695205544,0.0659279180249924),
 .UNSPECIFIED.);
#265=B_SPLINE_CURVE_WITH_KNOTS('',3,(#10455,#10456,#10457,#10458,#10459),
 .UNSPECIFIED.,.F.,.F.,(4,1,4),(0.,0.0292629695205544,0.0659279180249924),
 .UNSPECIFIED.);
#266=B_SPLINE_CURVE_WITH_KNOTS('',3,(#10471,#10472,#10473,#10474,#10475),
 .UNSPECIFIED.,.F.,.F.,(4,1,4),(0.,0.0231128888462108,0.0479625343153239),
 .UNSPECIFIED.);
#267=B_SPLINE_CURVE_WITH_KNOTS('',3,(#10478,#10479,#10480,#10481,#10482),
 .UNSPECIFIED.,.F.,.F.,(4,1,4),(0.,0.0231128888462108,0.0479625343153239),
 .UNSPECIFIED.);
#268=B_SPLINE_CURVE_WITH_KNOTS('',3,(#10494,#10495,#10496,#10497,#10498),
 .UNSPECIFIED.,.F.,.F.,(4,1,4),(0.,0.0295617052232193,0.0570987154120445),
 .UNSPECIFIED.);
#269=B_SPLINE_CURVE_WITH_KNOTS('',3,(#10501,#10502,#10503,#10504,#10505),
 .UNSPECIFIED.,.F.,.F.,(4,1,4),(0.,0.0295617052232193,0.0570987154120445),
 .UNSPECIFIED.);
#270=B_SPLINE_CURVE_WITH_KNOTS('',3,(#10517,#10518,#10519,#10520,#10521),
 .UNSPECIFIED.,.F.,.F.,(4,1,4),(0.,0.033767996422137,0.0579406650194529),
 .UNSPECIFIED.);
#271=B_SPLINE_CURVE_WITH_KNOTS('',3,(#10524,#10525,#10526,#10527,#10528),
 .UNSPECIFIED.,.F.,.F.,(4,1,4),(0.,0.033767996422137,0.0579406650194529),
 .UNSPECIFIED.);
#272=B_SPLINE_CURVE_WITH_KNOTS('',3,(#10539,#10540,#10541,#10542,#10543),
 .UNSPECIFIED.,.F.,.F.,(4,1,4),(0.,0.0288527172687646,0.0641467724348664),
 .UNSPECIFIED.);
#273=B_SPLINE_CURVE_WITH_KNOTS('',3,(#10544,#10545,#10546,#10547,#10548),
 .UNSPECIFIED.,.F.,.F.,(4,1,4),(0.,0.0288527172687646,0.0641467724348664),
 .UNSPECIFIED.);
#274=B_SPLINE_CURVE_WITH_KNOTS('',3,(#10561,#10562,#10563,#10564,#10565),
 .UNSPECIFIED.,.F.,.F.,(4,1,4),(0.,0.035255241711168,0.0707336611634834),
 .UNSPECIFIED.);
#275=B_SPLINE_CURVE_WITH_KNOTS('',3,(#10569,#10570,#10571,#10572,#10573),
 .UNSPECIFIED.,.F.,.F.,(4,1,4),(0.,0.035255241711168,0.0707336611634834),
 .UNSPECIFIED.);
#276=B_SPLINE_CURVE_WITH_KNOTS('',3,(#10586,#10587,#10588,#10589,#10590),
 .UNSPECIFIED.,.F.,.F.,(4,1,4),(0.,0.0380321757472017,0.0747461928343155),
 .UNSPECIFIED.);
#277=B_SPLINE_CURVE_WITH_KNOTS('',3,(#10593,#10594,#10595,#10596,#10597),
 .UNSPECIFIED.,.F.,.F.,(4,1,4),(0.,0.0380321757472017,0.0747461928343155),
 .UNSPECIFIED.);
#278=B_SPLINE_CURVE_WITH_KNOTS('',3,(#10609,#10610,#10611,#10612,#10613),
 .UNSPECIFIED.,.F.,.F.,(4,1,4),(0.,0.0500017551127946,0.0922641825688963),
 .UNSPECIFIED.);
#279=B_SPLINE_CURVE_WITH_KNOTS('',3,(#10616,#10617,#10618,#10619,#10620),
 .UNSPECIFIED.,.F.,.F.,(4,1,4),(0.,0.0500017551127946,0.0922641825688963),
 .UNSPECIFIED.);
#280=B_SPLINE_CURVE_WITH_KNOTS('',3,(#10632,#10633,#10634,#10635,#10636),
 .UNSPECIFIED.,.F.,.F.,(4,1,4),(0.,0.0219414443945611,0.0448172933047234),
 .UNSPECIFIED.);
#281=B_SPLINE_CURVE_WITH_KNOTS('',3,(#10639,#10640,#10641,#10642,#10643),
 .UNSPECIFIED.,.F.,.F.,(4,1,4),(0.,0.0219414443945611,0.0448172933047234),
 .UNSPECIFIED.);
#282=B_SPLINE_CURVE_WITH_KNOTS('',3,(#10655,#10656,#10657,#10658,#10659),
 .UNSPECIFIED.,.F.,.F.,(4,1,4),(0.,0.0191519241162553,0.039838805510925),
 .UNSPECIFIED.);
#283=B_SPLINE_CURVE_WITH_KNOTS('',3,(#10662,#10663,#10664,#10665,#10666),
 .UNSPECIFIED.,.F.,.F.,(4,1,4),(0.,0.0191519241162553,0.039838805510925),
 .UNSPECIFIED.);
#284=B_SPLINE_CURVE_WITH_KNOTS('',3,(#10678,#10679,#10680,#10681,#10682),
 .UNSPECIFIED.,.F.,.F.,(4,1,4),(0.,0.0189953392975058,0.0374812658809161),
 .UNSPECIFIED.);
#285=B_SPLINE_CURVE_WITH_KNOTS('',3,(#10685,#10686,#10687,#10688,#10689),
 .UNSPECIFIED.,.F.,.F.,(4,1,4),(0.,0.0189953392975058,0.0374812658809161),
 .UNSPECIFIED.);
#286=B_SPLINE_CURVE_WITH_KNOTS('',3,(#10701,#10702,#10703,#10704,#10705),
 .UNSPECIFIED.,.F.,.F.,(4,1,4),(0.,0.0196216430257088,0.0390355754322336),
 .UNSPECIFIED.);
#287=B_SPLINE_CURVE_WITH_KNOTS('',3,(#10708,#10709,#10710,#10711,#10712),
 .UNSPECIFIED.,.F.,.F.,(4,1,4),(0.,0.0196216430257088,0.0390355754322336),
 .UNSPECIFIED.);
#288=B_SPLINE_CURVE_WITH_KNOTS('',3,(#10724,#10725,#10726,#10727,#10728),
 .UNSPECIFIED.,.F.,.F.,(4,1,4),(0.,0.034448376242537,0.0682475905751443),
 .UNSPECIFIED.);
#289=B_SPLINE_CURVE_WITH_KNOTS('',3,(#10731,#10732,#10733,#10734,#10735),
 .UNSPECIFIED.,.F.,.F.,(4,1,4),(0.,0.034448376242537,0.0682475905751443),
 .UNSPECIFIED.);
#290=B_SPLINE_CURVE_WITH_KNOTS('',3,(#10776,#10777,#10778,#10779,#10780),
 .UNSPECIFIED.,.F.,.F.,(4,1,4),(0.,0.0160784841357341,0.0375146074486444),
 .UNSPECIFIED.);
#291=B_SPLINE_CURVE_WITH_KNOTS('',3,(#10784,#10785,#10786,#10787,#10788),
 .UNSPECIFIED.,.F.,.F.,(4,1,4),(0.,0.0160784841357341,0.0375146074486444),
 .UNSPECIFIED.);
#292=B_SPLINE_CURVE_WITH_KNOTS('',3,(#10801,#10802,#10803,#10804,#10805),
 .UNSPECIFIED.,.F.,.F.,(4,1,4),(0.,0.0181166597125352,0.0356779954377033),
 .UNSPECIFIED.);
#293=B_SPLINE_CURVE_WITH_KNOTS('',3,(#10808,#10809,#10810,#10811,#10812),
 .UNSPECIFIED.,.F.,.F.,(4,1,4),(0.,0.0181166597125352,0.0356779954377033),
 .UNSPECIFIED.);
#294=B_SPLINE_CURVE_WITH_KNOTS('',3,(#10824,#10825,#10826,#10827,#10828),
 .UNSPECIFIED.,.F.,.F.,(4,1,4),(0.,0.020240018124594,0.0393165541502688),
 .UNSPECIFIED.);
#295=B_SPLINE_CURVE_WITH_KNOTS('',3,(#10831,#10832,#10833,#10834,#10835),
 .UNSPECIFIED.,.F.,.F.,(4,1,4),(0.,0.020240018124594,0.0393165541502688),
 .UNSPECIFIED.);
#296=B_SPLINE_CURVE_WITH_KNOTS('',3,(#10847,#10848,#10849,#10850,#10851),
 .UNSPECIFIED.,.F.,.F.,(4,1,4),(0.,0.0155871964404406,0.0346495233310493),
 .UNSPECIFIED.);
#297=B_SPLINE_CURVE_WITH_KNOTS('',3,(#10854,#10855,#10856,#10857,#10858),
 .UNSPECIFIED.,.F.,.F.,(4,1,4),(0.,0.0155871964404406,0.0346495233310493),
 .UNSPECIFIED.);
#298=B_SPLINE_CURVE_WITH_KNOTS('',3,(#10870,#10871,#10872,#10873,#10874),
 .UNSPECIFIED.,.F.,.F.,(4,1,4),(0.,0.0137909067868655,0.0276502197165193),
 .UNSPECIFIED.);
#299=B_SPLINE_CURVE_WITH_KNOTS('',3,(#10877,#10878,#10879,#10880,#10881),
 .UNSPECIFIED.,.F.,.F.,(4,1,4),(0.,0.0137909067868655,0.0276502197165193),
 .UNSPECIFIED.);
#300=B_SPLINE_CURVE_WITH_KNOTS('',3,(#10893,#10894,#10895,#10896,#10897),
 .UNSPECIFIED.,.F.,.F.,(4,1,4),(0.,0.00915616716319794,0.0184279746479108),
 .UNSPECIFIED.);
#301=B_SPLINE_CURVE_WITH_KNOTS('',3,(#10900,#10901,#10902,#10903,#10904),
 .UNSPECIFIED.,.F.,.F.,(4,1,4),(0.,0.00915616716319794,0.0184279746479108),
 .UNSPECIFIED.);
#302=B_SPLINE_CURVE_WITH_KNOTS('',3,(#10916,#10917,#10918,#10919,#10920),
 .UNSPECIFIED.,.F.,.F.,(4,1,4),(0.,0.00974327525037846,0.0190371359363602),
 .UNSPECIFIED.);
#303=B_SPLINE_CURVE_WITH_KNOTS('',3,(#10923,#10924,#10925,#10926,#10927),
 .UNSPECIFIED.,.F.,.F.,(4,1,4),(0.,0.00974327525037846,0.0190371359363602),
 .UNSPECIFIED.);
#304=B_SPLINE_CURVE_WITH_KNOTS('',3,(#10939,#10940,#10941,#10942,#10943),
 .UNSPECIFIED.,.F.,.F.,(4,1,4),(0.,0.0196991305080934,0.0330179950737603),
 .UNSPECIFIED.);
#305=B_SPLINE_CURVE_WITH_KNOTS('',3,(#10946,#10947,#10948,#10949,#10950),
 .UNSPECIFIED.,.F.,.F.,(4,1,4),(0.,0.0196991305080934,0.0330179950737603),
 .UNSPECIFIED.);
#306=B_SPLINE_CURVE_WITH_KNOTS('',3,(#10962,#10963,#10964,#10965,#10966),
 .UNSPECIFIED.,.F.,.F.,(4,1,4),(0.,0.0261866862414607,0.061850992999276),
 .UNSPECIFIED.);
#307=B_SPLINE_CURVE_WITH_KNOTS('',3,(#10969,#10970,#10971,#10972,#10973),
 .UNSPECIFIED.,.F.,.F.,(4,1,4),(0.,0.0261866862414607,0.061850992999276),
 .UNSPECIFIED.);
#308=B_SPLINE_CURVE_WITH_KNOTS('',3,(#10997,#10998,#10999,#11000,#11001),
 .UNSPECIFIED.,.F.,.F.,(4,1,4),(0.,0.013780138179937,0.0278031350135102),
 .UNSPECIFIED.);
#309=B_SPLINE_CURVE_WITH_KNOTS('',3,(#11004,#11005,#11006,#11007,#11008),
 .UNSPECIFIED.,.F.,.F.,(4,1,4),(0.,0.013780138179937,0.0278031350135102),
 .UNSPECIFIED.);
#310=B_SPLINE_CURVE_WITH_KNOTS('',3,(#11020,#11021,#11022,#11023,#11024),
 .UNSPECIFIED.,.F.,.F.,(4,1,4),(0.,0.0419294383962614,0.0650443112091995),
 .UNSPECIFIED.);
#311=B_SPLINE_CURVE_WITH_KNOTS('',3,(#11027,#11028,#11029,#11030,#11031),
 .UNSPECIFIED.,.F.,.F.,(4,1,4),(0.,0.0419294383962614,0.0650443112091995),
 .UNSPECIFIED.);
#312=B_SPLINE_CURVE_WITH_KNOTS('',3,(#11049,#11050,#11051,#11052,#11053),
 .UNSPECIFIED.,.F.,.F.,(4,1,4),(0.,0.0132712877313827,0.0340471801899571),
 .UNSPECIFIED.);
#313=B_SPLINE_CURVE_WITH_KNOTS('',3,(#11056,#11057,#11058,#11059,#11060),
 .UNSPECIFIED.,.F.,.F.,(4,1,4),(0.,0.0132712877313827,0.0340471801899571),
 .UNSPECIFIED.);
#314=B_SPLINE_CURVE_WITH_KNOTS('',3,(#11072,#11073,#11074,#11075,#11076),
 .UNSPECIFIED.,.F.,.F.,(4,1,4),(0.,0.0132102575647376,0.0277628080971819),
 .UNSPECIFIED.);
#315=B_SPLINE_CURVE_WITH_KNOTS('',3,(#11079,#11080,#11081,#11082,#11083),
 .UNSPECIFIED.,.F.,.F.,(4,1,4),(0.,0.0132102575647376,0.0277628080971819),
 .UNSPECIFIED.);
#316=B_SPLINE_CURVE_WITH_KNOTS('',3,(#11095,#11096,#11097,#11098,#11099),
 .UNSPECIFIED.,.F.,.F.,(4,1,4),(0.,0.0168054145696417,0.0306781881462544),
 .UNSPECIFIED.);
#317=B_SPLINE_CURVE_WITH_KNOTS('',3,(#11102,#11103,#11104,#11105,#11106),
 .UNSPECIFIED.,.F.,.F.,(4,1,4),(0.,0.0168054145696417,0.0306781881462544),
 .UNSPECIFIED.);
#318=B_SPLINE_CURVE_WITH_KNOTS('',3,(#11118,#11119,#11120,#11121,#11122),
 .UNSPECIFIED.,.F.,.F.,(4,1,4),(0.,0.0252747804221509,0.0458723292908963),
 .UNSPECIFIED.);
#319=B_SPLINE_CURVE_WITH_KNOTS('',3,(#11125,#11126,#11127,#11128,#11129),
 .UNSPECIFIED.,.F.,.F.,(4,1,4),(0.,0.0252747804221509,0.0458723292908963),
 .UNSPECIFIED.);
#320=B_SPLINE_CURVE_WITH_KNOTS('',3,(#11141,#11142,#11143,#11144,#11145),
 .UNSPECIFIED.,.F.,.F.,(4,1,4),(0.,0.023680742652267,0.0500976591995658),
 .UNSPECIFIED.);
#321=B_SPLINE_CURVE_WITH_KNOTS('',3,(#11148,#11149,#11150,#11151,#11152),
 .UNSPECIFIED.,.F.,.F.,(4,1,4),(0.,0.023680742652267,0.0500976591995658),
 .UNSPECIFIED.);
#322=B_SPLINE_CURVE_WITH_KNOTS('',3,(#11164,#11165,#11166,#11167,#11168),
 .UNSPECIFIED.,.F.,.F.,(4,1,4),(0.,0.0186488234931913,0.0396063422304613),
 .UNSPECIFIED.);
#323=B_SPLINE_CURVE_WITH_KNOTS('',3,(#11171,#11172,#11173,#11174,#11175),
 .UNSPECIFIED.,.F.,.F.,(4,1,4),(0.,0.0186488234931913,0.0396063422304613),
 .UNSPECIFIED.);
#324=B_SPLINE_CURVE_WITH_KNOTS('',3,(#11187,#11188,#11189,#11190,#11191),
 .UNSPECIFIED.,.F.,.F.,(4,1,4),(0.,0.0218853853055437,0.0409647637591852),
 .UNSPECIFIED.);
#325=B_SPLINE_CURVE_WITH_KNOTS('',3,(#11194,#11195,#11196,#11197,#11198),
 .UNSPECIFIED.,.F.,.F.,(4,1,4),(0.,0.0218853853055437,0.0409647637591852),
 .UNSPECIFIED.);
#326=B_SPLINE_CURVE_WITH_KNOTS('',3,(#11216,#11217,#11218,#11219,#11220),
 .UNSPECIFIED.,.F.,.F.,(4,1,4),(0.,0.0165833573616109,0.0376041587009779),
 .UNSPECIFIED.);
#327=B_SPLINE_CURVE_WITH_KNOTS('',3,(#11223,#11224,#11225,#11226,#11227),
 .UNSPECIFIED.,.F.,.F.,(4,1,4),(0.,0.0165833573616109,0.0376041587009779),
 .UNSPECIFIED.);
#328=B_SPLINE_CURVE_WITH_KNOTS('',3,(#11239,#11240,#11241,#11242,#11243),
 .UNSPECIFIED.,.F.,.F.,(4,1,4),(0.,0.0227013841225781,0.0398985921631301),
 .UNSPECIFIED.);
#329=B_SPLINE_CURVE_WITH_KNOTS('',3,(#11246,#11247,#11248,#11249,#11250),
 .UNSPECIFIED.,.F.,.F.,(4,1,4),(0.,0.0227013841225781,0.0398985921631301),
 .UNSPECIFIED.);
#330=B_SPLINE_CURVE_WITH_KNOTS('',3,(#11262,#11263,#11264,#11265,#11266),
 .UNSPECIFIED.,.F.,.F.,(4,1,4),(0.,0.019889039382508,0.0444908676333702),
 .UNSPECIFIED.);
#331=B_SPLINE_CURVE_WITH_KNOTS('',3,(#11269,#11270,#11271,#11272,#11273),
 .UNSPECIFIED.,.F.,.F.,(4,1,4),(0.,0.019889039382508,0.0444908676333702),
 .UNSPECIFIED.);
#332=B_SPLINE_CURVE_WITH_KNOTS('',3,(#11285,#11286,#11287,#11288,#11289),
 .UNSPECIFIED.,.F.,.F.,(4,1,4),(0.,0.0193615109367827,0.0341389064757021),
 .UNSPECIFIED.);
#333=B_SPLINE_CURVE_WITH_KNOTS('',3,(#11292,#11293,#11294,#11295,#11296),
 .UNSPECIFIED.,.F.,.F.,(4,1,4),(0.,0.0193615109367827,0.0341389064757021),
 .UNSPECIFIED.);
#334=B_SPLINE_CURVE_WITH_KNOTS('',3,(#11308,#11309,#11310,#11311,#11312),
 .UNSPECIFIED.,.F.,.F.,(4,1,4),(0.,0.00619226051639462,0.00962026849303456),
 .UNSPECIFIED.);
#335=B_SPLINE_CURVE_WITH_KNOTS('',3,(#11315,#11316,#11317,#11318,#11319),
 .UNSPECIFIED.,.F.,.F.,(4,1,4),(0.,0.00619226051639462,0.00962026849303456),
 .UNSPECIFIED.);
#336=B_SPLINE_CURVE_WITH_KNOTS('',3,(#11331,#11332,#11333,#11334,#11335),
 .UNSPECIFIED.,.F.,.F.,(4,1,4),(0.,0.0391644471532374,0.0669835553839845),
 .UNSPECIFIED.);
#337=B_SPLINE_CURVE_WITH_KNOTS('',3,(#11338,#11339,#11340,#11341,#11342),
 .UNSPECIFIED.,.F.,.F.,(4,1,4),(0.,0.0391644471532374,0.0669835553839845),
 .UNSPECIFIED.);
#338=B_SPLINE_CURVE_WITH_KNOTS('',3,(#11354,#11355,#11356,#11357,#11358),
 .UNSPECIFIED.,.F.,.F.,(4,1,4),(0.,0.0138964216749122,0.0332211684129024),
 .UNSPECIFIED.);
#339=B_SPLINE_CURVE_WITH_KNOTS('',3,(#11361,#11362,#11363,#11364,#11365),
 .UNSPECIFIED.,.F.,.F.,(4,1,4),(0.,0.0138964216749122,0.0332211684129024),
 .UNSPECIFIED.);
#340=B_SPLINE_CURVE_WITH_KNOTS('',3,(#11377,#11378,#11379,#11380,#11381),
 .UNSPECIFIED.,.F.,.F.,(4,1,4),(0.,0.0143383000179168,0.0292189398920143),
 .UNSPECIFIED.);
#341=B_SPLINE_CURVE_WITH_KNOTS('',3,(#11384,#11385,#11386,#11387,#11388),
 .UNSPECIFIED.,.F.,.F.,(4,1,4),(0.,0.0143383000179168,0.0292189398920143),
 .UNSPECIFIED.);
#342=B_SPLINE_CURVE_WITH_KNOTS('',3,(#11400,#11401,#11402,#11403,#11404),
 .UNSPECIFIED.,.F.,.F.,(4,1,4),(0.,0.0145560227299153,0.028678879577443),
 .UNSPECIFIED.);
#343=B_SPLINE_CURVE_WITH_KNOTS('',3,(#11407,#11408,#11409,#11410,#11411),
 .UNSPECIFIED.,.F.,.F.,(4,1,4),(0.,0.0145560227299153,0.028678879577443),
 .UNSPECIFIED.);
#344=B_SPLINE_CURVE_WITH_KNOTS('',3,(#11423,#11424,#11425,#11426,#11427),
 .UNSPECIFIED.,.F.,.F.,(4,1,4),(0.,0.0153788163980353,0.0302989597717689),
 .UNSPECIFIED.);
#345=B_SPLINE_CURVE_WITH_KNOTS('',3,(#11430,#11431,#11432,#11433,#11434),
 .UNSPECIFIED.,.F.,.F.,(4,1,4),(0.,0.0153788163980353,0.0302989597717689),
 .UNSPECIFIED.);
#346=B_SPLINE_CURVE_WITH_KNOTS('',3,(#11446,#11447,#11448,#11449,#11450),
 .UNSPECIFIED.,.F.,.F.,(4,1,4),(0.,0.0246010628887319,0.0498500724625654),
 .UNSPECIFIED.);
#347=B_SPLINE_CURVE_WITH_KNOTS('',3,(#11453,#11454,#11455,#11456,#11457),
 .UNSPECIFIED.,.F.,.F.,(4,1,4),(0.,0.0246010628887319,0.0498500724625654),
 .UNSPECIFIED.);
#348=B_SPLINE_CURVE_WITH_KNOTS('',3,(#11469,#11470,#11471,#11472,#11473),
 .UNSPECIFIED.,.F.,.F.,(4,1,4),(0.,0.0319684926601835,0.0587792957825013),
 .UNSPECIFIED.);
#349=B_SPLINE_CURVE_WITH_KNOTS('',3,(#11476,#11477,#11478,#11479,#11480),
 .UNSPECIFIED.,.F.,.F.,(4,1,4),(0.,0.0319684926601835,0.0587792957825013),
 .UNSPECIFIED.);
#350=B_SPLINE_CURVE_WITH_KNOTS('',3,(#11492,#11493,#11494,#11495,#11496),
 .UNSPECIFIED.,.F.,.F.,(4,1,4),(0.,0.0203417749611139,0.0414190761478013),
 .UNSPECIFIED.);
#351=B_SPLINE_CURVE_WITH_KNOTS('',3,(#11499,#11500,#11501,#11502,#11503),
 .UNSPECIFIED.,.F.,.F.,(4,1,4),(0.,0.0203417749611139,0.0414190761478013),
 .UNSPECIFIED.);
#352=B_SPLINE_CURVE_WITH_KNOTS('',3,(#11515,#11516,#11517,#11518,#11519),
 .UNSPECIFIED.,.F.,.F.,(4,1,4),(0.,0.0249665001810429,0.0465874767848586),
 .UNSPECIFIED.);
#353=B_SPLINE_CURVE_WITH_KNOTS('',3,(#11522,#11523,#11524,#11525,#11526),
 .UNSPECIFIED.,.F.,.F.,(4,1,4),(0.,0.0249665001810429,0.0465874767848586),
 .UNSPECIFIED.);
#354=B_SPLINE_CURVE_WITH_KNOTS('',3,(#11537,#11538,#11539,#11540,#11541),
 .UNSPECIFIED.,.F.,.F.,(4,1,4),(0.,0.0132929147797714,0.0279129107405598),
 .UNSPECIFIED.);
#355=B_SPLINE_CURVE_WITH_KNOTS('',3,(#11542,#11543,#11544,#11545,#11546),
 .UNSPECIFIED.,.F.,.F.,(4,1,4),(0.,0.0132929147797714,0.0279129107405598),
 .UNSPECIFIED.);
#356=B_SPLINE_CURVE_WITH_KNOTS('',3,(#11568,#11569,#11570,#11571,#11572),
 .UNSPECIFIED.,.F.,.F.,(4,1,4),(0.,0.0210752723434735,0.043535663637021),
 .UNSPECIFIED.);
#357=B_SPLINE_CURVE_WITH_KNOTS('',3,(#11575,#11576,#11577,#11578,#11579),
 .UNSPECIFIED.,.F.,.F.,(4,1,4),(0.,0.0210752723434735,0.043535663637021),
 .UNSPECIFIED.);
#358=B_SPLINE_CURVE_WITH_KNOTS('',3,(#11591,#11592,#11593,#11594,#11595),
 .UNSPECIFIED.,.F.,.F.,(4,1,4),(0.,0.0119599599422463,0.0246830631937283),
 .UNSPECIFIED.);
#359=B_SPLINE_CURVE_WITH_KNOTS('',3,(#11598,#11599,#11600,#11601,#11602),
 .UNSPECIFIED.,.F.,.F.,(4,1,4),(0.,0.0119599599422463,0.0246830631937283),
 .UNSPECIFIED.);
#360=B_SPLINE_CURVE_WITH_KNOTS('',3,(#11614,#11615,#11616,#11617,#11618),
 .UNSPECIFIED.,.F.,.F.,(4,1,4),(0.,0.0116027292468923,0.0231949515486619),
 .UNSPECIFIED.);
#361=B_SPLINE_CURVE_WITH_KNOTS('',3,(#11621,#11622,#11623,#11624,#11625),
 .UNSPECIFIED.,.F.,.F.,(4,1,4),(0.,0.0116027292468923,0.0231949515486619),
 .UNSPECIFIED.);
#362=B_SPLINE_CURVE_WITH_KNOTS('',3,(#11637,#11638,#11639,#11640,#11641),
 .UNSPECIFIED.,.F.,.F.,(4,1,4),(0.,0.0147730350292184,0.0284257851178619),
 .UNSPECIFIED.);
#363=B_SPLINE_CURVE_WITH_KNOTS('',3,(#11644,#11645,#11646,#11647,#11648),
 .UNSPECIFIED.,.F.,.F.,(4,1,4),(0.,0.0147730350292184,0.0284257851178619),
 .UNSPECIFIED.);
#364=B_SPLINE_CURVE_WITH_KNOTS('',3,(#11666,#11667,#11668,#11669,#11670),
 .UNSPECIFIED.,.F.,.F.,(4,1,4),(0.,0.0190086031861995,0.0400653162927165),
 .UNSPECIFIED.);
#365=B_SPLINE_CURVE_WITH_KNOTS('',3,(#11673,#11674,#11675,#11676,#11677),
 .UNSPECIFIED.,.F.,.F.,(4,1,4),(0.,0.0190086031861995,0.0400653162927165),
 .UNSPECIFIED.);
#366=B_SPLINE_CURVE_WITH_KNOTS('',3,(#11689,#11690,#11691,#11692,#11693),
 .UNSPECIFIED.,.F.,.F.,(4,1,4),(0.,0.0125612128308181,0.0250526991378594),
 .UNSPECIFIED.);
#367=B_SPLINE_CURVE_WITH_KNOTS('',3,(#11696,#11697,#11698,#11699,#11700),
 .UNSPECIFIED.,.F.,.F.,(4,1,4),(0.,0.0125612128308181,0.0250526991378594),
 .UNSPECIFIED.);
#368=B_SPLINE_CURVE_WITH_KNOTS('',3,(#11712,#11713,#11714,#11715,#11716),
 .UNSPECIFIED.,.F.,.F.,(4,1,4),(0.,0.0227363272843807,0.038671595118043),
 .UNSPECIFIED.);
#369=B_SPLINE_CURVE_WITH_KNOTS('',3,(#11719,#11720,#11721,#11722,#11723),
 .UNSPECIFIED.,.F.,.F.,(4,1,4),(0.,0.0227363272843807,0.038671595118043),
 .UNSPECIFIED.);
#370=B_SPLINE_CURVE_WITH_KNOTS('',3,(#11758,#11759,#11760,#11761,#11762),
 .UNSPECIFIED.,.F.,.F.,(4,1,4),(0.,0.0257956576584471,0.0515495029218782),
 .UNSPECIFIED.);
#371=B_SPLINE_CURVE_WITH_KNOTS('',3,(#11766,#11767,#11768,#11769,#11770),
 .UNSPECIFIED.,.F.,.F.,(4,1,4),(0.,0.0257956576584471,0.0515495029218782),
 .UNSPECIFIED.);
#372=B_SPLINE_CURVE_WITH_KNOTS('',3,(#11783,#11784,#11785,#11786,#11787),
 .UNSPECIFIED.,.F.,.F.,(4,1,4),(0.,0.0257796057312974,0.0513048831951082),
 .UNSPECIFIED.);
#373=B_SPLINE_CURVE_WITH_KNOTS('',3,(#11790,#11791,#11792,#11793,#11794),
 .UNSPECIFIED.,.F.,.F.,(4,1,4),(0.,0.0257796057312974,0.0513048831951082),
 .UNSPECIFIED.);
#374=B_SPLINE_CURVE_WITH_KNOTS('',3,(#11806,#11807,#11808,#11809,#11810),
 .UNSPECIFIED.,.F.,.F.,(4,1,4),(0.,0.035722712666973,0.0648250299427338),
 .UNSPECIFIED.);
#375=B_SPLINE_CURVE_WITH_KNOTS('',3,(#11813,#11814,#11815,#11816,#11817),
 .UNSPECIFIED.,.F.,.F.,(4,1,4),(0.,0.035722712666973,0.0648250299427338),
 .UNSPECIFIED.);
#376=B_SPLINE_CURVE_WITH_KNOTS('',3,(#11829,#11830,#11831,#11832,#11833),
 .UNSPECIFIED.,.F.,.F.,(4,1,4),(0.,0.0296776106478934,0.0672498625956519),
 .UNSPECIFIED.);
#377=B_SPLINE_CURVE_WITH_KNOTS('',3,(#11836,#11837,#11838,#11839,#11840),
 .UNSPECIFIED.,.F.,.F.,(4,1,4),(0.,0.0296776106478934,0.0672498625956519),
 .UNSPECIFIED.);
#378=B_SPLINE_CURVE_WITH_KNOTS('',3,(#11852,#11853,#11854,#11855,#11856),
 .UNSPECIFIED.,.F.,.F.,(4,1,4),(0.,0.0256556115421846,0.0514614542569905),
 .UNSPECIFIED.);
#379=B_SPLINE_CURVE_WITH_KNOTS('',3,(#11859,#11860,#11861,#11862,#11863),
 .UNSPECIFIED.,.F.,.F.,(4,1,4),(0.,0.0256556115421846,0.0514614542569905),
 .UNSPECIFIED.);
#380=B_SPLINE_CURVE_WITH_KNOTS('',3,(#11875,#11876,#11877,#11878,#11879),
 .UNSPECIFIED.,.F.,.F.,(4,1,4),(0.,0.0258001266778449,0.051600918502734),
 .UNSPECIFIED.);
#381=B_SPLINE_CURVE_WITH_KNOTS('',3,(#11882,#11883,#11884,#11885,#11886),
 .UNSPECIFIED.,.F.,.F.,(4,1,4),(0.,0.0258001266778449,0.051600918502734),
 .UNSPECIFIED.);
#382=B_SPLINE_CURVE_WITH_KNOTS('',3,(#11898,#11899,#11900,#11901,#11902),
 .UNSPECIFIED.,.F.,.F.,(4,1,4),(0.,0.036785300748649,0.066168039597692),
 .UNSPECIFIED.);
#383=B_SPLINE_CURVE_WITH_KNOTS('',3,(#11905,#11906,#11907,#11908,#11909),
 .UNSPECIFIED.,.F.,.F.,(4,1,4),(0.,0.036785300748649,0.066168039597692),
 .UNSPECIFIED.);
#384=B_SPLINE_CURVE_WITH_KNOTS('',3,(#11920,#11921,#11922,#11923,#11924),
 .UNSPECIFIED.,.F.,.F.,(4,1,4),(0.,0.0293148426853962,0.0660747698146258),
 .UNSPECIFIED.);
#385=B_SPLINE_CURVE_WITH_KNOTS('',3,(#11925,#11926,#11927,#11928,#11929),
 .UNSPECIFIED.,.F.,.F.,(4,1,4),(0.,0.0293148426853962,0.0660747698146258),
 .UNSPECIFIED.);
#386=B_SPLINE_CURVE_WITH_KNOTS('',3,(#11942,#11943,#11944,#11945,#11946),
 .UNSPECIFIED.,.F.,.F.,(4,1,4),(0.,0.0419037931177251,0.0811303116316063),
 .UNSPECIFIED.);
#387=B_SPLINE_CURVE_WITH_KNOTS('',3,(#11950,#11951,#11952,#11953,#11954),
 .UNSPECIFIED.,.F.,.F.,(4,1,4),(0.,0.0419037931177251,0.0811303116316063),
 .UNSPECIFIED.);
#388=B_SPLINE_CURVE_WITH_KNOTS('',3,(#11967,#11968,#11969,#11970,#11971),
 .UNSPECIFIED.,.F.,.F.,(4,1,4),(0.,0.0270515301740284,0.054597923132263),
 .UNSPECIFIED.);
#389=B_SPLINE_CURVE_WITH_KNOTS('',3,(#11974,#11975,#11976,#11977,#11978),
 .UNSPECIFIED.,.F.,.F.,(4,1,4),(0.,0.0270515301740284,0.054597923132263),
 .UNSPECIFIED.);
#390=B_SPLINE_CURVE_WITH_KNOTS('',3,(#11990,#11991,#11992,#11993,#11994),
 .UNSPECIFIED.,.F.,.F.,(4,1,4),(0.,0.0263612739350483,0.0528979601470819),
 .UNSPECIFIED.);
#391=B_SPLINE_CURVE_WITH_KNOTS('',3,(#11997,#11998,#11999,#12000,#12001),
 .UNSPECIFIED.,.F.,.F.,(4,1,4),(0.,0.0263612739350483,0.0528979601470819),
 .UNSPECIFIED.);
#392=B_SPLINE_CURVE_WITH_KNOTS('',3,(#12013,#12014,#12015,#12016,#12017),
 .UNSPECIFIED.,.F.,.F.,(4,1,4),(0.,0.0376062407013419,0.0676490880829865),
 .UNSPECIFIED.);
#393=B_SPLINE_CURVE_WITH_KNOTS('',3,(#12020,#12021,#12022,#12023,#12024),
 .UNSPECIFIED.,.F.,.F.,(4,1,4),(0.,0.0376062407013419,0.0676490880829865),
 .UNSPECIFIED.);
#394=B_SPLINE_CURVE_WITH_KNOTS('',3,(#12036,#12037,#12038,#12039,#12040),
 .UNSPECIFIED.,.F.,.F.,(4,1,4),(0.,0.0409616231797343,0.0876775809083355),
 .UNSPECIFIED.);
#395=B_SPLINE_CURVE_WITH_KNOTS('',3,(#12043,#12044,#12045,#12046,#12047),
 .UNSPECIFIED.,.F.,.F.,(4,1,4),(0.,0.0409616231797343,0.0876775809083355),
 .UNSPECIFIED.);
#396=B_SPLINE_CURVE_WITH_KNOTS('',3,(#12059,#12060,#12061,#12062,#12063),
 .UNSPECIFIED.,.F.,.F.,(4,1,4),(0.,0.0413795313753714,0.0806701786612861),
 .UNSPECIFIED.);
#397=B_SPLINE_CURVE_WITH_KNOTS('',3,(#12066,#12067,#12068,#12069,#12070),
 .UNSPECIFIED.,.F.,.F.,(4,1,4),(0.,0.0413795313753714,0.0806701786612861),
 .UNSPECIFIED.);
#398=B_SPLINE_CURVE_WITH_KNOTS('',3,(#12082,#12083,#12084,#12085,#12086),
 .UNSPECIFIED.,.F.,.F.,(4,1,4),(0.,0.0359931506951809,0.0737235434559969),
 .UNSPECIFIED.);
#399=B_SPLINE_CURVE_WITH_KNOTS('',3,(#12089,#12090,#12091,#12092,#12093),
 .UNSPECIFIED.,.F.,.F.,(4,1,4),(0.,0.0359931506951809,0.0737235434559969),
 .UNSPECIFIED.);
#400=B_SPLINE_CURVE_WITH_KNOTS('',3,(#12105,#12106,#12107,#12108,#12109),
 .UNSPECIFIED.,.F.,.F.,(4,1,4),(0.,0.0532066491923723,0.0978624595986962),
 .UNSPECIFIED.);
#401=B_SPLINE_CURVE_WITH_KNOTS('',3,(#12112,#12113,#12114,#12115,#12116),
 .UNSPECIFIED.,.F.,.F.,(4,1,4),(0.,0.0532066491923723,0.0978624595986962),
 .UNSPECIFIED.);
#402=B_SPLINE_CURVE_WITH_KNOTS('',3,(#12127,#12128,#12129,#12130,#12131),
 .UNSPECIFIED.,.F.,.F.,(4,1,4),(0.,0.0414790532771816,0.0905871273235876),
 .UNSPECIFIED.);
#403=B_SPLINE_CURVE_WITH_KNOTS('',3,(#12132,#12133,#12134,#12135,#12136),
 .UNSPECIFIED.,.F.,.F.,(4,1,4),(0.,0.0414790532771816,0.0905871273235876),
 .UNSPECIFIED.);
#404=B_SPLINE_CURVE_WITH_KNOTS('',3,(#12150,#12151,#12152,#12153,#12154),
 .UNSPECIFIED.,.F.,.F.,(4,1,4),(0.,0.0257956576584471,0.0515495029218782),
 .UNSPECIFIED.);
#405=B_SPLINE_CURVE_WITH_KNOTS('',3,(#12158,#12159,#12160,#12161,#12162),
 .UNSPECIFIED.,.F.,.F.,(4,1,4),(0.,0.0257956576584471,0.0515495029218782),
 .UNSPECIFIED.);
#406=B_SPLINE_CURVE_WITH_KNOTS('',3,(#12175,#12176,#12177,#12178,#12179),
 .UNSPECIFIED.,.F.,.F.,(4,1,4),(0.,0.0257796057312974,0.0513048831951082),
 .UNSPECIFIED.);
#407=B_SPLINE_CURVE_WITH_KNOTS('',3,(#12182,#12183,#12184,#12185,#12186),
 .UNSPECIFIED.,.F.,.F.,(4,1,4),(0.,0.0257796057312974,0.0513048831951082),
 .UNSPECIFIED.);
#408=B_SPLINE_CURVE_WITH_KNOTS('',3,(#12198,#12199,#12200,#12201,#12202),
 .UNSPECIFIED.,.F.,.F.,(4,1,4),(0.,0.035722712666973,0.0648250299427338),
 .UNSPECIFIED.);
#409=B_SPLINE_CURVE_WITH_KNOTS('',3,(#12205,#12206,#12207,#12208,#12209),
 .UNSPECIFIED.,.F.,.F.,(4,1,4),(0.,0.035722712666973,0.0648250299427338),
 .UNSPECIFIED.);
#410=B_SPLINE_CURVE_WITH_KNOTS('',3,(#12221,#12222,#12223,#12224,#12225),
 .UNSPECIFIED.,.F.,.F.,(4,1,4),(0.,0.0296776106478934,0.0672498625956519),
 .UNSPECIFIED.);
#411=B_SPLINE_CURVE_WITH_KNOTS('',3,(#12228,#12229,#12230,#12231,#12232),
 .UNSPECIFIED.,.F.,.F.,(4,1,4),(0.,0.0296776106478934,0.0672498625956519),
 .UNSPECIFIED.);
#412=B_SPLINE_CURVE_WITH_KNOTS('',3,(#12244,#12245,#12246,#12247,#12248),
 .UNSPECIFIED.,.F.,.F.,(4,1,4),(0.,0.0256556115421846,0.0514614542569905),
 .UNSPECIFIED.);
#413=B_SPLINE_CURVE_WITH_KNOTS('',3,(#12251,#12252,#12253,#12254,#12255),
 .UNSPECIFIED.,.F.,.F.,(4,1,4),(0.,0.0256556115421846,0.0514614542569905),
 .UNSPECIFIED.);
#414=B_SPLINE_CURVE_WITH_KNOTS('',3,(#12267,#12268,#12269,#12270,#12271),
 .UNSPECIFIED.,.F.,.F.,(4,1,4),(0.,0.0258001266778449,0.051600918502734),
 .UNSPECIFIED.);
#415=B_SPLINE_CURVE_WITH_KNOTS('',3,(#12274,#12275,#12276,#12277,#12278),
 .UNSPECIFIED.,.F.,.F.,(4,1,4),(0.,0.0258001266778449,0.051600918502734),
 .UNSPECIFIED.);
#416=B_SPLINE_CURVE_WITH_KNOTS('',3,(#12290,#12291,#12292,#12293,#12294),
 .UNSPECIFIED.,.F.,.F.,(4,1,4),(0.,0.036785300748649,0.066168039597692),
 .UNSPECIFIED.);
#417=B_SPLINE_CURVE_WITH_KNOTS('',3,(#12297,#12298,#12299,#12300,#12301),
 .UNSPECIFIED.,.F.,.F.,(4,1,4),(0.,0.036785300748649,0.066168039597692),
 .UNSPECIFIED.);
#418=B_SPLINE_CURVE_WITH_KNOTS('',3,(#12312,#12313,#12314,#12315,#12316),
 .UNSPECIFIED.,.F.,.F.,(4,1,4),(0.,0.0293148426853962,0.0660747698146258),
 .UNSPECIFIED.);
#419=B_SPLINE_CURVE_WITH_KNOTS('',3,(#12317,#12318,#12319,#12320,#12321),
 .UNSPECIFIED.,.F.,.F.,(4,1,4),(0.,0.0293148426853962,0.0660747698146258),
 .UNSPECIFIED.);
#420=B_SPLINE_CURVE_WITH_KNOTS('',3,(#12334,#12335,#12336,#12337,#12338),
 .UNSPECIFIED.,.F.,.F.,(4,1,4),(0.,0.0419037931177251,0.0811303116316063),
 .UNSPECIFIED.);
#421=B_SPLINE_CURVE_WITH_KNOTS('',3,(#12342,#12343,#12344,#12345,#12346),
 .UNSPECIFIED.,.F.,.F.,(4,1,4),(0.,0.0419037931177251,0.0811303116316063),
 .UNSPECIFIED.);
#422=B_SPLINE_CURVE_WITH_KNOTS('',3,(#12359,#12360,#12361,#12362,#12363),
 .UNSPECIFIED.,.F.,.F.,(4,1,4),(0.,0.0270516409809415,0.0545979156016855),
 .UNSPECIFIED.);
#423=B_SPLINE_CURVE_WITH_KNOTS('',3,(#12366,#12367,#12368,#12369,#12370),
 .UNSPECIFIED.,.F.,.F.,(4,1,4),(0.,0.0270516409809415,0.0545979156016855),
 .UNSPECIFIED.);
#424=B_SPLINE_CURVE_WITH_KNOTS('',3,(#12382,#12383,#12384,#12385,#12386),
 .UNSPECIFIED.,.F.,.F.,(4,1,4),(0.,0.0263612739350483,0.0528979601470819),
 .UNSPECIFIED.);
#425=B_SPLINE_CURVE_WITH_KNOTS('',3,(#12389,#12390,#12391,#12392,#12393),
 .UNSPECIFIED.,.F.,.F.,(4,1,4),(0.,0.0263612739350483,0.0528979601470819),
 .UNSPECIFIED.);
#426=B_SPLINE_CURVE_WITH_KNOTS('',3,(#12405,#12406,#12407,#12408,#12409),
 .UNSPECIFIED.,.F.,.F.,(4,1,4),(0.,0.0376062407013419,0.0676490880829865),
 .UNSPECIFIED.);
#427=B_SPLINE_CURVE_WITH_KNOTS('',3,(#12412,#12413,#12414,#12415,#12416),
 .UNSPECIFIED.,.F.,.F.,(4,1,4),(0.,0.0376062407013419,0.0676490880829865),
 .UNSPECIFIED.);
#428=B_SPLINE_CURVE_WITH_KNOTS('',3,(#12428,#12429,#12430,#12431,#12432),
 .UNSPECIFIED.,.F.,.F.,(4,1,4),(0.,0.0409616231797343,0.0876775809083355),
 .UNSPECIFIED.);
#429=B_SPLINE_CURVE_WITH_KNOTS('',3,(#12435,#12436,#12437,#12438,#12439),
 .UNSPECIFIED.,.F.,.F.,(4,1,4),(0.,0.0409616231797343,0.0876775809083355),
 .UNSPECIFIED.);
#430=B_SPLINE_CURVE_WITH_KNOTS('',3,(#12451,#12452,#12453,#12454,#12455),
 .UNSPECIFIED.,.F.,.F.,(4,1,4),(0.,0.0413795313753714,0.0806701786612861),
 .UNSPECIFIED.);
#431=B_SPLINE_CURVE_WITH_KNOTS('',3,(#12458,#12459,#12460,#12461,#12462),
 .UNSPECIFIED.,.F.,.F.,(4,1,4),(0.,0.0413795313753714,0.0806701786612861),
 .UNSPECIFIED.);
#432=B_SPLINE_CURVE_WITH_KNOTS('',3,(#12474,#12475,#12476,#12477,#12478),
 .UNSPECIFIED.,.F.,.F.,(4,1,4),(0.,0.0359932022049337,0.0737235949657497),
 .UNSPECIFIED.);
#433=B_SPLINE_CURVE_WITH_KNOTS('',3,(#12481,#12482,#12483,#12484,#12485),
 .UNSPECIFIED.,.F.,.F.,(4,1,4),(0.,0.0359932022049337,0.0737235949657497),
 .UNSPECIFIED.);
#434=B_SPLINE_CURVE_WITH_KNOTS('',3,(#12497,#12498,#12499,#12500,#12501),
 .UNSPECIFIED.,.F.,.F.,(4,1,4),(0.,0.0532066397933129,0.0978624501996368),
 .UNSPECIFIED.);
#435=B_SPLINE_CURVE_WITH_KNOTS('',3,(#12504,#12505,#12506,#12507,#12508),
 .UNSPECIFIED.,.F.,.F.,(4,1,4),(0.,0.0532066397933129,0.0978624501996368),
 .UNSPECIFIED.);
#436=B_SPLINE_CURVE_WITH_KNOTS('',3,(#12519,#12520,#12521,#12522,#12523),
 .UNSPECIFIED.,.F.,.F.,(4,1,4),(0.,0.0414791139273181,0.0905871708975998),
 .UNSPECIFIED.);
#437=B_SPLINE_CURVE_WITH_KNOTS('',3,(#12524,#12525,#12526,#12527,#12528),
 .UNSPECIFIED.,.F.,.F.,(4,1,4),(0.,0.0414791139273181,0.0905871708975998),
 .UNSPECIFIED.);
#438=B_SPLINE_CURVE_WITH_KNOTS('',3,(#12542,#12543,#12544,#12545,#12546),
 .UNSPECIFIED.,.F.,.F.,(4,1,4),(0.,0.0201770155878691,0.0393044968526654),
 .UNSPECIFIED.);
#439=B_SPLINE_CURVE_WITH_KNOTS('',3,(#12550,#12551,#12552,#12553,#12554),
 .UNSPECIFIED.,.F.,.F.,(4,1,4),(0.,0.0201770155878691,0.0393044968526654),
 .UNSPECIFIED.);
#440=B_SPLINE_CURVE_WITH_KNOTS('',3,(#12567,#12568,#12569,#12570,#12571),
 .UNSPECIFIED.,.F.,.F.,(4,1,4),(0.,0.0244050970221797,0.0493578208915151),
 .UNSPECIFIED.);
#441=B_SPLINE_CURVE_WITH_KNOTS('',3,(#12574,#12575,#12576,#12577,#12578),
 .UNSPECIFIED.,.F.,.F.,(4,1,4),(0.,0.0244050970221797,0.0493578208915151),
 .UNSPECIFIED.);
#442=B_SPLINE_CURVE_WITH_KNOTS('',3,(#12590,#12591,#12592,#12593,#12594),
 .UNSPECIFIED.,.F.,.F.,(4,1,4),(0.,0.0380389554433183,0.0667768968812236),
 .UNSPECIFIED.);
#443=B_SPLINE_CURVE_WITH_KNOTS('',3,(#12597,#12598,#12599,#12600,#12601),
 .UNSPECIFIED.,.F.,.F.,(4,1,4),(0.,0.0380389554433183,0.0667768968812236),
 .UNSPECIFIED.);
#444=B_SPLINE_CURVE_WITH_KNOTS('',3,(#12613,#12614,#12615,#12616,#12617),
 .UNSPECIFIED.,.F.,.F.,(4,1,4),(0.,0.0288740102225343,0.0664982695462736),
 .UNSPECIFIED.);
#445=B_SPLINE_CURVE_WITH_KNOTS('',3,(#12620,#12621,#12622,#12623,#12624),
 .UNSPECIFIED.,.F.,.F.,(4,1,4),(0.,0.0288740102225343,0.0664982695462736),
 .UNSPECIFIED.);
#446=B_SPLINE_CURVE_WITH_KNOTS('',3,(#12636,#12637,#12638,#12639,#12640),
 .UNSPECIFIED.,.F.,.F.,(4,1,4),(0.,0.0257102180151196,0.0506915210014963),
 .UNSPECIFIED.);
#447=B_SPLINE_CURVE_WITH_KNOTS('',3,(#12643,#12644,#12645,#12646,#12647),
 .UNSPECIFIED.,.F.,.F.,(4,1,4),(0.,0.0257102180151196,0.0506915210014963),
 .UNSPECIFIED.);
#448=B_SPLINE_CURVE_WITH_KNOTS('',3,(#12659,#12660,#12661,#12662,#12663),
 .UNSPECIFIED.,.F.,.F.,(4,1,4),(0.,0.0165716437657271,0.0338555670971964),
 .UNSPECIFIED.);
#449=B_SPLINE_CURVE_WITH_KNOTS('',3,(#12666,#12667,#12668,#12669,#12670),
 .UNSPECIFIED.,.F.,.F.,(4,1,4),(0.,0.0165716437657271,0.0338555670971964),
 .UNSPECIFIED.);
#450=B_SPLINE_CURVE_WITH_KNOTS('',3,(#12682,#12683,#12684,#12685,#12686),
 .UNSPECIFIED.,.F.,.F.,(4,1,4),(0.,0.0204514743536195,0.0380849884235646),
 .UNSPECIFIED.);
#451=B_SPLINE_CURVE_WITH_KNOTS('',3,(#12689,#12690,#12691,#12692,#12693),
 .UNSPECIFIED.,.F.,.F.,(4,1,4),(0.,0.0204514743536195,0.0380849884235646),
 .UNSPECIFIED.);
#452=B_SPLINE_CURVE_WITH_KNOTS('',3,(#12711,#12712,#12713,#12714,#12715),
 .UNSPECIFIED.,.F.,.F.,(4,1,4),(0.,0.0284694149236572,0.059448672566535),
 .UNSPECIFIED.);
#453=B_SPLINE_CURVE_WITH_KNOTS('',3,(#12718,#12719,#12720,#12721,#12722),
 .UNSPECIFIED.,.F.,.F.,(4,1,4),(0.,0.0284694149236572,0.059448672566535),
 .UNSPECIFIED.);
#454=B_SPLINE_CURVE_WITH_KNOTS('',3,(#12734,#12735,#12736,#12737,#12738),
 .UNSPECIFIED.,.F.,.F.,(4,1,4),(0.,0.0324892860162629,0.0615159656047829),
 .UNSPECIFIED.);
#455=B_SPLINE_CURVE_WITH_KNOTS('',3,(#12741,#12742,#12743,#12744,#12745),
 .UNSPECIFIED.,.F.,.F.,(4,1,4),(0.,0.0324892860162629,0.0615159656047829),
 .UNSPECIFIED.);
#456=B_SPLINE_CURVE_WITH_KNOTS('',3,(#12757,#12758,#12759,#12760,#12761),
 .UNSPECIFIED.,.F.,.F.,(4,1,4),(0.,0.0267856028585348,0.0539733179428633),
 .UNSPECIFIED.);
#457=B_SPLINE_CURVE_WITH_KNOTS('',3,(#12764,#12765,#12766,#12767,#12768),
 .UNSPECIFIED.,.F.,.F.,(4,1,4),(0.,0.0267856028585348,0.0539733179428633),
 .UNSPECIFIED.);
#458=B_SPLINE_CURVE_WITH_KNOTS('',3,(#12780,#12781,#12782,#12783,#12784),
 .UNSPECIFIED.,.F.,.F.,(4,1,4),(0.,0.0273839695989237,0.0539302493261196),
 .UNSPECIFIED.);
#459=B_SPLINE_CURVE_WITH_KNOTS('',3,(#12787,#12788,#12789,#12790,#12791),
 .UNSPECIFIED.,.F.,.F.,(4,1,4),(0.,0.0273839695989237,0.0539302493261196),
 .UNSPECIFIED.);
#460=B_SPLINE_CURVE_WITH_KNOTS('',3,(#12803,#12804,#12805,#12806,#12807),
 .UNSPECIFIED.,.F.,.F.,(4,1,4),(0.,0.0331265659739551,0.0630329041548511),
 .UNSPECIFIED.);
#461=B_SPLINE_CURVE_WITH_KNOTS('',3,(#12810,#12811,#12812,#12813,#12814),
 .UNSPECIFIED.,.F.,.F.,(4,1,4),(0.,0.0331265659739551,0.0630329041548511),
 .UNSPECIFIED.);
#462=B_SPLINE_CURVE_WITH_KNOTS('',3,(#12826,#12827,#12828,#12829,#12830),
 .UNSPECIFIED.,.F.,.F.,(4,1,4),(0.,0.0408940353133244,0.0894847980763303),
 .UNSPECIFIED.);
#463=B_SPLINE_CURVE_WITH_KNOTS('',3,(#12833,#12834,#12835,#12836,#12837),
 .UNSPECIFIED.,.F.,.F.,(4,1,4),(0.,0.0408940353133244,0.0894847980763303),
 .UNSPECIFIED.);
#464=B_SPLINE_CURVE_WITH_KNOTS('',3,(#12849,#12850,#12851,#12852,#12853),
 .UNSPECIFIED.,.F.,.F.,(4,1,4),(0.,0.0408921091974078,0.0792310183978023),
 .UNSPECIFIED.);
#465=B_SPLINE_CURVE_WITH_KNOTS('',3,(#12856,#12857,#12858,#12859,#12860),
 .UNSPECIFIED.,.F.,.F.,(4,1,4),(0.,0.0408921091974078,0.0792310183978023),
 .UNSPECIFIED.);
#466=B_SPLINE_CURVE_WITH_KNOTS('',3,(#12872,#12873,#12874,#12875,#12876),
 .UNSPECIFIED.,.F.,.F.,(4,1,4),(0.,0.0315354703535533,0.064778793148759),
 .UNSPECIFIED.);
#467=B_SPLINE_CURVE_WITH_KNOTS('',3,(#12879,#12880,#12881,#12882,#12883),
 .UNSPECIFIED.,.F.,.F.,(4,1,4),(0.,0.0315354703535533,0.064778793148759),
 .UNSPECIFIED.);
#468=B_SPLINE_CURVE_WITH_KNOTS('',3,(#12895,#12896,#12897,#12898,#12899),
 .UNSPECIFIED.,.F.,.F.,(4,1,4),(0.,0.0350134471124664,0.067113777374383),
 .UNSPECIFIED.);
#469=B_SPLINE_CURVE_WITH_KNOTS('',3,(#12902,#12903,#12904,#12905,#12906),
 .UNSPECIFIED.,.F.,.F.,(4,1,4),(0.,0.0350134471124664,0.067113777374383),
 .UNSPECIFIED.);
#470=B_SPLINE_CURVE_WITH_KNOTS('',3,(#12923,#12924,#12925,#12926,#12927),
 .UNSPECIFIED.,.F.,.F.,(4,1,4),(0.,0.0206373213655865,0.0455581167073906),
 .UNSPECIFIED.);
#471=B_SPLINE_CURVE_WITH_KNOTS('',3,(#12928,#12929,#12930,#12931,#12932),
 .UNSPECIFIED.,.F.,.F.,(4,1,4),(0.,0.0206373213655865,0.0455581167073906),
 .UNSPECIFIED.);
#472=B_SPLINE_CURVE_WITH_KNOTS('',3,(#12946,#12947,#12948,#12949,#12950),
 .UNSPECIFIED.,.F.,.F.,(4,1,4),(0.,0.0160785171353022,0.0375146363228219),
 .UNSPECIFIED.);
#473=B_SPLINE_CURVE_WITH_KNOTS('',3,(#12954,#12955,#12956,#12957,#12958),
 .UNSPECIFIED.,.F.,.F.,(4,1,4),(0.,0.0160785171353022,0.0375146363228219),
 .UNSPECIFIED.);
#474=B_SPLINE_CURVE_WITH_KNOTS('',3,(#12971,#12972,#12973,#12974,#12975),
 .UNSPECIFIED.,.F.,.F.,(4,1,4),(0.,0.0181166833610759,0.0356780190862441),
 .UNSPECIFIED.);
#475=B_SPLINE_CURVE_WITH_KNOTS('',3,(#12978,#12979,#12980,#12981,#12982),
 .UNSPECIFIED.,.F.,.F.,(4,1,4),(0.,0.0181166833610759,0.0356780190862441),
 .UNSPECIFIED.);
#476=B_SPLINE_CURVE_WITH_KNOTS('',3,(#12994,#12995,#12996,#12997,#12998),
 .UNSPECIFIED.,.F.,.F.,(4,1,4),(0.,0.020240018124594,0.0393165541502688),
 .UNSPECIFIED.);
#477=B_SPLINE_CURVE_WITH_KNOTS('',3,(#13001,#13002,#13003,#13004,#13005),
 .UNSPECIFIED.,.F.,.F.,(4,1,4),(0.,0.020240018124594,0.0393165541502688),
 .UNSPECIFIED.);
#478=B_SPLINE_CURVE_WITH_KNOTS('',3,(#13017,#13018,#13019,#13020,#13021),
 .UNSPECIFIED.,.F.,.F.,(4,1,4),(0.,0.0155871701768629,0.0346494970674715),
 .UNSPECIFIED.);
#479=B_SPLINE_CURVE_WITH_KNOTS('',3,(#13024,#13025,#13026,#13027,#13028),
 .UNSPECIFIED.,.F.,.F.,(4,1,4),(0.,0.0155871701768629,0.0346494970674715),
 .UNSPECIFIED.);
#480=B_SPLINE_CURVE_WITH_KNOTS('',3,(#13040,#13041,#13042,#13043,#13044),
 .UNSPECIFIED.,.F.,.F.,(4,1,4),(0.,0.0137909067868655,0.0276501837426943),
 .UNSPECIFIED.);
#481=B_SPLINE_CURVE_WITH_KNOTS('',3,(#13047,#13048,#13049,#13050,#13051),
 .UNSPECIFIED.,.F.,.F.,(4,1,4),(0.,0.0137909067868655,0.0276501837426943),
 .UNSPECIFIED.);
#482=B_SPLINE_CURVE_WITH_KNOTS('',3,(#13063,#13064,#13065,#13066,#13067),
 .UNSPECIFIED.,.F.,.F.,(4,1,4),(0.,0.00915616716319794,0.0184279746479108),
 .UNSPECIFIED.);
#483=B_SPLINE_CURVE_WITH_KNOTS('',3,(#13070,#13071,#13072,#13073,#13074),
 .UNSPECIFIED.,.F.,.F.,(4,1,4),(0.,0.00915616716319794,0.0184279746479108),
 .UNSPECIFIED.);
#484=B_SPLINE_CURVE_WITH_KNOTS('',3,(#13086,#13087,#13088,#13089,#13090),
 .UNSPECIFIED.,.F.,.F.,(4,1,4),(0.,0.00974335177078169,0.0190371330547209),
 .UNSPECIFIED.);
#485=B_SPLINE_CURVE_WITH_KNOTS('',3,(#13093,#13094,#13095,#13096,#13097),
 .UNSPECIFIED.,.F.,.F.,(4,1,4),(0.,0.00974335177078169,0.0190371330547209),
 .UNSPECIFIED.);
#486=B_SPLINE_CURVE_WITH_KNOTS('',3,(#13109,#13110,#13111,#13112,#13113),
 .UNSPECIFIED.,.F.,.F.,(4,1,4),(0.,0.0196991011741886,0.0330180227481775),
 .UNSPECIFIED.);
#487=B_SPLINE_CURVE_WITH_KNOTS('',3,(#13116,#13117,#13118,#13119,#13120),
 .UNSPECIFIED.,.F.,.F.,(4,1,4),(0.,0.0196991011741886,0.0330180227481775),
 .UNSPECIFIED.);
#488=B_SPLINE_CURVE_WITH_KNOTS('',3,(#13132,#13133,#13134,#13135,#13136),
 .UNSPECIFIED.,.F.,.F.,(4,1,4),(0.,0.0261867433001942,0.0618509914038741),
 .UNSPECIFIED.);
#489=B_SPLINE_CURVE_WITH_KNOTS('',3,(#13139,#13140,#13141,#13142,#13143),
 .UNSPECIFIED.,.F.,.F.,(4,1,4),(0.,0.0261867433001942,0.0618509914038741),
 .UNSPECIFIED.);
#490=B_SPLINE_CURVE_WITH_KNOTS('',3,(#13167,#13168,#13169,#13170,#13171),
 .UNSPECIFIED.,.F.,.F.,(4,1,4),(0.,0.0137801230216208,0.027803144536062),
 .UNSPECIFIED.);
#491=B_SPLINE_CURVE_WITH_KNOTS('',3,(#13174,#13175,#13176,#13177,#13178),
 .UNSPECIFIED.,.F.,.F.,(4,1,4),(0.,0.0137801230216208,0.027803144536062),
 .UNSPECIFIED.);
#492=B_SPLINE_CURVE_WITH_KNOTS('',3,(#13190,#13191,#13192,#13193,#13194),
 .UNSPECIFIED.,.F.,.F.,(4,1,4),(0.,0.0419294383962614,0.0650443112091995),
 .UNSPECIFIED.);
#493=B_SPLINE_CURVE_WITH_KNOTS('',3,(#13197,#13198,#13199,#13200,#13201),
 .UNSPECIFIED.,.F.,.F.,(4,1,4),(0.,0.0419294383962614,0.0650443112091995),
 .UNSPECIFIED.);
#494=B_SPLINE_CURVE_WITH_KNOTS('',3,(#13219,#13220,#13221,#13222,#13223),
 .UNSPECIFIED.,.F.,.F.,(4,1,4),(0.,0.0132712939351773,0.0340471850726778),
 .UNSPECIFIED.);
#495=B_SPLINE_CURVE_WITH_KNOTS('',3,(#13226,#13227,#13228,#13229,#13230),
 .UNSPECIFIED.,.F.,.F.,(4,1,4),(0.,0.0132712939351773,0.0340471850726778),
 .UNSPECIFIED.);
#496=B_SPLINE_CURVE_WITH_KNOTS('',3,(#13242,#13243,#13244,#13245,#13246),
 .UNSPECIFIED.,.F.,.F.,(4,1,4),(0.,0.0132102575647376,0.0277628080971819),
 .UNSPECIFIED.);
#497=B_SPLINE_CURVE_WITH_KNOTS('',3,(#13249,#13250,#13251,#13252,#13253),
 .UNSPECIFIED.,.F.,.F.,(4,1,4),(0.,0.0132102575647376,0.0277628080971819),
 .UNSPECIFIED.);
#498=B_SPLINE_CURVE_WITH_KNOTS('',3,(#13265,#13266,#13267,#13268,#13269),
 .UNSPECIFIED.,.F.,.F.,(4,1,4),(0.,0.0168053610415977,0.0306781796787702),
 .UNSPECIFIED.);
#499=B_SPLINE_CURVE_WITH_KNOTS('',3,(#13272,#13273,#13274,#13275,#13276),
 .UNSPECIFIED.,.F.,.F.,(4,1,4),(0.,0.0168053610415977,0.0306781796787702),
 .UNSPECIFIED.);
#500=B_SPLINE_CURVE_WITH_KNOTS('',3,(#13288,#13289,#13290,#13291,#13292),
 .UNSPECIFIED.,.F.,.F.,(4,1,4),(0.,0.0252747804221509,0.0458723292908963),
 .UNSPECIFIED.);
#501=B_SPLINE_CURVE_WITH_KNOTS('',3,(#13295,#13296,#13297,#13298,#13299),
 .UNSPECIFIED.,.F.,.F.,(4,1,4),(0.,0.0252747804221509,0.0458723292908963),
 .UNSPECIFIED.);
#502=B_SPLINE_CURVE_WITH_KNOTS('',3,(#13311,#13312,#13313,#13314,#13315),
 .UNSPECIFIED.,.F.,.F.,(4,1,4),(0.,0.023680742652267,0.0500976889231926),
 .UNSPECIFIED.);
#503=B_SPLINE_CURVE_WITH_KNOTS('',3,(#13318,#13319,#13320,#13321,#13322),
 .UNSPECIFIED.,.F.,.F.,(4,1,4),(0.,0.023680742652267,0.0500976889231926),
 .UNSPECIFIED.);
#504=B_SPLINE_CURVE_WITH_KNOTS('',3,(#13334,#13335,#13336,#13337,#13338),
 .UNSPECIFIED.,.F.,.F.,(4,1,4),(0.,0.0186488674784143,0.0396063862156842),
 .UNSPECIFIED.);
#505=B_SPLINE_CURVE_WITH_KNOTS('',3,(#13341,#13342,#13343,#13344,#13345),
 .UNSPECIFIED.,.F.,.F.,(4,1,4),(0.,0.0186488674784143,0.0396063862156842),
 .UNSPECIFIED.);
#506=B_SPLINE_CURVE_WITH_KNOTS('',3,(#13357,#13358,#13359,#13360,#13361),
 .UNSPECIFIED.,.F.,.F.,(4,1,4),(0.,0.0218853853055437,0.0409647637591852),
 .UNSPECIFIED.);
#507=B_SPLINE_CURVE_WITH_KNOTS('',3,(#13364,#13365,#13366,#13367,#13368),
 .UNSPECIFIED.,.F.,.F.,(4,1,4),(0.,0.0218853853055437,0.0409647637591852),
 .UNSPECIFIED.);
#508=B_SPLINE_CURVE_WITH_KNOTS('',3,(#13386,#13387,#13388,#13389,#13390),
 .UNSPECIFIED.,.F.,.F.,(4,1,4),(0.,0.0165833186547884,0.0376041627876379),
 .UNSPECIFIED.);
#509=B_SPLINE_CURVE_WITH_KNOTS('',3,(#13393,#13394,#13395,#13396,#13397),
 .UNSPECIFIED.,.F.,.F.,(4,1,4),(0.,0.0165833186547884,0.0376041627876379),
 .UNSPECIFIED.);
#510=B_SPLINE_CURVE_WITH_KNOTS('',3,(#13409,#13410,#13411,#13412,#13413),
 .UNSPECIFIED.,.F.,.F.,(4,1,4),(0.,0.0227013841225781,0.0398985374606529),
 .UNSPECIFIED.);
#511=B_SPLINE_CURVE_WITH_KNOTS('',3,(#13416,#13417,#13418,#13419,#13420),
 .UNSPECIFIED.,.F.,.F.,(4,1,4),(0.,0.0227013841225781,0.0398985374606529),
 .UNSPECIFIED.);
#512=B_SPLINE_CURVE_WITH_KNOTS('',3,(#13432,#13433,#13434,#13435,#13436),
 .UNSPECIFIED.,.F.,.F.,(4,1,4),(0.,0.019889039382508,0.0444909267565312),
 .UNSPECIFIED.);
#513=B_SPLINE_CURVE_WITH_KNOTS('',3,(#13439,#13440,#13441,#13442,#13443),
 .UNSPECIFIED.,.F.,.F.,(4,1,4),(0.,0.019889039382508,0.0444909267565312),
 .UNSPECIFIED.);
#514=B_SPLINE_CURVE_WITH_KNOTS('',3,(#13455,#13456,#13457,#13458,#13459),
 .UNSPECIFIED.,.F.,.F.,(4,1,4),(0.,0.0193614948719098,0.0341389219827489),
 .UNSPECIFIED.);
#515=B_SPLINE_CURVE_WITH_KNOTS('',3,(#13462,#13463,#13464,#13465,#13466),
 .UNSPECIFIED.,.F.,.F.,(4,1,4),(0.,0.0193614948719098,0.0341389219827489),
 .UNSPECIFIED.);
#516=B_SPLINE_CURVE_WITH_KNOTS('',3,(#13478,#13479,#13480,#13481,#13482),
 .UNSPECIFIED.,.F.,.F.,(4,1,4),(0.,0.00619226199347399,0.00962026818961525),
 .UNSPECIFIED.);
#517=B_SPLINE_CURVE_WITH_KNOTS('',3,(#13485,#13486,#13487,#13488,#13489),
 .UNSPECIFIED.,.F.,.F.,(4,1,4),(0.,0.00619226199347399,0.00962026818961525),
 .UNSPECIFIED.);
#518=B_SPLINE_CURVE_WITH_KNOTS('',3,(#13501,#13502,#13503,#13504,#13505),
 .UNSPECIFIED.,.F.,.F.,(4,1,4),(0.,0.0391645060932865,0.0669835565575133),
 .UNSPECIFIED.);
#519=B_SPLINE_CURVE_WITH_KNOTS('',3,(#13508,#13509,#13510,#13511,#13512),
 .UNSPECIFIED.,.F.,.F.,(4,1,4),(0.,0.0391645060932865,0.0669835565575133),
 .UNSPECIFIED.);
#520=B_SPLINE_CURVE_WITH_KNOTS('',3,(#13524,#13525,#13526,#13527,#13528),
 .UNSPECIFIED.,.F.,.F.,(4,1,4),(0.,0.0138963049349133,0.033221199210361),
 .UNSPECIFIED.);
#521=B_SPLINE_CURVE_WITH_KNOTS('',3,(#13531,#13532,#13533,#13534,#13535),
 .UNSPECIFIED.,.F.,.F.,(4,1,4),(0.,0.0138963049349133,0.033221199210361),
 .UNSPECIFIED.);
#522=B_SPLINE_CURVE_WITH_KNOTS('',3,(#13547,#13548,#13549,#13550,#13551),
 .UNSPECIFIED.,.F.,.F.,(4,1,4),(0.,0.0143383000179168,0.0292189118690449),
 .UNSPECIFIED.);
#523=B_SPLINE_CURVE_WITH_KNOTS('',3,(#13554,#13555,#13556,#13557,#13558),
 .UNSPECIFIED.,.F.,.F.,(4,1,4),(0.,0.0143383000179168,0.0292189118690449),
 .UNSPECIFIED.);
#524=B_SPLINE_CURVE_WITH_KNOTS('',3,(#13570,#13571,#13572,#13573,#13574),
 .UNSPECIFIED.,.F.,.F.,(4,1,4),(0.,0.014556005551679,0.0286788623992067),
 .UNSPECIFIED.);
#525=B_SPLINE_CURVE_WITH_KNOTS('',3,(#13577,#13578,#13579,#13580,#13581),
 .UNSPECIFIED.,.F.,.F.,(4,1,4),(0.,0.014556005551679,0.0286788623992067),
 .UNSPECIFIED.);
#526=B_SPLINE_CURVE_WITH_KNOTS('',3,(#13593,#13594,#13595,#13596,#13597),
 .UNSPECIFIED.,.F.,.F.,(4,1,4),(0.,0.0153788023196062,0.030299010991185),
 .UNSPECIFIED.);
#527=B_SPLINE_CURVE_WITH_KNOTS('',3,(#13600,#13601,#13602,#13603,#13604),
 .UNSPECIFIED.,.F.,.F.,(4,1,4),(0.,0.0153788023196062,0.030299010991185),
 .UNSPECIFIED.);
#528=B_SPLINE_CURVE_WITH_KNOTS('',3,(#13616,#13617,#13618,#13619,#13620),
 .UNSPECIFIED.,.F.,.F.,(4,1,4),(0.,0.0246010279341865,0.0498500602127809),
 .UNSPECIFIED.);
#529=B_SPLINE_CURVE_WITH_KNOTS('',3,(#13623,#13624,#13625,#13626,#13627),
 .UNSPECIFIED.,.F.,.F.,(4,1,4),(0.,0.0246010279341865,0.0498500602127809),
 .UNSPECIFIED.);
#530=B_SPLINE_CURVE_WITH_KNOTS('',3,(#13639,#13640,#13641,#13642,#13643),
 .UNSPECIFIED.,.F.,.F.,(4,1,4),(0.,0.0319684631381526,0.0587792662604704),
 .UNSPECIFIED.);
#531=B_SPLINE_CURVE_WITH_KNOTS('',3,(#13646,#13647,#13648,#13649,#13650),
 .UNSPECIFIED.,.F.,.F.,(4,1,4),(0.,0.0319684631381526,0.0587792662604704),
 .UNSPECIFIED.);
#532=B_SPLINE_CURVE_WITH_KNOTS('',3,(#13662,#13663,#13664,#13665,#13666),
 .UNSPECIFIED.,.F.,.F.,(4,1,4),(0.,0.0203417749611139,0.0414190167586455),
 .UNSPECIFIED.);
#533=B_SPLINE_CURVE_WITH_KNOTS('',3,(#13669,#13670,#13671,#13672,#13673),
 .UNSPECIFIED.,.F.,.F.,(4,1,4),(0.,0.0203417749611139,0.0414190167586455),
 .UNSPECIFIED.);
#534=B_SPLINE_CURVE_WITH_KNOTS('',3,(#13685,#13686,#13687,#13688,#13689),
 .UNSPECIFIED.,.F.,.F.,(4,1,4),(0.,0.02496654811997,0.0465875247237858),
 .UNSPECIFIED.);
#535=B_SPLINE_CURVE_WITH_KNOTS('',3,(#13692,#13693,#13694,#13695,#13696),
 .UNSPECIFIED.,.F.,.F.,(4,1,4),(0.,0.02496654811997,0.0465875247237858),
 .UNSPECIFIED.);
#536=B_SPLINE_CURVE_WITH_KNOTS('',3,(#13707,#13708,#13709,#13710,#13711),
 .UNSPECIFIED.,.F.,.F.,(4,1,4),(0.,0.0132929147797714,0.0279129107405598),
 .UNSPECIFIED.);
#537=B_SPLINE_CURVE_WITH_KNOTS('',3,(#13712,#13713,#13714,#13715,#13716),
 .UNSPECIFIED.,.F.,.F.,(4,1,4),(0.,0.0132929147797714,0.0279129107405598),
 .UNSPECIFIED.);
#538=B_SPLINE_CURVE_WITH_KNOTS('',3,(#13730,#13731,#13732,#13733,#13734),
 .UNSPECIFIED.,.F.,.F.,(4,1,4),(0.,0.0375794148607376,0.067851051068089),
 .UNSPECIFIED.);
#539=B_SPLINE_CURVE_WITH_KNOTS('',3,(#13738,#13739,#13740,#13741,#13742),
 .UNSPECIFIED.,.F.,.F.,(4,1,4),(0.,0.0375794148607376,0.067851051068089),
 .UNSPECIFIED.);
#540=B_SPLINE_CURVE_WITH_KNOTS('',3,(#13755,#13756,#13757,#13758,#13759),
 .UNSPECIFIED.,.F.,.F.,(4,1,4),(0.,0.0225980783628824,0.0469496526177282),
 .UNSPECIFIED.);
#541=B_SPLINE_CURVE_WITH_KNOTS('',3,(#13762,#13763,#13764,#13765,#13766),
 .UNSPECIFIED.,.F.,.F.,(4,1,4),(0.,0.0225980783628824,0.0469496526177282),
 .UNSPECIFIED.);
#542=B_SPLINE_CURVE_WITH_KNOTS('',3,(#13778,#13779,#13780,#13781,#13782),
 .UNSPECIFIED.,.F.,.F.,(4,1,4),(0.,0.0195022507547142,0.0403619367051591),
 .UNSPECIFIED.);
#543=B_SPLINE_CURVE_WITH_KNOTS('',3,(#13785,#13786,#13787,#13788,#13789),
 .UNSPECIFIED.,.F.,.F.,(4,1,4),(0.,0.0195022507547142,0.0403619367051591),
 .UNSPECIFIED.);
#544=B_SPLINE_CURVE_WITH_KNOTS('',3,(#13801,#13802,#13803,#13804,#13805),
 .UNSPECIFIED.,.F.,.F.,(4,1,4),(0.,0.0180808893587523,0.0367186627165472),
 .UNSPECIFIED.);
#545=B_SPLINE_CURVE_WITH_KNOTS('',3,(#13808,#13809,#13810,#13811,#13812),
 .UNSPECIFIED.,.F.,.F.,(4,1,4),(0.,0.0180808893587523,0.0367186627165472),
 .UNSPECIFIED.);
#546=B_SPLINE_CURVE_WITH_KNOTS('',3,(#13824,#13825,#13826,#13827,#13828),
 .UNSPECIFIED.,.F.,.F.,(4,1,4),(0.,0.01567897101009,0.0331103076223085),
 .UNSPECIFIED.);
#547=B_SPLINE_CURVE_WITH_KNOTS('',3,(#13831,#13832,#13833,#13834,#13835),
 .UNSPECIFIED.,.F.,.F.,(4,1,4),(0.,0.01567897101009,0.0331103076223085),
 .UNSPECIFIED.);
#548=B_SPLINE_CURVE_WITH_KNOTS('',3,(#13847,#13848,#13849,#13850,#13851),
 .UNSPECIFIED.,.F.,.F.,(4,1,4),(0.,0.0160211974231457,0.0313317475677323),
 .UNSPECIFIED.);
#549=B_SPLINE_CURVE_WITH_KNOTS('',3,(#13854,#13855,#13856,#13857,#13858),
 .UNSPECIFIED.,.F.,.F.,(4,1,4),(0.,0.0160211974231457,0.0313317475677323),
 .UNSPECIFIED.);
#550=B_SPLINE_CURVE_WITH_KNOTS('',3,(#13870,#13871,#13872,#13873,#13874),
 .UNSPECIFIED.,.F.,.F.,(4,1,4),(0.,0.0345076307558298,0.0571776698443103),
 .UNSPECIFIED.);
#551=B_SPLINE_CURVE_WITH_KNOTS('',3,(#13877,#13878,#13879,#13880,#13881),
 .UNSPECIFIED.,.F.,.F.,(4,1,4),(0.,0.0345076307558298,0.0571776698443103),
 .UNSPECIFIED.);
#552=B_SPLINE_CURVE_WITH_KNOTS('',3,(#13893,#13894,#13895,#13896,#13897),
 .UNSPECIFIED.,.F.,.F.,(4,1,4),(0.,0.0114081170779597,0.0338749029464122),
 .UNSPECIFIED.);
#553=B_SPLINE_CURVE_WITH_KNOTS('',3,(#13900,#13901,#13902,#13903,#13904),
 .UNSPECIFIED.,.F.,.F.,(4,1,4),(0.,0.0114081170779597,0.0338749029464122),
 .UNSPECIFIED.);
#554=B_SPLINE_CURVE_WITH_KNOTS('',3,(#13916,#13917,#13918,#13919,#13920),
 .UNSPECIFIED.,.F.,.F.,(4,1,4),(0.,0.0079263990266981,0.017354938234362),
 .UNSPECIFIED.);
#555=B_SPLINE_CURVE_WITH_KNOTS('',3,(#13923,#13924,#13925,#13926,#13927),
 .UNSPECIFIED.,.F.,.F.,(4,1,4),(0.,0.0079263990266981,0.017354938234362),
 .UNSPECIFIED.);
#556=B_SPLINE_CURVE_WITH_KNOTS('',3,(#13939,#13940,#13941,#13942,#13943),
 .UNSPECIFIED.,.F.,.F.,(4,1,4),(0.,0.00689670225809415,0.0138583580619935),
 .UNSPECIFIED.);
#557=B_SPLINE_CURVE_WITH_KNOTS('',3,(#13946,#13947,#13948,#13949,#13950),
 .UNSPECIFIED.,.F.,.F.,(4,1,4),(0.,0.00689670225809415,0.0138583580619935),
 .UNSPECIFIED.);
#558=B_SPLINE_CURVE_WITH_KNOTS('',3,(#13962,#13963,#13964,#13965,#13966),
 .UNSPECIFIED.,.F.,.F.,(4,1,4),(0.,0.0122104317879977,0.0230925273879582),
 .UNSPECIFIED.);
#559=B_SPLINE_CURVE_WITH_KNOTS('',3,(#13969,#13970,#13971,#13972,#13973),
 .UNSPECIFIED.,.F.,.F.,(4,1,4),(0.,0.0122104317879977,0.0230925273879582),
 .UNSPECIFIED.);
#560=B_SPLINE_CURVE_WITH_KNOTS('',3,(#13985,#13986,#13987,#13988,#13989),
 .UNSPECIFIED.,.F.,.F.,(4,1,4),(0.,0.0218437031069147,0.0376302733536966),
 .UNSPECIFIED.);
#561=B_SPLINE_CURVE_WITH_KNOTS('',3,(#13992,#13993,#13994,#13995,#13996),
 .UNSPECIFIED.,.F.,.F.,(4,1,4),(0.,0.0218437031069147,0.0376302733536966),
 .UNSPECIFIED.);
#562=B_SPLINE_CURVE_WITH_KNOTS('',3,(#14008,#14009,#14010,#14011,#14012),
 .UNSPECIFIED.,.F.,.F.,(4,1,4),(0.,0.0158554436578056,0.035057119042347),
 .UNSPECIFIED.);
#563=B_SPLINE_CURVE_WITH_KNOTS('',3,(#14015,#14016,#14017,#14018,#14019),
 .UNSPECIFIED.,.F.,.F.,(4,1,4),(0.,0.0158554436578056,0.035057119042347),
 .UNSPECIFIED.);
#564=B_SPLINE_CURVE_WITH_KNOTS('',3,(#14031,#14032,#14033,#14034,#14035),
 .UNSPECIFIED.,.F.,.F.,(4,1,4),(0.,0.0156857710093665,0.0303749185666711),
 .UNSPECIFIED.);
#565=B_SPLINE_CURVE_WITH_KNOTS('',3,(#14038,#14039,#14040,#14041,#14042),
 .UNSPECIFIED.,.F.,.F.,(4,1,4),(0.,0.0156857710093665,0.0303749185666711),
 .UNSPECIFIED.);
#566=B_SPLINE_CURVE_WITH_KNOTS('',3,(#14060,#14061,#14062,#14063,#14064),
 .UNSPECIFIED.,.F.,.F.,(4,1,4),(0.,0.0166375253360257,0.0362181044287358),
 .UNSPECIFIED.);
#567=B_SPLINE_CURVE_WITH_KNOTS('',3,(#14067,#14068,#14069,#14070,#14071),
 .UNSPECIFIED.,.F.,.F.,(4,1,4),(0.,0.0166375253360257,0.0362181044287358),
 .UNSPECIFIED.);
#568=B_SPLINE_CURVE_WITH_KNOTS('',3,(#14083,#14084,#14085,#14086,#14087),
 .UNSPECIFIED.,.F.,.F.,(4,1,4),(0.,0.0189112114064133,0.035193371545519),
 .UNSPECIFIED.);
#569=B_SPLINE_CURVE_WITH_KNOTS('',3,(#14090,#14091,#14092,#14093,#14094),
 .UNSPECIFIED.,.F.,.F.,(4,1,4),(0.,0.0189112114064133,0.035193371545519),
 .UNSPECIFIED.);
#570=B_SPLINE_CURVE_WITH_KNOTS('',3,(#14106,#14107,#14108,#14109,#14110),
 .UNSPECIFIED.,.F.,.F.,(4,1,4),(0.,0.0240899262364314,0.045706736576105),
 .UNSPECIFIED.);
#571=B_SPLINE_CURVE_WITH_KNOTS('',3,(#14113,#14114,#14115,#14116,#14117),
 .UNSPECIFIED.,.F.,.F.,(4,1,4),(0.,0.0240899262364314,0.045706736576105),
 .UNSPECIFIED.);
#572=B_SPLINE_CURVE_WITH_KNOTS('',3,(#14129,#14130,#14131,#14132,#14133),
 .UNSPECIFIED.,.F.,.F.,(4,1,4),(0.,0.0157236200485432,0.0322081398772847),
 .UNSPECIFIED.);
#573=B_SPLINE_CURVE_WITH_KNOTS('',3,(#14136,#14137,#14138,#14139,#14140),
 .UNSPECIFIED.,.F.,.F.,(4,1,4),(0.,0.0157236200485432,0.0322081398772847),
 .UNSPECIFIED.);
#574=B_SPLINE_CURVE_WITH_KNOTS('',3,(#14152,#14153,#14154,#14155,#14156),
 .UNSPECIFIED.,.F.,.F.,(4,1,4),(0.,0.0117234941297448,0.0258699496564612),
 .UNSPECIFIED.);
#575=B_SPLINE_CURVE_WITH_KNOTS('',3,(#14159,#14160,#14161,#14162,#14163),
 .UNSPECIFIED.,.F.,.F.,(4,1,4),(0.,0.0117234941297448,0.0258699496564612),
 .UNSPECIFIED.);
#576=B_SPLINE_CURVE_WITH_KNOTS('',3,(#14175,#14176,#14177,#14178,#14179),
 .UNSPECIFIED.,.F.,.F.,(4,1,4),(0.,0.0137869550051049,0.0275887533282625),
 .UNSPECIFIED.);
#577=B_SPLINE_CURVE_WITH_KNOTS('',3,(#14182,#14183,#14184,#14185,#14186),
 .UNSPECIFIED.,.F.,.F.,(4,1,4),(0.,0.0137869550051049,0.0275887533282625),
 .UNSPECIFIED.);
#578=B_SPLINE_CURVE_WITH_KNOTS('',3,(#14198,#14199,#14200,#14201,#14202),
 .UNSPECIFIED.,.F.,.F.,(4,1,4),(0.,0.0140906009040378,0.0279380009121881),
 .UNSPECIFIED.);
#579=B_SPLINE_CURVE_WITH_KNOTS('',3,(#14205,#14206,#14207,#14208,#14209),
 .UNSPECIFIED.,.F.,.F.,(4,1,4),(0.,0.0140906009040378,0.0279380009121881),
 .UNSPECIFIED.);
#580=B_SPLINE_CURVE_WITH_KNOTS('',3,(#14221,#14222,#14223,#14224,#14225),
 .UNSPECIFIED.,.F.,.F.,(4,1,4),(0.,0.0151552226150429,0.0305595003865707),
 .UNSPECIFIED.);
#581=B_SPLINE_CURVE_WITH_KNOTS('',3,(#14228,#14229,#14230,#14231,#14232),
 .UNSPECIFIED.,.F.,.F.,(4,1,4),(0.,0.0151552226150429,0.0305595003865707),
 .UNSPECIFIED.);
#582=B_SPLINE_CURVE_WITH_KNOTS('',3,(#14244,#14245,#14246,#14247,#14248),
 .UNSPECIFIED.,.F.,.F.,(4,1,4),(0.,0.0163899628594432,0.0318165362358894),
 .UNSPECIFIED.);
#583=B_SPLINE_CURVE_WITH_KNOTS('',3,(#14251,#14252,#14253,#14254,#14255),
 .UNSPECIFIED.,.F.,.F.,(4,1,4),(0.,0.0163899628594432,0.0318165362358894),
 .UNSPECIFIED.);
#584=B_SPLINE_CURVE_WITH_KNOTS('',3,(#14267,#14268,#14269,#14270,#14271),
 .UNSPECIFIED.,.F.,.F.,(4,1,4),(0.,0.0356047699117489,0.0589481622312188),
 .UNSPECIFIED.);
#585=B_SPLINE_CURVE_WITH_KNOTS('',3,(#14274,#14275,#14276,#14277,#14278),
 .UNSPECIFIED.,.F.,.F.,(4,1,4),(0.,0.0356047699117489,0.0589481622312188),
 .UNSPECIFIED.);
#586=B_SPLINE_CURVE_WITH_KNOTS('',3,(#14290,#14291,#14292,#14293,#14294),
 .UNSPECIFIED.,.F.,.F.,(4,1,4),(0.,0.0143287764398054,0.039739714516602),
 .UNSPECIFIED.);
#587=B_SPLINE_CURVE_WITH_KNOTS('',3,(#14297,#14298,#14299,#14300,#14301),
 .UNSPECIFIED.,.F.,.F.,(4,1,4),(0.,0.0143287764398054,0.039739714516602),
 .UNSPECIFIED.);
#588=B_SPLINE_CURVE_WITH_KNOTS('',3,(#14313,#14314,#14315,#14316,#14317),
 .UNSPECIFIED.,.F.,.F.,(4,1,4),(0.,0.0114776796824477,0.0232373539286612),
 .UNSPECIFIED.);
#589=B_SPLINE_CURVE_WITH_KNOTS('',3,(#14320,#14321,#14322,#14323,#14324),
 .UNSPECIFIED.,.F.,.F.,(4,1,4),(0.,0.0114776796824477,0.0232373539286612),
 .UNSPECIFIED.);
#590=B_SPLINE_CURVE_WITH_KNOTS('',3,(#14336,#14337,#14338,#14339,#14340),
 .UNSPECIFIED.,.F.,.F.,(4,1,4),(0.,0.0145225417148257,0.0278995845984593),
 .UNSPECIFIED.);
#591=B_SPLINE_CURVE_WITH_KNOTS('',3,(#14343,#14344,#14345,#14346,#14347),
 .UNSPECIFIED.,.F.,.F.,(4,1,4),(0.,0.0145225417148257,0.0278995845984593),
 .UNSPECIFIED.);
#592=B_SPLINE_CURVE_WITH_KNOTS('',3,(#14359,#14360,#14361,#14362,#14363),
 .UNSPECIFIED.,.F.,.F.,(4,1,4),(0.,0.0222514794936859,0.0396283059288614),
 .UNSPECIFIED.);
#593=B_SPLINE_CURVE_WITH_KNOTS('',3,(#14366,#14367,#14368,#14369,#14370),
 .UNSPECIFIED.,.F.,.F.,(4,1,4),(0.,0.0222514794936859,0.0396283059288614),
 .UNSPECIFIED.);
#594=B_SPLINE_CURVE_WITH_KNOTS('',3,(#14382,#14383,#14384,#14385,#14386),
 .UNSPECIFIED.,.F.,.F.,(4,1,4),(0.,0.0189465299153767,0.0415180716498049),
 .UNSPECIFIED.);
#595=B_SPLINE_CURVE_WITH_KNOTS('',3,(#14389,#14390,#14391,#14392,#14393),
 .UNSPECIFIED.,.F.,.F.,(4,1,4),(0.,0.0189465299153767,0.0415180716498049),
 .UNSPECIFIED.);
#596=B_SPLINE_CURVE_WITH_KNOTS('',3,(#14405,#14406,#14407,#14408,#14409),
 .UNSPECIFIED.,.F.,.F.,(4,1,4),(0.,0.0201912633871101,0.0383442077501837),
 .UNSPECIFIED.);
#597=B_SPLINE_CURVE_WITH_KNOTS('',3,(#14412,#14413,#14414,#14415,#14416),
 .UNSPECIFIED.,.F.,.F.,(4,1,4),(0.,0.0201912633871101,0.0383442077501837),
 .UNSPECIFIED.);
#598=B_SPLINE_CURVE_WITH_KNOTS('',3,(#14433,#14434,#14435,#14436,#14437),
 .UNSPECIFIED.,.F.,.F.,(4,1,4),(0.,0.0284250988982193,0.0604172855039258),
 .UNSPECIFIED.);
#599=B_SPLINE_CURVE_WITH_KNOTS('',3,(#14438,#14439,#14440,#14441,#14442),
 .UNSPECIFIED.,.F.,.F.,(4,1,4),(0.,0.0284250988982193,0.0604172855039258),
 .UNSPECIFIED.);
#600=B_SPLINE_CURVE_WITH_KNOTS('',3,(#14456,#14457,#14458,#14459,#14460),
 .UNSPECIFIED.,.F.,.F.,(4,1,4),(0.,0.023737235986232,0.0468728716583153),
 .UNSPECIFIED.);
#601=B_SPLINE_CURVE_WITH_KNOTS('',3,(#14464,#14465,#14466,#14467,#14468),
 .UNSPECIFIED.,.F.,.F.,(4,1,4),(0.,0.023737235986232,0.0468728716583153),
 .UNSPECIFIED.);
#602=B_SPLINE_CURVE_WITH_KNOTS('',3,(#14481,#14482,#14483,#14484,#14485),
 .UNSPECIFIED.,.F.,.F.,(4,1,4),(0.,0.0257515951335246,0.0517286434815048),
 .UNSPECIFIED.);
#603=B_SPLINE_CURVE_WITH_KNOTS('',3,(#14488,#14489,#14490,#14491,#14492),
 .UNSPECIFIED.,.F.,.F.,(4,1,4),(0.,0.0257515951335246,0.0517286434815048),
 .UNSPECIFIED.);
#604=B_SPLINE_CURVE_WITH_KNOTS('',3,(#14504,#14505,#14506,#14507,#14508),
 .UNSPECIFIED.,.F.,.F.,(4,1,4),(0.,0.0244511428162575,0.0439069361792198),
 .UNSPECIFIED.);
#605=B_SPLINE_CURVE_WITH_KNOTS('',3,(#14511,#14512,#14513,#14514,#14515),
 .UNSPECIFIED.,.F.,.F.,(4,1,4),(0.,0.0244511428162575,0.0439069361792198),
 .UNSPECIFIED.);
#606=B_SPLINE_CURVE_WITH_KNOTS('',3,(#14532,#14533,#14534,#14535,#14536),
 .UNSPECIFIED.,.F.,.F.,(4,1,4),(0.,0.0239659851580716,0.050174104884988),
 .UNSPECIFIED.);
#607=B_SPLINE_CURVE_WITH_KNOTS('',3,(#14537,#14538,#14539,#14540,#14541),
 .UNSPECIFIED.,.F.,.F.,(4,1,4),(0.,0.0239659851580716,0.050174104884988),
 .UNSPECIFIED.);
#608=B_SPLINE_CURVE_WITH_KNOTS('',3,(#14554,#14555,#14556,#14557,#14558),
 .UNSPECIFIED.,.F.,.F.,(4,1,4),(0.,0.0189631186462206,0.0366717704119834),
 .UNSPECIFIED.);
#609=B_SPLINE_CURVE_WITH_KNOTS('',3,(#14562,#14563,#14564,#14565,#14566),
 .UNSPECIFIED.,.F.,.F.,(4,1,4),(0.,0.0189631186462206,0.0366717704119834),
 .UNSPECIFIED.);
#610=B_SPLINE_CURVE_WITH_KNOTS('',3,(#14579,#14580,#14581,#14582,#14583),
 .UNSPECIFIED.,.F.,.F.,(4,1,4),(0.,0.0249500649369839,0.0503652600981428),
 .UNSPECIFIED.);
#611=B_SPLINE_CURVE_WITH_KNOTS('',3,(#14586,#14587,#14588,#14589,#14590),
 .UNSPECIFIED.,.F.,.F.,(4,1,4),(0.,0.0249500649369839,0.0503652600981428),
 .UNSPECIFIED.);
#612=B_SPLINE_CURVE_WITH_KNOTS('',3,(#14602,#14603,#14604,#14605,#14606),
 .UNSPECIFIED.,.F.,.F.,(4,1,4),(0.,0.0321974580339033,0.0594057588434067),
 .UNSPECIFIED.);
#613=B_SPLINE_CURVE_WITH_KNOTS('',3,(#14609,#14610,#14611,#14612,#14613),
 .UNSPECIFIED.,.F.,.F.,(4,1,4),(0.,0.0321974580339033,0.0594057588434067),
 .UNSPECIFIED.);
#614=B_SPLINE_CURVE_WITH_KNOTS('',3,(#14631,#14632,#14633,#14634,#14635),
 .UNSPECIFIED.,.F.,.F.,(4,1,4),(0.,0.00409307317972851,0.00982501072583059),
 .UNSPECIFIED.);
#615=B_SPLINE_CURVE_WITH_KNOTS('',3,(#14638,#14639,#14640,#14641,#14642),
 .UNSPECIFIED.,.F.,.F.,(4,1,4),(0.,0.00409307317972851,0.00982501072583059),
 .UNSPECIFIED.);
#616=B_SPLINE_CURVE_WITH_KNOTS('',3,(#14654,#14655,#14656,#14657,#14658),
 .UNSPECIFIED.,.F.,.F.,(4,1,4),(0.,0.0412852066231044,0.0895648622259748),
 .UNSPECIFIED.);
#617=B_SPLINE_CURVE_WITH_KNOTS('',3,(#14661,#14662,#14663,#14664,#14665),
 .UNSPECIFIED.,.F.,.F.,(4,1,4),(0.,0.0412852066231044,0.0895648622259748),
 .UNSPECIFIED.);
#618=B_SPLINE_CURVE_WITH_KNOTS('',3,(#14677,#14678,#14679,#14680,#14681),
 .UNSPECIFIED.,.F.,.F.,(4,1,4),(0.,0.0402863713053131,0.0789499349317239),
 .UNSPECIFIED.);
#619=B_SPLINE_CURVE_WITH_KNOTS('',3,(#14684,#14685,#14686,#14687,#14688),
 .UNSPECIFIED.,.F.,.F.,(4,1,4),(0.,0.0402863713053131,0.0789499349317239),
 .UNSPECIFIED.);
#620=B_SPLINE_CURVE_WITH_KNOTS('',3,(#14700,#14701,#14702,#14703,#14704),
 .UNSPECIFIED.,.F.,.F.,(4,1,4),(0.,0.0395981050601165,0.081119666438593),
 .UNSPECIFIED.);
#621=B_SPLINE_CURVE_WITH_KNOTS('',3,(#14707,#14708,#14709,#14710,#14711),
 .UNSPECIFIED.,.F.,.F.,(4,1,4),(0.,0.0395981050601165,0.081119666438593),
 .UNSPECIFIED.);
#622=B_SPLINE_CURVE_WITH_KNOTS('',3,(#14723,#14724,#14725,#14726,#14727),
 .UNSPECIFIED.,.F.,.F.,(4,1,4),(0.,0.0492130109715511,0.0913487934075415),
 .UNSPECIFIED.);
#623=B_SPLINE_CURVE_WITH_KNOTS('',3,(#14730,#14731,#14732,#14733,#14734),
 .UNSPECIFIED.,.F.,.F.,(4,1,4),(0.,0.0492130109715511,0.0913487934075415),
 .UNSPECIFIED.);
#624=B_SPLINE_CURVE_WITH_KNOTS('',3,(#14746,#14747,#14748,#14749,#14750),
 .UNSPECIFIED.,.F.,.F.,(4,1,4),(0.,0.0410267080124624,0.0886340718111158),
 .UNSPECIFIED.);
#625=B_SPLINE_CURVE_WITH_KNOTS('',3,(#14753,#14754,#14755,#14756,#14757),
 .UNSPECIFIED.,.F.,.F.,(4,1,4),(0.,0.0410267080124624,0.0886340718111158),
 .UNSPECIFIED.);
#626=B_SPLINE_CURVE_WITH_KNOTS('',3,(#14769,#14770,#14771,#14772,#14773),
 .UNSPECIFIED.,.F.,.F.,(4,1,4),(0.,0.0433697369206314,0.0829362186972543),
 .UNSPECIFIED.);
#627=B_SPLINE_CURVE_WITH_KNOTS('',3,(#14776,#14777,#14778,#14779,#14780),
 .UNSPECIFIED.,.F.,.F.,(4,1,4),(0.,0.0433697369206314,0.0829362186972543),
 .UNSPECIFIED.);
#628=B_SPLINE_CURVE_WITH_KNOTS('',3,(#14792,#14793,#14794,#14795,#14796),
 .UNSPECIFIED.,.F.,.F.,(4,1,4),(0.,0.030978619467986,0.0657662598518931),
 .UNSPECIFIED.);
#629=B_SPLINE_CURVE_WITH_KNOTS('',3,(#14799,#14800,#14801,#14802,#14803),
 .UNSPECIFIED.,.F.,.F.,(4,1,4),(0.,0.030978619467986,0.0657662598518931),
 .UNSPECIFIED.);
#630=B_SPLINE_CURVE_WITH_KNOTS('',3,(#14815,#14816,#14817,#14818,#14819),
 .UNSPECIFIED.,.F.,.F.,(4,1,4),(0.,0.0322850220379922,0.06247739110643),
 .UNSPECIFIED.);
#631=B_SPLINE_CURVE_WITH_KNOTS('',3,(#14822,#14823,#14824,#14825,#14826),
 .UNSPECIFIED.,.F.,.F.,(4,1,4),(0.,0.0322850220379922,0.06247739110643),
 .UNSPECIFIED.);
#632=B_SPLINE_CURVE_WITH_KNOTS('',3,(#14843,#14844,#14845,#14846,#14847),
 .UNSPECIFIED.,.F.,.F.,(4,1,4),(0.,0.0188598813475618,0.0413051997512943),
 .UNSPECIFIED.);
#633=B_SPLINE_CURVE_WITH_KNOTS('',3,(#14848,#14849,#14850,#14851,#14852),
 .UNSPECIFIED.,.F.,.F.,(4,1,4),(0.,0.0188598813475618,0.0413051997512943),
 .UNSPECIFIED.);
#634=B_SPLINE_CURVE_WITH_KNOTS('',3,(#14866,#14867,#14868,#14869,#14870),
 .UNSPECIFIED.,.F.,.F.,(4,1,4),(0.,0.0227045330862772,0.0466887549143104),
 .UNSPECIFIED.);
#635=B_SPLINE_CURVE_WITH_KNOTS('',3,(#14874,#14875,#14876,#14877,#14878),
 .UNSPECIFIED.,.F.,.F.,(4,1,4),(0.,0.0227045330862772,0.0466887549143104),
 .UNSPECIFIED.);
#636=B_SPLINE_CURVE_WITH_KNOTS('',3,(#14891,#14892,#14893,#14894,#14895),
 .UNSPECIFIED.,.F.,.F.,(4,1,4),(0.,0.0254681052100283,0.0487089447788416),
 .UNSPECIFIED.);
#637=B_SPLINE_CURVE_WITH_KNOTS('',3,(#14898,#14899,#14900,#14901,#14902),
 .UNSPECIFIED.,.F.,.F.,(4,1,4),(0.,0.0254681052100283,0.0487089447788416),
 .UNSPECIFIED.);
#638=B_SPLINE_CURVE_WITH_KNOTS('',3,(#14914,#14915,#14916,#14917,#14918),
 .UNSPECIFIED.,.F.,.F.,(4,1,4),(0.,0.0382742891266579,0.0686699658558157),
 .UNSPECIFIED.);
#639=B_SPLINE_CURVE_WITH_KNOTS('',3,(#14921,#14922,#14923,#14924,#14925),
 .UNSPECIFIED.,.F.,.F.,(4,1,4),(0.,0.0382742891266579,0.0686699658558157),
 .UNSPECIFIED.);
#640=B_SPLINE_CURVE_WITH_KNOTS('',3,(#14937,#14938,#14939,#14940,#14941),
 .UNSPECIFIED.,.F.,.F.,(4,1,4),(0.,0.0281876674055918,0.06397083241999),
 .UNSPECIFIED.);
#641=B_SPLINE_CURVE_WITH_KNOTS('',3,(#14944,#14945,#14946,#14947,#14948),
 .UNSPECIFIED.,.F.,.F.,(4,1,4),(0.,0.0281876674055918,0.06397083241999),
 .UNSPECIFIED.);
#642=B_SPLINE_CURVE_WITH_KNOTS('',3,(#14960,#14961,#14962,#14963,#14964),
 .UNSPECIFIED.,.F.,.F.,(4,1,4),(0.,0.0224572913776884,0.0463468224921909),
 .UNSPECIFIED.);
#643=B_SPLINE_CURVE_WITH_KNOTS('',3,(#14967,#14968,#14969,#14970,#14971),
 .UNSPECIFIED.,.F.,.F.,(4,1,4),(0.,0.0224572913776884,0.0463468224921909),
 .UNSPECIFIED.);
#644=B_SPLINE_CURVE_WITH_KNOTS('',3,(#14983,#14984,#14985,#14986,#14987),
 .UNSPECIFIED.,.F.,.F.,(4,1,4),(0.,0.0249290121128464,0.0483410145545221),
 .UNSPECIFIED.);
#645=B_SPLINE_CURVE_WITH_KNOTS('',3,(#14990,#14991,#14992,#14993,#14994),
 .UNSPECIFIED.,.F.,.F.,(4,1,4),(0.,0.0249290121128464,0.0483410145545221),
 .UNSPECIFIED.);
#646=B_SPLINE_CURVE_WITH_KNOTS('',3,(#15006,#15007,#15008,#15009,#15010),
 .UNSPECIFIED.,.F.,.F.,(4,1,4),(0.,0.036969750772588,0.0663239752390874),
 .UNSPECIFIED.);
#647=B_SPLINE_CURVE_WITH_KNOTS('',3,(#15013,#15014,#15015,#15016,#15017),
 .UNSPECIFIED.,.F.,.F.,(4,1,4),(0.,0.036969750772588,0.0663239752390874),
 .UNSPECIFIED.);
#648=B_SPLINE_CURVE_WITH_KNOTS('',3,(#15028,#15029,#15030,#15031,#15032),
 .UNSPECIFIED.,.F.,.F.,(4,1,4),(0.,0.0289117700489821,0.0666174358225253),
 .UNSPECIFIED.);
#649=B_SPLINE_CURVE_WITH_KNOTS('',3,(#15033,#15034,#15035,#15036,#15037),
 .UNSPECIFIED.,.F.,.F.,(4,1,4),(0.,0.0289117700489821,0.0666174358225253),
 .UNSPECIFIED.);
#650=B_SPLINE_CURVE_WITH_KNOTS('',3,(#15070,#15071,#15072,#15073,#15074),
 .UNSPECIFIED.,.F.,.F.,(4,1,4),(0.,0.0370040782201474,0.0744346044129625),
 .UNSPECIFIED.);
#651=B_SPLINE_CURVE_WITH_KNOTS('',3,(#15077,#15078,#15079,#15080,#15081),
 .UNSPECIFIED.,.F.,.F.,(4,1,4),(0.,0.0370040782201474,0.0744346044129625),
 .UNSPECIFIED.);
#652=B_SPLINE_CURVE_WITH_KNOTS('',3,(#15093,#15094,#15095,#15096,#15097),
 .UNSPECIFIED.,.F.,.F.,(4,1,4),(0.,0.0247698492168988,0.049731469802202),
 .UNSPECIFIED.);
#653=B_SPLINE_CURVE_WITH_KNOTS('',3,(#15100,#15101,#15102,#15103,#15104),
 .UNSPECIFIED.,.F.,.F.,(4,1,4),(0.,0.0247698492168988,0.049731469802202),
 .UNSPECIFIED.);
#654=B_SPLINE_CURVE_WITH_KNOTS('',3,(#15116,#15117,#15118,#15119,#15120),
 .UNSPECIFIED.,.F.,.F.,(4,1,4),(0.,0.026747536420464,0.0519685592982613),
 .UNSPECIFIED.);
#655=B_SPLINE_CURVE_WITH_KNOTS('',3,(#15123,#15124,#15125,#15126,#15127),
 .UNSPECIFIED.,.F.,.F.,(4,1,4),(0.,0.026747536420464,0.0519685592982613),
 .UNSPECIFIED.);
#656=B_SPLINE_CURVE_WITH_KNOTS('',3,(#15139,#15140,#15141,#15142,#15143),
 .UNSPECIFIED.,.F.,.F.,(4,1,4),(0.,0.0311834215761028,0.0601418899053244),
 .UNSPECIFIED.);
#657=B_SPLINE_CURVE_WITH_KNOTS('',3,(#15146,#15147,#15148,#15149,#15150),
 .UNSPECIFIED.,.F.,.F.,(4,1,4),(0.,0.0311834215761028,0.0601418899053244),
 .UNSPECIFIED.);
#658=B_SPLINE_CURVE_WITH_KNOTS('',3,(#15162,#15163,#15164,#15165,#15166),
 .UNSPECIFIED.,.F.,.F.,(4,1,4),(0.,0.0421980548004405,0.0907924816323533),
 .UNSPECIFIED.);
#659=B_SPLINE_CURVE_WITH_KNOTS('',3,(#15169,#15170,#15171,#15172,#15173),
 .UNSPECIFIED.,.F.,.F.,(4,1,4),(0.,0.0421980548004405,0.0907924816323533),
 .UNSPECIFIED.);
#660=B_SPLINE_CURVE_WITH_KNOTS('',3,(#15185,#15186,#15187,#15188,#15189),
 .UNSPECIFIED.,.F.,.F.,(4,1,4),(0.,0.0368105202880354,0.0752112970227412),
 .UNSPECIFIED.);
#661=B_SPLINE_CURVE_WITH_KNOTS('',3,(#15192,#15193,#15194,#15195,#15196),
 .UNSPECIFIED.,.F.,.F.,(4,1,4),(0.,0.0368105202880354,0.0752112970227412),
 .UNSPECIFIED.);
#662=B_SPLINE_CURVE_WITH_KNOTS('',3,(#15208,#15209,#15210,#15211,#15212),
 .UNSPECIFIED.,.F.,.F.,(4,1,4),(0.,0.0170232530723722,0.0340488341997536),
 .UNSPECIFIED.);
#663=B_SPLINE_CURVE_WITH_KNOTS('',3,(#15215,#15216,#15217,#15218,#15219),
 .UNSPECIFIED.,.F.,.F.,(4,1,4),(0.,0.0170232530723722,0.0340488341997536),
 .UNSPECIFIED.);
#664=B_SPLINE_CURVE_WITH_KNOTS('',3,(#15231,#15232,#15233,#15234,#15235),
 .UNSPECIFIED.,.F.,.F.,(4,1,4),(0.,0.0151122816099421,0.0315367112971506),
 .UNSPECIFIED.);
#665=B_SPLINE_CURVE_WITH_KNOTS('',3,(#15238,#15239,#15240,#15241,#15242),
 .UNSPECIFIED.,.F.,.F.,(4,1,4),(0.,0.0151122816099421,0.0315367112971506),
 .UNSPECIFIED.);
#666=B_SPLINE_SURFACE_WITH_KNOTS('',3,1,((#8981,#8982),(#8983,#8984),(#8985,
#8986),(#8987,#8988),(#8989,#8990)),.UNSPECIFIED.,.F.,.F.,.F.,(4,1,4),(2,
2),(0.,0.0184942060091581,0.0430716245197807),(0.,0.002),.UNSPECIFIED.);
#667=B_SPLINE_SURFACE_WITH_KNOTS('',3,1,((#9004,#9005),(#9006,#9007),(#9008,
#9009),(#9010,#9011),(#9012,#9013)),.UNSPECIFIED.,.F.,.F.,.F.,(4,1,4),(2,
2),(0.,0.0159518129124263,0.03138272379633),(0.,0.002),.UNSPECIFIED.);
#668=B_SPLINE_SURFACE_WITH_KNOTS('',3,1,((#9027,#9028),(#9029,#9030),(#9031,
#9032),(#9033,#9034),(#9035,#9036)),.UNSPECIFIED.,.F.,.F.,.F.,(4,1,4),(2,
2),(0.,0.0162038307917792,0.0325378054170379),(0.,0.002),.UNSPECIFIED.);
#669=B_SPLINE_SURFACE_WITH_KNOTS('',3,1,((#9050,#9051),(#9052,#9053),(#9054,
#9055),(#9056,#9057),(#9058,#9059)),.UNSPECIFIED.,.F.,.F.,.F.,(4,1,4),(2,
2),(0.,0.0140365948919207,0.0294223054827507),(0.,0.002),.UNSPECIFIED.);
#670=B_SPLINE_SURFACE_WITH_KNOTS('',3,1,((#9073,#9074),(#9075,#9076),(#9077,
#9078),(#9079,#9080),(#9081,#9082)),.UNSPECIFIED.,.F.,.F.,.F.,(4,1,4),(2,
2),(0.,0.0140570949300658,0.0276100592235949),(0.,0.002),.UNSPECIFIED.);
#671=B_SPLINE_SURFACE_WITH_KNOTS('',3,1,((#9096,#9097),(#9098,#9099),(#9100,
#9101),(#9102,#9103),(#9104,#9105)),.UNSPECIFIED.,.F.,.F.,.F.,(4,1,4),(2,
2),(0.,0.0241538883963414,0.0389842672980871),(0.,0.002),.UNSPECIFIED.);
#672=B_SPLINE_SURFACE_WITH_KNOTS('',3,1,((#9137,#9138),(#9139,#9140),(#9141,
#9142),(#9143,#9144),(#9145,#9146)),.UNSPECIFIED.,.F.,.F.,.F.,(4,1,4),(2,
2),(0.,0.014119031218964,0.0344883194558887),(0.,0.002),.UNSPECIFIED.);
#673=B_SPLINE_SURFACE_WITH_KNOTS('',3,1,((#9160,#9161),(#9162,#9163),(#9164,
#9165),(#9166,#9167),(#9168,#9169)),.UNSPECIFIED.,.F.,.F.,.F.,(4,1,4),(2,
2),(0.,0.0141866935503368,0.0297570793955511),(0.,0.002),.UNSPECIFIED.);
#674=B_SPLINE_SURFACE_WITH_KNOTS('',3,1,((#9183,#9184),(#9185,#9186),(#9187,
#9188),(#9189,#9190),(#9191,#9192)),.UNSPECIFIED.,.F.,.F.,.F.,(4,1,4),(2,
2),(0.,0.0167396338492244,0.0311916730736695),(0.,0.002),.UNSPECIFIED.);
#675=B_SPLINE_SURFACE_WITH_KNOTS('',3,1,((#9206,#9207),(#9208,#9209),(#9210,
#9211),(#9212,#9213),(#9214,#9215)),.UNSPECIFIED.,.F.,.F.,.F.,(4,1,4),(2,
2),(0.,0.0186875087517407,0.0368651089200663),(0.,0.002),.UNSPECIFIED.);
#676=B_SPLINE_SURFACE_WITH_KNOTS('',3,1,((#9229,#9230),(#9231,#9232),(#9233,
#9234),(#9235,#9236),(#9237,#9238)),.UNSPECIFIED.,.F.,.F.,.F.,(4,1,4),(2,
2),(0.,0.040729773971734,0.080836072975847),(0.,0.002),.UNSPECIFIED.);
#677=B_SPLINE_SURFACE_WITH_KNOTS('',3,1,((#9296,#9297),(#9298,#9299),(#9300,
#9301),(#9302,#9303),(#9304,#9305)),.UNSPECIFIED.,.F.,.F.,.F.,(4,1,4),(2,
2),(0.,0.0197442425378027,0.0459799635615542),(0.,0.002),.UNSPECIFIED.);
#678=B_SPLINE_SURFACE_WITH_KNOTS('',3,1,((#9319,#9320),(#9321,#9322),(#9323,
#9324),(#9325,#9326),(#9327,#9328)),.UNSPECIFIED.,.F.,.F.,.F.,(4,1,4),(2,
2),(0.,0.0152035823744029,0.0310872144820263),(0.,0.002),.UNSPECIFIED.);
#679=B_SPLINE_SURFACE_WITH_KNOTS('',3,1,((#9342,#9343),(#9344,#9345),(#9346,
#9347),(#9348,#9349),(#9350,#9351)),.UNSPECIFIED.,.F.,.F.,.F.,(4,1,4),(2,
2),(0.,0.015103464203252,0.0301960141456638),(0.,0.002),.UNSPECIFIED.);
#680=B_SPLINE_SURFACE_WITH_KNOTS('',3,1,((#9365,#9366),(#9367,#9368),(#9369,
#9370),(#9371,#9372),(#9373,#9374)),.UNSPECIFIED.,.F.,.F.,.F.,(4,1,4),(2,
2),(0.,0.0150224731992688,0.0328870684784017),(0.,0.002),.UNSPECIFIED.);
#681=B_SPLINE_SURFACE_WITH_KNOTS('',3,1,((#9388,#9389),(#9390,#9391),(#9392,
#9393),(#9394,#9395),(#9396,#9397)),.UNSPECIFIED.,.F.,.F.,.F.,(4,1,4),(2,
2),(0.,0.0216046467022257,0.0383725373816371),(0.,0.002),.UNSPECIFIED.);
#682=B_SPLINE_SURFACE_WITH_KNOTS('',3,1,((#9429,#9430),(#9431,#9432),(#9433,
#9434),(#9435,#9436),(#9437,#9438)),.UNSPECIFIED.,.F.,.F.,.F.,(4,1,4),(2,
2),(0.,0.0228472108327207,0.0520753538826626),(0.,0.002),.UNSPECIFIED.);
#683=B_SPLINE_SURFACE_WITH_KNOTS('',3,1,((#9452,#9453),(#9454,#9455),(#9456,
#9457),(#9458,#9459),(#9460,#9461)),.UNSPECIFIED.,.F.,.F.,.F.,(4,1,4),(2,
2),(0.,0.0213189124753781,0.0418789964415013),(0.,0.002),.UNSPECIFIED.);
#684=B_SPLINE_SURFACE_WITH_KNOTS('',3,1,((#9475,#9476),(#9477,#9478),(#9479,
#9480),(#9481,#9482),(#9483,#9484)),.UNSPECIFIED.,.F.,.F.,.F.,(4,1,4),(2,
2),(0.,0.0111580773555741,0.0231194865685091),(0.,0.002),.UNSPECIFIED.);
#685=B_SPLINE_SURFACE_WITH_KNOTS('',3,1,((#9498,#9499),(#9500,#9501),(#9502,
#9503),(#9504,#9505),(#9506,#9507)),.UNSPECIFIED.,.F.,.F.,.F.,(4,1,4),(2,
2),(0.,0.0101180735375915,0.0206363586748982),(0.,0.002),.UNSPECIFIED.);
#686=B_SPLINE_SURFACE_WITH_KNOTS('',3,1,((#9521,#9522),(#9523,#9524),(#9525,
#9526),(#9527,#9528),(#9529,#9530)),.UNSPECIFIED.,.F.,.F.,.F.,(4,1,4),(2,
2),(0.,0.0190268506986469,0.032120761281949),(0.,0.002),.UNSPECIFIED.);
#687=B_SPLINE_SURFACE_WITH_KNOTS('',3,1,((#9562,#9563),(#9564,#9565),(#9566,
#9567),(#9568,#9569),(#9570,#9571)),.UNSPECIFIED.,.F.,.F.,.F.,(4,1,4),(2,
2),(0.,0.0262167335107312,0.0589167767544564),(0.,0.002),.UNSPECIFIED.);
#688=B_SPLINE_SURFACE_WITH_KNOTS('',3,1,((#9585,#9586),(#9587,#9588),(#9589,
#9590),(#9591,#9592),(#9593,#9594)),.UNSPECIFIED.,.F.,.F.,.F.,(4,1,4),(2,
2),(0.,0.0289464427319619,0.0539820223663469),(0.,0.002),.UNSPECIFIED.);
#689=B_SPLINE_SURFACE_WITH_KNOTS('',3,1,((#9608,#9609),(#9610,#9611),(#9612,
#9613),(#9614,#9615),(#9616,#9617)),.UNSPECIFIED.,.F.,.F.,.F.,(4,1,4),(2,
2),(0.,0.041175185073015,0.0798140639126567),(0.,0.002),.UNSPECIFIED.);
#690=B_SPLINE_SURFACE_WITH_KNOTS('',3,1,((#9631,#9632),(#9633,#9634),(#9635,
#9636),(#9637,#9638),(#9639,#9640)),.UNSPECIFIED.,.F.,.F.,.F.,(4,1,4),(2,
2),(0.,0.0178349607625816,0.0360207839829991),(0.,0.002),.UNSPECIFIED.);
#691=B_SPLINE_SURFACE_WITH_KNOTS('',3,1,((#9654,#9655),(#9656,#9657),(#9658,
#9659),(#9660,#9661),(#9662,#9663)),.UNSPECIFIED.,.F.,.F.,.F.,(4,1,4),(2,
2),(0.,0.0221155898018751,0.0412775282573928),(0.,0.002),.UNSPECIFIED.);
#692=B_SPLINE_SURFACE_WITH_KNOTS('',3,1,((#9677,#9678),(#9679,#9680),(#9681,
#9682),(#9683,#9684),(#9685,#9686)),.UNSPECIFIED.,.F.,.F.,.F.,(4,1,4),(2,
2),(0.,0.0195702297765379,0.0402286643963409),(0.,0.002),.UNSPECIFIED.);
#693=B_SPLINE_SURFACE_WITH_KNOTS('',3,1,((#9700,#9701),(#9702,#9703),(#9704,
#9705),(#9706,#9707),(#9708,#9709)),.UNSPECIFIED.,.F.,.F.,.F.,(4,1,4),(2,
2),(0.,0.0186947135940647,0.0377011090014056),(0.,0.002),.UNSPECIFIED.);
#694=B_SPLINE_SURFACE_WITH_KNOTS('',3,1,((#9745,#9746),(#9747,#9748),(#9749,
#9750),(#9751,#9752),(#9753,#9754)),.UNSPECIFIED.,.F.,.F.,.F.,(4,1,4),(2,
2),(0.,0.023086770169517,0.0469250274953972),(0.,0.002),.UNSPECIFIED.);
#695=B_SPLINE_SURFACE_WITH_KNOTS('',3,1,((#9771,#9772),(#9773,#9774),(#9775,
#9776),(#9777,#9778),(#9779,#9780)),.UNSPECIFIED.,.F.,.F.,.F.,(4,1,4),(2,
2),(0.,0.0247616935596274,0.048517157013022),(0.,0.002),.UNSPECIFIED.);
#696=B_SPLINE_SURFACE_WITH_KNOTS('',3,1,((#9794,#9795),(#9796,#9797),(#9798,
#9799),(#9800,#9801),(#9802,#9803)),.UNSPECIFIED.,.F.,.F.,.F.,(4,1,4),(2,
2),(0.,0.0389146748930212,0.0686612337618374),(0.,0.002),.UNSPECIFIED.);
#697=B_SPLINE_SURFACE_WITH_KNOTS('',3,1,((#9817,#9818),(#9819,#9820),(#9821,
#9822),(#9823,#9824),(#9825,#9826)),.UNSPECIFIED.,.F.,.F.,.F.,(4,1,4),(2,
2),(0.,0.0279705160106589,0.0635474467972632),(0.,0.002),.UNSPECIFIED.);
#698=B_SPLINE_SURFACE_WITH_KNOTS('',3,1,((#9840,#9841),(#9842,#9843),(#9844,
#9845),(#9846,#9847),(#9848,#9849)),.UNSPECIFIED.,.F.,.F.,.F.,(4,1,4),(2,
2),(0.,0.0228704502343504,0.0467241161243286),(0.,0.002),.UNSPECIFIED.);
#699=B_SPLINE_SURFACE_WITH_KNOTS('',3,1,((#9863,#9864),(#9865,#9866),(#9867,
#9868),(#9869,#9870),(#9871,#9872)),.UNSPECIFIED.,.F.,.F.,.F.,(4,1,4),(2,
2),(0.,0.0246647602616353,0.0476108446557074),(0.,0.002),.UNSPECIFIED.);
#700=B_SPLINE_SURFACE_WITH_KNOTS('',3,1,((#9886,#9887),(#9888,#9889),(#9890,
#9891),(#9892,#9893),(#9894,#9895)),.UNSPECIFIED.,.F.,.F.,.F.,(4,1,4),(2,
2),(0.,0.0367412391733018,0.06584446446984),(0.,0.002),.UNSPECIFIED.);
#701=B_SPLINE_SURFACE_WITH_KNOTS('',3,1,((#9909,#9910),(#9911,#9912),(#9913,
#9914),(#9915,#9916),(#9917,#9918)),.UNSPECIFIED.,.F.,.F.,.F.,(4,1,4),(2,
2),(0.,0.0286378800839704,0.0662615930800961),(0.,0.002),.UNSPECIFIED.);
#702=B_SPLINE_SURFACE_WITH_KNOTS('',3,1,((#9950,#9951),(#9952,#9953),(#9954,
#9955),(#9956,#9957),(#9958,#9959)),.UNSPECIFIED.,.F.,.F.,.F.,(4,1,4),(2,
2),(0.,0.016872406836322,0.0332205976652251),(0.,0.002),.UNSPECIFIED.);
#703=B_SPLINE_SURFACE_WITH_KNOTS('',3,1,((#9973,#9974),(#9975,#9976),(#9977,
#9978),(#9979,#9980),(#9981,#9982)),.UNSPECIFIED.,.F.,.F.,.F.,(4,1,4),(2,
2),(0.,0.0186861288857907,0.0362454014593103),(0.,0.002),.UNSPECIFIED.);
#704=B_SPLINE_SURFACE_WITH_KNOTS('',3,1,((#9996,#9997),(#9998,#9999),(#10000,
#10001),(#10002,#10003),(#10004,#10005)),.UNSPECIFIED.,.F.,.F.,.F.,(4,1,
4),(2,2),(0.,0.0252942766649134,0.0510658509097895),(0.,0.002),
 .UNSPECIFIED.);
#705=B_SPLINE_SURFACE_WITH_KNOTS('',3,1,((#10019,#10020),(#10021,#10022),
(#10023,#10024),(#10025,#10026),(#10027,#10028)),.UNSPECIFIED.,.F.,.F.,
 .F.,(4,1,4),(2,2),(0.,0.0270484272091294,0.0526728939011095),(0.,0.002),
 .UNSPECIFIED.);
#706=B_SPLINE_SURFACE_WITH_KNOTS('',3,1,((#10042,#10043),(#10044,#10045),
(#10046,#10047),(#10048,#10049),(#10050,#10051)),.UNSPECIFIED.,.F.,.F.,
 .F.,(4,1,4),(2,2),(0.,0.031146524738854,0.0603136623715789),(0.,0.002),
 .UNSPECIFIED.);
#707=B_SPLINE_SURFACE_WITH_KNOTS('',3,1,((#10065,#10066),(#10067,#10068),
(#10069,#10070),(#10071,#10072),(#10073,#10074)),.UNSPECIFIED.,.F.,.F.,
 .F.,(4,1,4),(2,2),(0.,0.0290241871848449,0.0606039620781403),(0.,0.002),
 .UNSPECIFIED.);
#708=B_SPLINE_SURFACE_WITH_KNOTS('',3,1,((#10088,#10089),(#10090,#10091),
(#10092,#10093),(#10094,#10095),(#10096,#10097)),.UNSPECIFIED.,.F.,.F.,
 .F.,(4,1,4),(2,2),(0.,0.0258568597260034,0.0528741796321256),(0.,0.002),
 .UNSPECIFIED.);
#709=B_SPLINE_SURFACE_WITH_KNOTS('',3,1,((#10111,#10112),(#10113,#10114),
(#10115,#10116),(#10117,#10118),(#10119,#10120)),.UNSPECIFIED.,.F.,.F.,
 .F.,(4,1,4),(2,2),(0.,0.0251960500242747,0.050439053541726),(0.,0.002),
 .UNSPECIFIED.);
#710=B_SPLINE_SURFACE_WITH_KNOTS('',3,1,((#10134,#10135),(#10136,#10137),
(#10138,#10139),(#10140,#10141),(#10142,#10143)),.UNSPECIFIED.,.F.,.F.,
 .F.,(4,1,4),(2,2),(0.,0.0352101789775276,0.071374113378552),(0.,0.002),
 .UNSPECIFIED.);
#711=B_SPLINE_SURFACE_WITH_KNOTS('',3,1,((#10176,#10177),(#10178,#10179),
(#10180,#10181),(#10182,#10183),(#10184,#10185)),.UNSPECIFIED.,.F.,.F.,
 .F.,(4,1,4),(2,2),(0.,0.0210752593216567,0.0435356506152042),(0.,0.002),
 .UNSPECIFIED.);
#712=B_SPLINE_SURFACE_WITH_KNOTS('',3,1,((#10199,#10200),(#10201,#10202),
(#10203,#10204),(#10205,#10206),(#10207,#10208)),.UNSPECIFIED.,.F.,.F.,
 .F.,(4,1,4),(2,2),(0.,0.0119599188928973,0.0246830734332839),(0.,0.002),
 .UNSPECIFIED.);
#713=B_SPLINE_SURFACE_WITH_KNOTS('',3,1,((#10222,#10223),(#10224,#10225),
(#10226,#10227),(#10228,#10229),(#10230,#10231)),.UNSPECIFIED.,.F.,.F.,
 .F.,(4,1,4),(2,2),(0.,0.0116027292468923,0.0231949515486619),(0.,0.002),
 .UNSPECIFIED.);
#714=B_SPLINE_SURFACE_WITH_KNOTS('',3,1,((#10245,#10246),(#10247,#10248),
(#10249,#10250),(#10251,#10252),(#10253,#10254)),.UNSPECIFIED.,.F.,.F.,
 .F.,(4,1,4),(2,2),(0.,0.0147730895220083,0.0284258396106519),(0.,0.002),
 .UNSPECIFIED.);
#715=B_SPLINE_SURFACE_WITH_KNOTS('',3,1,((#10274,#10275),(#10276,#10277),
(#10278,#10279),(#10280,#10281),(#10282,#10283)),.UNSPECIFIED.,.F.,.F.,
 .F.,(4,1,4),(2,2),(0.,0.0190085443122328,0.0400652574187498),(0.,0.002),
 .UNSPECIFIED.);
#716=B_SPLINE_SURFACE_WITH_KNOTS('',3,1,((#10297,#10298),(#10299,#10300),
(#10301,#10302),(#10303,#10304),(#10305,#10306)),.UNSPECIFIED.,.F.,.F.,
 .F.,(4,1,4),(2,2),(0.,0.0125611057733368,0.0250527099868716),(0.,0.002),
 .UNSPECIFIED.);
#717=B_SPLINE_SURFACE_WITH_KNOTS('',3,1,((#10320,#10321),(#10322,#10323),
(#10324,#10325),(#10326,#10327),(#10328,#10329)),.UNSPECIFIED.,.F.,.F.,
 .F.,(4,1,4),(2,2),(0.,0.0227362633098013,0.0386715731466579),(0.,0.002),
 .UNSPECIFIED.);
#718=B_SPLINE_SURFACE_WITH_KNOTS('',3,1,((#10365,#10366),(#10367,#10368),
(#10369,#10370),(#10371,#10372),(#10373,#10374)),.UNSPECIFIED.,.F.,.F.,
 .F.,(4,1,4),(2,2),(0.,0.0231130184699492,0.0479626639390623),(0.,0.002),
 .UNSPECIFIED.);
#719=B_SPLINE_SURFACE_WITH_KNOTS('',3,1,((#10391,#10392),(#10393,#10394),
(#10395,#10396),(#10397,#10398),(#10399,#10400)),.UNSPECIFIED.,.F.,.F.,
 .F.,(4,1,4),(2,2),(0.,0.0240543208009344,0.0468028939025281),(0.,0.002),
 .UNSPECIFIED.);
#720=B_SPLINE_SURFACE_WITH_KNOTS('',3,1,((#10414,#10415),(#10416,#10417),
(#10418,#10419),(#10420,#10421),(#10422,#10423)),.UNSPECIFIED.,.F.,.F.,
 .F.,(4,1,4),(2,2),(0.,0.0372284110233068,0.0660000032095335),(0.,0.002),
 .UNSPECIFIED.);
#721=B_SPLINE_SURFACE_WITH_KNOTS('',3,1,((#10437,#10438),(#10439,#10440),
(#10441,#10442),(#10443,#10444),(#10445,#10446)),.UNSPECIFIED.,.F.,.F.,
 .F.,(4,1,4),(2,2),(0.,0.0292629695205544,0.0659279180249924),(0.,0.002),
 .UNSPECIFIED.);
#722=B_SPLINE_SURFACE_WITH_KNOTS('',3,1,((#10460,#10461),(#10462,#10463),
(#10464,#10465),(#10466,#10467),(#10468,#10469)),.UNSPECIFIED.,.F.,.F.,
 .F.,(4,1,4),(2,2),(0.,0.0231128888462108,0.0479625343153239),(0.,0.002),
 .UNSPECIFIED.);
#723=B_SPLINE_SURFACE_WITH_KNOTS('',3,1,((#10483,#10484),(#10485,#10486),
(#10487,#10488),(#10489,#10490),(#10491,#10492)),.UNSPECIFIED.,.F.,.F.,
 .F.,(4,1,4),(2,2),(0.,0.0295617052232193,0.0570987154120445),(0.,0.002),
 .UNSPECIFIED.);
#724=B_SPLINE_SURFACE_WITH_KNOTS('',3,1,((#10506,#10507),(#10508,#10509),
(#10510,#10511),(#10512,#10513),(#10514,#10515)),.UNSPECIFIED.,.F.,.F.,
 .F.,(4,1,4),(2,2),(0.,0.033767996422137,0.0579406650194529),(0.,0.002),
 .UNSPECIFIED.);
#725=B_SPLINE_SURFACE_WITH_KNOTS('',3,1,((#10529,#10530),(#10531,#10532),
(#10533,#10534),(#10535,#10536),(#10537,#10538)),.UNSPECIFIED.,.F.,.F.,
 .F.,(4,1,4),(2,2),(0.,0.0288527172687646,0.0641467724348664),(0.,0.002),
 .UNSPECIFIED.);
#726=B_SPLINE_SURFACE_WITH_KNOTS('',3,1,((#10549,#10550),(#10551,#10552),
(#10553,#10554),(#10555,#10556),(#10557,#10558)),.UNSPECIFIED.,.F.,.F.,
 .F.,(4,1,4),(2,2),(0.,0.035255241711168,0.0707336611634834),(0.,0.002),
 .UNSPECIFIED.);
#727=B_SPLINE_SURFACE_WITH_KNOTS('',3,1,((#10575,#10576),(#10577,#10578),
(#10579,#10580),(#10581,#10582),(#10583,#10584)),.UNSPECIFIED.,.F.,.F.,
 .F.,(4,1,4),(2,2),(0.,0.0380321757472017,0.0747461928343155),(0.,0.002),
 .UNSPECIFIED.);
#728=B_SPLINE_SURFACE_WITH_KNOTS('',3,1,((#10598,#10599),(#10600,#10601),
(#10602,#10603),(#10604,#10605),(#10606,#10607)),.UNSPECIFIED.,.F.,.F.,
 .F.,(4,1,4),(2,2),(0.,0.0500017551127946,0.0922641825688963),(0.,0.002),
 .UNSPECIFIED.);
#729=B_SPLINE_SURFACE_WITH_KNOTS('',3,1,((#10621,#10622),(#10623,#10624),
(#10625,#10626),(#10627,#10628),(#10629,#10630)),.UNSPECIFIED.,.F.,.F.,
 .F.,(4,1,4),(2,2),(0.,0.0219414443945611,0.0448172933047234),(0.,0.002),
 .UNSPECIFIED.);
#730=B_SPLINE_SURFACE_WITH_KNOTS('',3,1,((#10644,#10645),(#10646,#10647),
(#10648,#10649),(#10650,#10651),(#10652,#10653)),.UNSPECIFIED.,.F.,.F.,
 .F.,(4,1,4),(2,2),(0.,0.0191519241162553,0.039838805510925),(0.,0.002),
 .UNSPECIFIED.);
#731=B_SPLINE_SURFACE_WITH_KNOTS('',3,1,((#10667,#10668),(#10669,#10670),
(#10671,#10672),(#10673,#10674),(#10675,#10676)),.UNSPECIFIED.,.F.,.F.,
 .F.,(4,1,4),(2,2),(0.,0.0189953392975058,0.0374812658809161),(0.,0.002),
 .UNSPECIFIED.);
#732=B_SPLINE_SURFACE_WITH_KNOTS('',3,1,((#10690,#10691),(#10692,#10693),
(#10694,#10695),(#10696,#10697),(#10698,#10699)),.UNSPECIFIED.,.F.,.F.,
 .F.,(4,1,4),(2,2),(0.,0.0196216430257088,0.0390355754322336),(0.,0.002),
 .UNSPECIFIED.);
#733=B_SPLINE_SURFACE_WITH_KNOTS('',3,1,((#10713,#10714),(#10715,#10716),
(#10717,#10718),(#10719,#10720),(#10721,#10722)),.UNSPECIFIED.,.F.,.F.,
 .F.,(4,1,4),(2,2),(0.,0.034448376242537,0.0682475905751443),(0.,0.002),
 .UNSPECIFIED.);
#734=B_SPLINE_SURFACE_WITH_KNOTS('',3,1,((#10764,#10765),(#10766,#10767),
(#10768,#10769),(#10770,#10771),(#10772,#10773)),.UNSPECIFIED.,.F.,.F.,
 .F.,(4,1,4),(2,2),(0.,0.0160784841357341,0.0375146074486444),(0.,0.002),
 .UNSPECIFIED.);
#735=B_SPLINE_SURFACE_WITH_KNOTS('',3,1,((#10790,#10791),(#10792,#10793),
(#10794,#10795),(#10796,#10797),(#10798,#10799)),.UNSPECIFIED.,.F.,.F.,
 .F.,(4,1,4),(2,2),(0.,0.0181166597125352,0.0356779954377033),(0.,0.002),
 .UNSPECIFIED.);
#736=B_SPLINE_SURFACE_WITH_KNOTS('',3,1,((#10813,#10814),(#10815,#10816),
(#10817,#10818),(#10819,#10820),(#10821,#10822)),.UNSPECIFIED.,.F.,.F.,
 .F.,(4,1,4),(2,2),(0.,0.020240018124594,0.0393165541502688),(0.,0.002),
 .UNSPECIFIED.);
#737=B_SPLINE_SURFACE_WITH_KNOTS('',3,1,((#10836,#10837),(#10838,#10839),
(#10840,#10841),(#10842,#10843),(#10844,#10845)),.UNSPECIFIED.,.F.,.F.,
 .F.,(4,1,4),(2,2),(0.,0.0155871964404406,0.0346495233310493),(0.,0.002),
 .UNSPECIFIED.);
#738=B_SPLINE_SURFACE_WITH_KNOTS('',3,1,((#10859,#10860),(#10861,#10862),
(#10863,#10864),(#10865,#10866),(#10867,#10868)),.UNSPECIFIED.,.F.,.F.,
 .F.,(4,1,4),(2,2),(0.,0.0137909067868655,0.0276502197165193),(0.,0.002),
 .UNSPECIFIED.);
#739=B_SPLINE_SURFACE_WITH_KNOTS('',3,1,((#10882,#10883),(#10884,#10885),
(#10886,#10887),(#10888,#10889),(#10890,#10891)),.UNSPECIFIED.,.F.,.F.,
 .F.,(4,1,4),(2,2),(0.,0.00915616716319794,0.0184279746479108),(0.,0.002),
 .UNSPECIFIED.);
#740=B_SPLINE_SURFACE_WITH_KNOTS('',3,1,((#10905,#10906),(#10907,#10908),
(#10909,#10910),(#10911,#10912),(#10913,#10914)),.UNSPECIFIED.,.F.,.F.,
 .F.,(4,1,4),(2,2),(0.,0.00974327525037846,0.0190371359363602),(0.,0.002),
 .UNSPECIFIED.);
#741=B_SPLINE_SURFACE_WITH_KNOTS('',3,1,((#10928,#10929),(#10930,#10931),
(#10932,#10933),(#10934,#10935),(#10936,#10937)),.UNSPECIFIED.,.F.,.F.,
 .F.,(4,1,4),(2,2),(0.,0.0196991305080934,0.0330179950737603),(0.,0.002),
 .UNSPECIFIED.);
#742=B_SPLINE_SURFACE_WITH_KNOTS('',3,1,((#10951,#10952),(#10953,#10954),
(#10955,#10956),(#10957,#10958),(#10959,#10960)),.UNSPECIFIED.,.F.,.F.,
 .F.,(4,1,4),(2,2),(0.,0.0261866862414607,0.061850992999276),(0.,0.002),
 .UNSPECIFIED.);
#743=B_SPLINE_SURFACE_WITH_KNOTS('',3,1,((#10986,#10987),(#10988,#10989),
(#10990,#10991),(#10992,#10993),(#10994,#10995)),.UNSPECIFIED.,.F.,.F.,
 .F.,(4,1,4),(2,2),(0.,0.013780138179937,0.0278031350135102),(0.,0.002),
 .UNSPECIFIED.);
#744=B_SPLINE_SURFACE_WITH_KNOTS('',3,1,((#11009,#11010),(#11011,#11012),
(#11013,#11014),(#11015,#11016),(#11017,#11018)),.UNSPECIFIED.,.F.,.F.,
 .F.,(4,1,4),(2,2),(0.,0.0419294383962614,0.0650443112091995),(0.,0.002),
 .UNSPECIFIED.);
#745=B_SPLINE_SURFACE_WITH_KNOTS('',3,1,((#11038,#11039),(#11040,#11041),
(#11042,#11043),(#11044,#11045),(#11046,#11047)),.UNSPECIFIED.,.F.,.F.,
 .F.,(4,1,4),(2,2),(0.,0.0132712877313827,0.0340471801899571),(0.,0.002),
 .UNSPECIFIED.);
#746=B_SPLINE_SURFACE_WITH_KNOTS('',3,1,((#11061,#11062),(#11063,#11064),
(#11065,#11066),(#11067,#11068),(#11069,#11070)),.UNSPECIFIED.,.F.,.F.,
 .F.,(4,1,4),(2,2),(0.,0.0132102575647376,0.0277628080971819),(0.,0.002),
 .UNSPECIFIED.);
#747=B_SPLINE_SURFACE_WITH_KNOTS('',3,1,((#11084,#11085),(#11086,#11087),
(#11088,#11089),(#11090,#11091),(#11092,#11093)),.UNSPECIFIED.,.F.,.F.,
 .F.,(4,1,4),(2,2),(0.,0.0168054145696417,0.0306781881462544),(0.,0.002),
 .UNSPECIFIED.);
#748=B_SPLINE_SURFACE_WITH_KNOTS('',3,1,((#11107,#11108),(#11109,#11110),
(#11111,#11112),(#11113,#11114),(#11115,#11116)),.UNSPECIFIED.,.F.,.F.,
 .F.,(4,1,4),(2,2),(0.,0.0252747804221509,0.0458723292908963),(0.,0.002),
 .UNSPECIFIED.);
#749=B_SPLINE_SURFACE_WITH_KNOTS('',3,1,((#11130,#11131),(#11132,#11133),
(#11134,#11135),(#11136,#11137),(#11138,#11139)),.UNSPECIFIED.,.F.,.F.,
 .F.,(4,1,4),(2,2),(0.,0.023680742652267,0.0500976591995658),(0.,0.002),
 .UNSPECIFIED.);
#750=B_SPLINE_SURFACE_WITH_KNOTS('',3,1,((#11153,#11154),(#11155,#11156),
(#11157,#11158),(#11159,#11160),(#11161,#11162)),.UNSPECIFIED.,.F.,.F.,
 .F.,(4,1,4),(2,2),(0.,0.0186488234931913,0.0396063422304613),(0.,0.002),
 .UNSPECIFIED.);
#751=B_SPLINE_SURFACE_WITH_KNOTS('',3,1,((#11176,#11177),(#11178,#11179),
(#11180,#11181),(#11182,#11183),(#11184,#11185)),.UNSPECIFIED.,.F.,.F.,
 .F.,(4,1,4),(2,2),(0.,0.0218853853055437,0.0409647637591852),(0.,0.002),
 .UNSPECIFIED.);
#752=B_SPLINE_SURFACE_WITH_KNOTS('',3,1,((#11205,#11206),(#11207,#11208),
(#11209,#11210),(#11211,#11212),(#11213,#11214)),.UNSPECIFIED.,.F.,.F.,
 .F.,(4,1,4),(2,2),(0.,0.0165833573616109,0.0376041587009779),(0.,0.002),
 .UNSPECIFIED.);
#753=B_SPLINE_SURFACE_WITH_KNOTS('',3,1,((#11228,#11229),(#11230,#11231),
(#11232,#11233),(#11234,#11235),(#11236,#11237)),.UNSPECIFIED.,.F.,.F.,
 .F.,(4,1,4),(2,2),(0.,0.0227013841225781,0.0398985921631301),(0.,0.002),
 .UNSPECIFIED.);
#754=B_SPLINE_SURFACE_WITH_KNOTS('',3,1,((#11251,#11252),(#11253,#11254),
(#11255,#11256),(#11257,#11258),(#11259,#11260)),.UNSPECIFIED.,.F.,.F.,
 .F.,(4,1,4),(2,2),(0.,0.019889039382508,0.0444908676333702),(0.,0.002),
 .UNSPECIFIED.);
#755=B_SPLINE_SURFACE_WITH_KNOTS('',3,1,((#11274,#11275),(#11276,#11277),
(#11278,#11279),(#11280,#11281),(#11282,#11283)),.UNSPECIFIED.,.F.,.F.,
 .F.,(4,1,4),(2,2),(0.,0.0193615109367827,0.0341389064757021),(0.,0.002),
 .UNSPECIFIED.);
#756=B_SPLINE_SURFACE_WITH_KNOTS('',3,1,((#11297,#11298),(#11299,#11300),
(#11301,#11302),(#11303,#11304),(#11305,#11306)),.UNSPECIFIED.,.F.,.F.,
 .F.,(4,1,4),(2,2),(0.,0.00619226051639462,0.00962026849303456),(0.,0.002),
 .UNSPECIFIED.);
#757=B_SPLINE_SURFACE_WITH_KNOTS('',3,1,((#11320,#11321),(#11322,#11323),
(#11324,#11325),(#11326,#11327),(#11328,#11329)),.UNSPECIFIED.,.F.,.F.,
 .F.,(4,1,4),(2,2),(0.,0.0391644471532374,0.0669835553839845),(0.,0.002),
 .UNSPECIFIED.);
#758=B_SPLINE_SURFACE_WITH_KNOTS('',3,1,((#11343,#11344),(#11345,#11346),
(#11347,#11348),(#11349,#11350),(#11351,#11352)),.UNSPECIFIED.,.F.,.F.,
 .F.,(4,1,4),(2,2),(0.,0.0138964216749122,0.0332211684129024),(0.,0.002),
 .UNSPECIFIED.);
#759=B_SPLINE_SURFACE_WITH_KNOTS('',3,1,((#11366,#11367),(#11368,#11369),
(#11370,#11371),(#11372,#11373),(#11374,#11375)),.UNSPECIFIED.,.F.,.F.,
 .F.,(4,1,4),(2,2),(0.,0.0143383000179168,0.0292189398920143),(0.,0.002),
 .UNSPECIFIED.);
#760=B_SPLINE_SURFACE_WITH_KNOTS('',3,1,((#11389,#11390),(#11391,#11392),
(#11393,#11394),(#11395,#11396),(#11397,#11398)),.UNSPECIFIED.,.F.,.F.,
 .F.,(4,1,4),(2,2),(0.,0.0145560227299153,0.028678879577443),(0.,0.002),
 .UNSPECIFIED.);
#761=B_SPLINE_SURFACE_WITH_KNOTS('',3,1,((#11412,#11413),(#11414,#11415),
(#11416,#11417),(#11418,#11419),(#11420,#11421)),.UNSPECIFIED.,.F.,.F.,
 .F.,(4,1,4),(2,2),(0.,0.0153788163980353,0.0302989597717689),(0.,0.002),
 .UNSPECIFIED.);
#762=B_SPLINE_SURFACE_WITH_KNOTS('',3,1,((#11435,#11436),(#11437,#11438),
(#11439,#11440),(#11441,#11442),(#11443,#11444)),.UNSPECIFIED.,.F.,.F.,
 .F.,(4,1,4),(2,2),(0.,0.0246010628887319,0.0498500724625654),(0.,0.002),
 .UNSPECIFIED.);
#763=B_SPLINE_SURFACE_WITH_KNOTS('',3,1,((#11458,#11459),(#11460,#11461),
(#11462,#11463),(#11464,#11465),(#11466,#11467)),.UNSPECIFIED.,.F.,.F.,
 .F.,(4,1,4),(2,2),(0.,0.0319684926601835,0.0587792957825013),(0.,0.002),
 .UNSPECIFIED.);
#764=B_SPLINE_SURFACE_WITH_KNOTS('',3,1,((#11481,#11482),(#11483,#11484),
(#11485,#11486),(#11487,#11488),(#11489,#11490)),.UNSPECIFIED.,.F.,.F.,
 .F.,(4,1,4),(2,2),(0.,0.0203417749611139,0.0414190761478013),(0.,0.002),
 .UNSPECIFIED.);
#765=B_SPLINE_SURFACE_WITH_KNOTS('',3,1,((#11504,#11505),(#11506,#11507),
(#11508,#11509),(#11510,#11511),(#11512,#11513)),.UNSPECIFIED.,.F.,.F.,
 .F.,(4,1,4),(2,2),(0.,0.0249665001810429,0.0465874767848586),(0.,0.002),
 .UNSPECIFIED.);
#766=B_SPLINE_SURFACE_WITH_KNOTS('',3,1,((#11527,#11528),(#11529,#11530),
(#11531,#11532),(#11533,#11534),(#11535,#11536)),.UNSPECIFIED.,.F.,.F.,
 .F.,(4,1,4),(2,2),(0.,0.0132929147797714,0.0279129107405598),(0.,0.002),
 .UNSPECIFIED.);
#767=B_SPLINE_SURFACE_WITH_KNOTS('',3,1,((#11557,#11558),(#11559,#11560),
(#11561,#11562),(#11563,#11564),(#11565,#11566)),.UNSPECIFIED.,.F.,.F.,
 .F.,(4,1,4),(2,2),(0.,0.0210752723434735,0.043535663637021),(0.,0.002),
 .UNSPECIFIED.);
#768=B_SPLINE_SURFACE_WITH_KNOTS('',3,1,((#11580,#11581),(#11582,#11583),
(#11584,#11585),(#11586,#11587),(#11588,#11589)),.UNSPECIFIED.,.F.,.F.,
 .F.,(4,1,4),(2,2),(0.,0.0119599599422463,0.0246830631937283),(0.,0.002),
 .UNSPECIFIED.);
#769=B_SPLINE_SURFACE_WITH_KNOTS('',3,1,((#11603,#11604),(#11605,#11606),
(#11607,#11608),(#11609,#11610),(#11611,#11612)),.UNSPECIFIED.,.F.,.F.,
 .F.,(4,1,4),(2,2),(0.,0.0116027292468923,0.0231949515486619),(0.,0.002),
 .UNSPECIFIED.);
#770=B_SPLINE_SURFACE_WITH_KNOTS('',3,1,((#11626,#11627),(#11628,#11629),
(#11630,#11631),(#11632,#11633),(#11634,#11635)),.UNSPECIFIED.,.F.,.F.,
 .F.,(4,1,4),(2,2),(0.,0.0147730350292184,0.0284257851178619),(0.,0.002),
 .UNSPECIFIED.);
#771=B_SPLINE_SURFACE_WITH_KNOTS('',3,1,((#11655,#11656),(#11657,#11658),
(#11659,#11660),(#11661,#11662),(#11663,#11664)),.UNSPECIFIED.,.F.,.F.,
 .F.,(4,1,4),(2,2),(0.,0.0190086031861995,0.0400653162927165),(0.,0.002),
 .UNSPECIFIED.);
#772=B_SPLINE_SURFACE_WITH_KNOTS('',3,1,((#11678,#11679),(#11680,#11681),
(#11682,#11683),(#11684,#11685),(#11686,#11687)),.UNSPECIFIED.,.F.,.F.,
 .F.,(4,1,4),(2,2),(0.,0.0125612128308181,0.0250526991378594),(0.,0.002),
 .UNSPECIFIED.);
#773=B_SPLINE_SURFACE_WITH_KNOTS('',3,1,((#11701,#11702),(#11703,#11704),
(#11705,#11706),(#11707,#11708),(#11709,#11710)),.UNSPECIFIED.,.F.,.F.,
 .F.,(4,1,4),(2,2),(0.,0.0227363272843807,0.038671595118043),(0.,0.002),
 .UNSPECIFIED.);
#774=B_SPLINE_SURFACE_WITH_KNOTS('',3,1,((#11746,#11747),(#11748,#11749),
(#11750,#11751),(#11752,#11753),(#11754,#11755)),.UNSPECIFIED.,.F.,.F.,
 .F.,(4,1,4),(2,2),(0.,0.0257956576584471,0.0515495029218782),(0.,0.002),
 .UNSPECIFIED.);
#775=B_SPLINE_SURFACE_WITH_KNOTS('',3,1,((#11772,#11773),(#11774,#11775),
(#11776,#11777),(#11778,#11779),(#11780,#11781)),.UNSPECIFIED.,.F.,.F.,
 .F.,(4,1,4),(2,2),(0.,0.0257796057312974,0.0513048831951082),(0.,0.002),
 .UNSPECIFIED.);
#776=B_SPLINE_SURFACE_WITH_KNOTS('',3,1,((#11795,#11796),(#11797,#11798),
(#11799,#11800),(#11801,#11802),(#11803,#11804)),.UNSPECIFIED.,.F.,.F.,
 .F.,(4,1,4),(2,2),(0.,0.035722712666973,0.0648250299427338),(0.,0.002),
 .UNSPECIFIED.);
#777=B_SPLINE_SURFACE_WITH_KNOTS('',3,1,((#11818,#11819),(#11820,#11821),
(#11822,#11823),(#11824,#11825),(#11826,#11827)),.UNSPECIFIED.,.F.,.F.,
 .F.,(4,1,4),(2,2),(0.,0.0296776106478934,0.0672498625956519),(0.,0.002),
 .UNSPECIFIED.);
#778=B_SPLINE_SURFACE_WITH_KNOTS('',3,1,((#11841,#11842),(#11843,#11844),
(#11845,#11846),(#11847,#11848),(#11849,#11850)),.UNSPECIFIED.,.F.,.F.,
 .F.,(4,1,4),(2,2),(0.,0.0256556115421846,0.0514614542569905),(0.,0.002),
 .UNSPECIFIED.);
#779=B_SPLINE_SURFACE_WITH_KNOTS('',3,1,((#11864,#11865),(#11866,#11867),
(#11868,#11869),(#11870,#11871),(#11872,#11873)),.UNSPECIFIED.,.F.,.F.,
 .F.,(4,1,4),(2,2),(0.,0.0258001266778449,0.051600918502734),(0.,0.002),
 .UNSPECIFIED.);
#780=B_SPLINE_SURFACE_WITH_KNOTS('',3,1,((#11887,#11888),(#11889,#11890),
(#11891,#11892),(#11893,#11894),(#11895,#11896)),.UNSPECIFIED.,.F.,.F.,
 .F.,(4,1,4),(2,2),(0.,0.036785300748649,0.066168039597692),(0.,0.002),
 .UNSPECIFIED.);
#781=B_SPLINE_SURFACE_WITH_KNOTS('',3,1,((#11910,#11911),(#11912,#11913),
(#11914,#11915),(#11916,#11917),(#11918,#11919)),.UNSPECIFIED.,.F.,.F.,
 .F.,(4,1,4),(2,2),(0.,0.0293148426853962,0.0660747698146258),(0.,0.002),
 .UNSPECIFIED.);
#782=B_SPLINE_SURFACE_WITH_KNOTS('',3,1,((#11930,#11931),(#11932,#11933),
(#11934,#11935),(#11936,#11937),(#11938,#11939)),.UNSPECIFIED.,.F.,.F.,
 .F.,(4,1,4),(2,2),(0.,0.0419037931177251,0.0811303116316063),(0.,0.002),
 .UNSPECIFIED.);
#783=B_SPLINE_SURFACE_WITH_KNOTS('',3,1,((#11956,#11957),(#11958,#11959),
(#11960,#11961),(#11962,#11963),(#11964,#11965)),.UNSPECIFIED.,.F.,.F.,
 .F.,(4,1,4),(2,2),(0.,0.0270515301740284,0.054597923132263),(0.,0.002),
 .UNSPECIFIED.);
#784=B_SPLINE_SURFACE_WITH_KNOTS('',3,1,((#11979,#11980),(#11981,#11982),
(#11983,#11984),(#11985,#11986),(#11987,#11988)),.UNSPECIFIED.,.F.,.F.,
 .F.,(4,1,4),(2,2),(0.,0.0263612739350483,0.0528979601470819),(0.,0.002),
 .UNSPECIFIED.);
#785=B_SPLINE_SURFACE_WITH_KNOTS('',3,1,((#12002,#12003),(#12004,#12005),
(#12006,#12007),(#12008,#12009),(#12010,#12011)),.UNSPECIFIED.,.F.,.F.,
 .F.,(4,1,4),(2,2),(0.,0.0376062407013419,0.0676490880829865),(0.,0.002),
 .UNSPECIFIED.);
#786=B_SPLINE_SURFACE_WITH_KNOTS('',3,1,((#12025,#12026),(#12027,#12028),
(#12029,#12030),(#12031,#12032),(#12033,#12034)),.UNSPECIFIED.,.F.,.F.,
 .F.,(4,1,4),(2,2),(0.,0.0409616231797343,0.0876775809083355),(0.,0.002),
 .UNSPECIFIED.);
#787=B_SPLINE_SURFACE_WITH_KNOTS('',3,1,((#12048,#12049),(#12050,#12051),
(#12052,#12053),(#12054,#12055),(#12056,#12057)),.UNSPECIFIED.,.F.,.F.,
 .F.,(4,1,4),(2,2),(0.,0.0413795313753714,0.0806701786612861),(0.,0.002),
 .UNSPECIFIED.);
#788=B_SPLINE_SURFACE_WITH_KNOTS('',3,1,((#12071,#12072),(#12073,#12074),
(#12075,#12076),(#12077,#12078),(#12079,#12080)),.UNSPECIFIED.,.F.,.F.,
 .F.,(4,1,4),(2,2),(0.,0.0359931506951809,0.0737235434559969),(0.,0.002),
 .UNSPECIFIED.);
#789=B_SPLINE_SURFACE_WITH_KNOTS('',3,1,((#12094,#12095),(#12096,#12097),
(#12098,#12099),(#12100,#12101),(#12102,#12103)),.UNSPECIFIED.,.F.,.F.,
 .F.,(4,1,4),(2,2),(0.,0.0532066491923723,0.0978624595986962),(0.,0.002),
 .UNSPECIFIED.);
#790=B_SPLINE_SURFACE_WITH_KNOTS('',3,1,((#12117,#12118),(#12119,#12120),
(#12121,#12122),(#12123,#12124),(#12125,#12126)),.UNSPECIFIED.,.F.,.F.,
 .F.,(4,1,4),(2,2),(0.,0.0414790532771816,0.0905871273235876),(0.,0.002),
 .UNSPECIFIED.);
#791=B_SPLINE_SURFACE_WITH_KNOTS('',3,1,((#12138,#12139),(#12140,#12141),
(#12142,#12143),(#12144,#12145),(#12146,#12147)),.UNSPECIFIED.,.F.,.F.,
 .F.,(4,1,4),(2,2),(0.,0.0257956576584471,0.0515495029218782),(0.,0.002),
 .UNSPECIFIED.);
#792=B_SPLINE_SURFACE_WITH_KNOTS('',3,1,((#12164,#12165),(#12166,#12167),
(#12168,#12169),(#12170,#12171),(#12172,#12173)),.UNSPECIFIED.,.F.,.F.,
 .F.,(4,1,4),(2,2),(0.,0.0257796057312974,0.0513048831951082),(0.,0.002),
 .UNSPECIFIED.);
#793=B_SPLINE_SURFACE_WITH_KNOTS('',3,1,((#12187,#12188),(#12189,#12190),
(#12191,#12192),(#12193,#12194),(#12195,#12196)),.UNSPECIFIED.,.F.,.F.,
 .F.,(4,1,4),(2,2),(0.,0.035722712666973,0.0648250299427338),(0.,0.002),
 .UNSPECIFIED.);
#794=B_SPLINE_SURFACE_WITH_KNOTS('',3,1,((#12210,#12211),(#12212,#12213),
(#12214,#12215),(#12216,#12217),(#12218,#12219)),.UNSPECIFIED.,.F.,.F.,
 .F.,(4,1,4),(2,2),(0.,0.0296776106478934,0.0672498625956519),(0.,0.002),
 .UNSPECIFIED.);
#795=B_SPLINE_SURFACE_WITH_KNOTS('',3,1,((#12233,#12234),(#12235,#12236),
(#12237,#12238),(#12239,#12240),(#12241,#12242)),.UNSPECIFIED.,.F.,.F.,
 .F.,(4,1,4),(2,2),(0.,0.0256556115421846,0.0514614542569905),(0.,0.002),
 .UNSPECIFIED.);
#796=B_SPLINE_SURFACE_WITH_KNOTS('',3,1,((#12256,#12257),(#12258,#12259),
(#12260,#12261),(#12262,#12263),(#12264,#12265)),.UNSPECIFIED.,.F.,.F.,
 .F.,(4,1,4),(2,2),(0.,0.0258001266778449,0.051600918502734),(0.,0.002),
 .UNSPECIFIED.);
#797=B_SPLINE_SURFACE_WITH_KNOTS('',3,1,((#12279,#12280),(#12281,#12282),
(#12283,#12284),(#12285,#12286),(#12287,#12288)),.UNSPECIFIED.,.F.,.F.,
 .F.,(4,1,4),(2,2),(0.,0.036785300748649,0.066168039597692),(0.,0.002),
 .UNSPECIFIED.);
#798=B_SPLINE_SURFACE_WITH_KNOTS('',3,1,((#12302,#12303),(#12304,#12305),
(#12306,#12307),(#12308,#12309),(#12310,#12311)),.UNSPECIFIED.,.F.,.F.,
 .F.,(4,1,4),(2,2),(0.,0.0293148426853962,0.0660747698146258),(0.,0.002),
 .UNSPECIFIED.);
#799=B_SPLINE_SURFACE_WITH_KNOTS('',3,1,((#12322,#12323),(#12324,#12325),
(#12326,#12327),(#12328,#12329),(#12330,#12331)),.UNSPECIFIED.,.F.,.F.,
 .F.,(4,1,4),(2,2),(0.,0.0419037931177251,0.0811303116316063),(0.,0.002),
 .UNSPECIFIED.);
#800=B_SPLINE_SURFACE_WITH_KNOTS('',3,1,((#12348,#12349),(#12350,#12351),
(#12352,#12353),(#12354,#12355),(#12356,#12357)),.UNSPECIFIED.,.F.,.F.,
 .F.,(4,1,4),(2,2),(0.,0.0270516409809415,0.0545979156016855),(0.,0.002),
 .UNSPECIFIED.);
#801=B_SPLINE_SURFACE_WITH_KNOTS('',3,1,((#12371,#12372),(#12373,#12374),
(#12375,#12376),(#12377,#12378),(#12379,#12380)),.UNSPECIFIED.,.F.,.F.,
 .F.,(4,1,4),(2,2),(0.,0.0263612739350483,0.0528979601470819),(0.,0.002),
 .UNSPECIFIED.);
#802=B_SPLINE_SURFACE_WITH_KNOTS('',3,1,((#12394,#12395),(#12396,#12397),
(#12398,#12399),(#12400,#12401),(#12402,#12403)),.UNSPECIFIED.,.F.,.F.,
 .F.,(4,1,4),(2,2),(0.,0.0376062407013419,0.0676490880829865),(0.,0.002),
 .UNSPECIFIED.);
#803=B_SPLINE_SURFACE_WITH_KNOTS('',3,1,((#12417,#12418),(#12419,#12420),
(#12421,#12422),(#12423,#12424),(#12425,#12426)),.UNSPECIFIED.,.F.,.F.,
 .F.,(4,1,4),(2,2),(0.,0.0409616231797343,0.0876775809083355),(0.,0.002),
 .UNSPECIFIED.);
#804=B_SPLINE_SURFACE_WITH_KNOTS('',3,1,((#12440,#12441),(#12442,#12443),
(#12444,#12445),(#12446,#12447),(#12448,#12449)),.UNSPECIFIED.,.F.,.F.,
 .F.,(4,1,4),(2,2),(0.,0.0413795313753714,0.0806701786612861),(0.,0.002),
 .UNSPECIFIED.);
#805=B_SPLINE_SURFACE_WITH_KNOTS('',3,1,((#12463,#12464),(#12465,#12466),
(#12467,#12468),(#12469,#12470),(#12471,#12472)),.UNSPECIFIED.,.F.,.F.,
 .F.,(4,1,4),(2,2),(0.,0.0359932022049337,0.0737235949657497),(0.,0.002),
 .UNSPECIFIED.);
#806=B_SPLINE_SURFACE_WITH_KNOTS('',3,1,((#12486,#12487),(#12488,#12489),
(#12490,#12491),(#12492,#12493),(#12494,#12495)),.UNSPECIFIED.,.F.,.F.,
 .F.,(4,1,4),(2,2),(0.,0.0532066397933129,0.0978624501996368),(0.,0.002),
 .UNSPECIFIED.);
#807=B_SPLINE_SURFACE_WITH_KNOTS('',3,1,((#12509,#12510),(#12511,#12512),
(#12513,#12514),(#12515,#12516),(#12517,#12518)),.UNSPECIFIED.,.F.,.F.,
 .F.,(4,1,4),(2,2),(0.,0.0414791139273181,0.0905871708975998),(0.,0.002),
 .UNSPECIFIED.);
#808=B_SPLINE_SURFACE_WITH_KNOTS('',3,1,((#12530,#12531),(#12532,#12533),
(#12534,#12535),(#12536,#12537),(#12538,#12539)),.UNSPECIFIED.,.F.,.F.,
 .F.,(4,1,4),(2,2),(0.,0.0201770155878691,0.0393044968526654),(0.,0.002),
 .UNSPECIFIED.);
#809=B_SPLINE_SURFACE_WITH_KNOTS('',3,1,((#12556,#12557),(#12558,#12559),
(#12560,#12561),(#12562,#12563),(#12564,#12565)),.UNSPECIFIED.,.F.,.F.,
 .F.,(4,1,4),(2,2),(0.,0.0244050970221797,0.0493578208915151),(0.,0.002),
 .UNSPECIFIED.);
#810=B_SPLINE_SURFACE_WITH_KNOTS('',3,1,((#12579,#12580),(#12581,#12582),
(#12583,#12584),(#12585,#12586),(#12587,#12588)),.UNSPECIFIED.,.F.,.F.,
 .F.,(4,1,4),(2,2),(0.,0.0380389554433183,0.0667768968812236),(0.,0.002),
 .UNSPECIFIED.);
#811=B_SPLINE_SURFACE_WITH_KNOTS('',3,1,((#12602,#12603),(#12604,#12605),
(#12606,#12607),(#12608,#12609),(#12610,#12611)),.UNSPECIFIED.,.F.,.F.,
 .F.,(4,1,4),(2,2),(0.,0.0288740102225343,0.0664982695462736),(0.,0.002),
 .UNSPECIFIED.);
#812=B_SPLINE_SURFACE_WITH_KNOTS('',3,1,((#12625,#12626),(#12627,#12628),
(#12629,#12630),(#12631,#12632),(#12633,#12634)),.UNSPECIFIED.,.F.,.F.,
 .F.,(4,1,4),(2,2),(0.,0.0257102180151196,0.0506915210014963),(0.,0.002),
 .UNSPECIFIED.);
#813=B_SPLINE_SURFACE_WITH_KNOTS('',3,1,((#12648,#12649),(#12650,#12651),
(#12652,#12653),(#12654,#12655),(#12656,#12657)),.UNSPECIFIED.,.F.,.F.,
 .F.,(4,1,4),(2,2),(0.,0.0165716437657271,0.0338555670971964),(0.,0.002),
 .UNSPECIFIED.);
#814=B_SPLINE_SURFACE_WITH_KNOTS('',3,1,((#12671,#12672),(#12673,#12674),
(#12675,#12676),(#12677,#12678),(#12679,#12680)),.UNSPECIFIED.,.F.,.F.,
 .F.,(4,1,4),(2,2),(0.,0.0204514743536195,0.0380849884235646),(0.,0.002),
 .UNSPECIFIED.);
#815=B_SPLINE_SURFACE_WITH_KNOTS('',3,1,((#12700,#12701),(#12702,#12703),
(#12704,#12705),(#12706,#12707),(#12708,#12709)),.UNSPECIFIED.,.F.,.F.,
 .F.,(4,1,4),(2,2),(0.,0.0284694149236572,0.059448672566535),(0.,0.002),
 .UNSPECIFIED.);
#816=B_SPLINE_SURFACE_WITH_KNOTS('',3,1,((#12723,#12724),(#12725,#12726),
(#12727,#12728),(#12729,#12730),(#12731,#12732)),.UNSPECIFIED.,.F.,.F.,
 .F.,(4,1,4),(2,2),(0.,0.0324892860162629,0.0615159656047829),(0.,0.002),
 .UNSPECIFIED.);
#817=B_SPLINE_SURFACE_WITH_KNOTS('',3,1,((#12746,#12747),(#12748,#12749),
(#12750,#12751),(#12752,#12753),(#12754,#12755)),.UNSPECIFIED.,.F.,.F.,
 .F.,(4,1,4),(2,2),(0.,0.0267856028585348,0.0539733179428633),(0.,0.002),
 .UNSPECIFIED.);
#818=B_SPLINE_SURFACE_WITH_KNOTS('',3,1,((#12769,#12770),(#12771,#12772),
(#12773,#12774),(#12775,#12776),(#12777,#12778)),.UNSPECIFIED.,.F.,.F.,
 .F.,(4,1,4),(2,2),(0.,0.0273839695989237,0.0539302493261196),(0.,0.002),
 .UNSPECIFIED.);
#819=B_SPLINE_SURFACE_WITH_KNOTS('',3,1,((#12792,#12793),(#12794,#12795),
(#12796,#12797),(#12798,#12799),(#12800,#12801)),.UNSPECIFIED.,.F.,.F.,
 .F.,(4,1,4),(2,2),(0.,0.0331265659739551,0.0630329041548511),(0.,0.002),
 .UNSPECIFIED.);
#820=B_SPLINE_SURFACE_WITH_KNOTS('',3,1,((#12815,#12816),(#12817,#12818),
(#12819,#12820),(#12821,#12822),(#12823,#12824)),.UNSPECIFIED.,.F.,.F.,
 .F.,(4,1,4),(2,2),(0.,0.0408940353133244,0.0894847980763303),(0.,0.002),
 .UNSPECIFIED.);
#821=B_SPLINE_SURFACE_WITH_KNOTS('',3,1,((#12838,#12839),(#12840,#12841),
(#12842,#12843),(#12844,#12845),(#12846,#12847)),.UNSPECIFIED.,.F.,.F.,
 .F.,(4,1,4),(2,2),(0.,0.0408921091974078,0.0792310183978023),(0.,0.002),
 .UNSPECIFIED.);
#822=B_SPLINE_SURFACE_WITH_KNOTS('',3,1,((#12861,#12862),(#12863,#12864),
(#12865,#12866),(#12867,#12868),(#12869,#12870)),.UNSPECIFIED.,.F.,.F.,
 .F.,(4,1,4),(2,2),(0.,0.0315354703535533,0.064778793148759),(0.,0.002),
 .UNSPECIFIED.);
#823=B_SPLINE_SURFACE_WITH_KNOTS('',3,1,((#12884,#12885),(#12886,#12887),
(#12888,#12889),(#12890,#12891),(#12892,#12893)),.UNSPECIFIED.,.F.,.F.,
 .F.,(4,1,4),(2,2),(0.,0.0350134471124664,0.067113777374383),(0.,0.002),
 .UNSPECIFIED.);
#824=B_SPLINE_SURFACE_WITH_KNOTS('',3,1,((#12913,#12914),(#12915,#12916),
(#12917,#12918),(#12919,#12920),(#12921,#12922)),.UNSPECIFIED.,.F.,.F.,
 .F.,(4,1,4),(2,2),(0.,0.0206373213655865,0.0455581167073906),(0.,0.002),
 .UNSPECIFIED.);
#825=B_SPLINE_SURFACE_WITH_KNOTS('',3,1,((#12934,#12935),(#12936,#12937),
(#12938,#12939),(#12940,#12941),(#12942,#12943)),.UNSPECIFIED.,.F.,.F.,
 .F.,(4,1,4),(2,2),(0.,0.0160785171353022,0.0375146363228219),(0.,0.002),
 .UNSPECIFIED.);
#826=B_SPLINE_SURFACE_WITH_KNOTS('',3,1,((#12960,#12961),(#12962,#12963),
(#12964,#12965),(#12966,#12967),(#12968,#12969)),.UNSPECIFIED.,.F.,.F.,
 .F.,(4,1,4),(2,2),(0.,0.0181166833610759,0.0356780190862441),(0.,0.002),
 .UNSPECIFIED.);
#827=B_SPLINE_SURFACE_WITH_KNOTS('',3,1,((#12983,#12984),(#12985,#12986),
(#12987,#12988),(#12989,#12990),(#12991,#12992)),.UNSPECIFIED.,.F.,.F.,
 .F.,(4,1,4),(2,2),(0.,0.020240018124594,0.0393165541502688),(0.,0.002),
 .UNSPECIFIED.);
#828=B_SPLINE_SURFACE_WITH_KNOTS('',3,1,((#13006,#13007),(#13008,#13009),
(#13010,#13011),(#13012,#13013),(#13014,#13015)),.UNSPECIFIED.,.F.,.F.,
 .F.,(4,1,4),(2,2),(0.,0.0155871701768629,0.0346494970674715),(0.,0.002),
 .UNSPECIFIED.);
#829=B_SPLINE_SURFACE_WITH_KNOTS('',3,1,((#13029,#13030),(#13031,#13032),
(#13033,#13034),(#13035,#13036),(#13037,#13038)),.UNSPECIFIED.,.F.,.F.,
 .F.,(4,1,4),(2,2),(0.,0.0137909067868655,0.0276501837426943),(0.,0.002),
 .UNSPECIFIED.);
#830=B_SPLINE_SURFACE_WITH_KNOTS('',3,1,((#13052,#13053),(#13054,#13055),
(#13056,#13057),(#13058,#13059),(#13060,#13061)),.UNSPECIFIED.,.F.,.F.,
 .F.,(4,1,4),(2,2),(0.,0.00915616716319794,0.0184279746479108),(0.,0.002),
 .UNSPECIFIED.);
#831=B_SPLINE_SURFACE_WITH_KNOTS('',3,1,((#13075,#13076),(#13077,#13078),
(#13079,#13080),(#13081,#13082),(#13083,#13084)),.UNSPECIFIED.,.F.,.F.,
 .F.,(4,1,4),(2,2),(0.,0.00974335177078169,0.0190371330547209),(0.,0.002),
 .UNSPECIFIED.);
#832=B_SPLINE_SURFACE_WITH_KNOTS('',3,1,((#13098,#13099),(#13100,#13101),
(#13102,#13103),(#13104,#13105),(#13106,#13107)),.UNSPECIFIED.,.F.,.F.,
 .F.,(4,1,4),(2,2),(0.,0.0196991011741886,0.0330180227481775),(0.,0.002),
 .UNSPECIFIED.);
#833=B_SPLINE_SURFACE_WITH_KNOTS('',3,1,((#13121,#13122),(#13123,#13124),
(#13125,#13126),(#13127,#13128),(#13129,#13130)),.UNSPECIFIED.,.F.,.F.,
 .F.,(4,1,4),(2,2),(0.,0.0261867433001942,0.0618509914038741),(0.,0.002),
 .UNSPECIFIED.);
#834=B_SPLINE_SURFACE_WITH_KNOTS('',3,1,((#13156,#13157),(#13158,#13159),
(#13160,#13161),(#13162,#13163),(#13164,#13165)),.UNSPECIFIED.,.F.,.F.,
 .F.,(4,1,4),(2,2),(0.,0.0137801230216208,0.027803144536062),(0.,0.002),
 .UNSPECIFIED.);
#835=B_SPLINE_SURFACE_WITH_KNOTS('',3,1,((#13179,#13180),(#13181,#13182),
(#13183,#13184),(#13185,#13186),(#13187,#13188)),.UNSPECIFIED.,.F.,.F.,
 .F.,(4,1,4),(2,2),(0.,0.0419294383962614,0.0650443112091995),(0.,0.002),
 .UNSPECIFIED.);
#836=B_SPLINE_SURFACE_WITH_KNOTS('',3,1,((#13208,#13209),(#13210,#13211),
(#13212,#13213),(#13214,#13215),(#13216,#13217)),.UNSPECIFIED.,.F.,.F.,
 .F.,(4,1,4),(2,2),(0.,0.0132712939351773,0.0340471850726778),(0.,0.002),
 .UNSPECIFIED.);
#837=B_SPLINE_SURFACE_WITH_KNOTS('',3,1,((#13231,#13232),(#13233,#13234),
(#13235,#13236),(#13237,#13238),(#13239,#13240)),.UNSPECIFIED.,.F.,.F.,
 .F.,(4,1,4),(2,2),(0.,0.0132102575647376,0.0277628080971819),(0.,0.002),
 .UNSPECIFIED.);
#838=B_SPLINE_SURFACE_WITH_KNOTS('',3,1,((#13254,#13255),(#13256,#13257),
(#13258,#13259),(#13260,#13261),(#13262,#13263)),.UNSPECIFIED.,.F.,.F.,
 .F.,(4,1,4),(2,2),(0.,0.0168053610415977,0.0306781796787702),(0.,0.002),
 .UNSPECIFIED.);
#839=B_SPLINE_SURFACE_WITH_KNOTS('',3,1,((#13277,#13278),(#13279,#13280),
(#13281,#13282),(#13283,#13284),(#13285,#13286)),.UNSPECIFIED.,.F.,.F.,
 .F.,(4,1,4),(2,2),(0.,0.0252747804221509,0.0458723292908963),(0.,0.002),
 .UNSPECIFIED.);
#840=B_SPLINE_SURFACE_WITH_KNOTS('',3,1,((#13300,#13301),(#13302,#13303),
(#13304,#13305),(#13306,#13307),(#13308,#13309)),.UNSPECIFIED.,.F.,.F.,
 .F.,(4,1,4),(2,2),(0.,0.023680742652267,0.0500976889231926),(0.,0.002),
 .UNSPECIFIED.);
#841=B_SPLINE_SURFACE_WITH_KNOTS('',3,1,((#13323,#13324),(#13325,#13326),
(#13327,#13328),(#13329,#13330),(#13331,#13332)),.UNSPECIFIED.,.F.,.F.,
 .F.,(4,1,4),(2,2),(0.,0.0186488674784143,0.0396063862156842),(0.,0.002),
 .UNSPECIFIED.);
#842=B_SPLINE_SURFACE_WITH_KNOTS('',3,1,((#13346,#13347),(#13348,#13349),
(#13350,#13351),(#13352,#13353),(#13354,#13355)),.UNSPECIFIED.,.F.,.F.,
 .F.,(4,1,4),(2,2),(0.,0.0218853853055437,0.0409647637591852),(0.,0.002),
 .UNSPECIFIED.);
#843=B_SPLINE_SURFACE_WITH_KNOTS('',3,1,((#13375,#13376),(#13377,#13378),
(#13379,#13380),(#13381,#13382),(#13383,#13384)),.UNSPECIFIED.,.F.,.F.,
 .F.,(4,1,4),(2,2),(0.,0.0165833186547884,0.0376041627876379),(0.,0.002),
 .UNSPECIFIED.);
#844=B_SPLINE_SURFACE_WITH_KNOTS('',3,1,((#13398,#13399),(#13400,#13401),
(#13402,#13403),(#13404,#13405),(#13406,#13407)),.UNSPECIFIED.,.F.,.F.,
 .F.,(4,1,4),(2,2),(0.,0.0227013841225781,0.0398985374606529),(0.,0.002),
 .UNSPECIFIED.);
#845=B_SPLINE_SURFACE_WITH_KNOTS('',3,1,((#13421,#13422),(#13423,#13424),
(#13425,#13426),(#13427,#13428),(#13429,#13430)),.UNSPECIFIED.,.F.,.F.,
 .F.,(4,1,4),(2,2),(0.,0.019889039382508,0.0444909267565312),(0.,0.002),
 .UNSPECIFIED.);
#846=B_SPLINE_SURFACE_WITH_KNOTS('',3,1,((#13444,#13445),(#13446,#13447),
(#13448,#13449),(#13450,#13451),(#13452,#13453)),.UNSPECIFIED.,.F.,.F.,
 .F.,(4,1,4),(2,2),(0.,0.0193614948719098,0.0341389219827489),(0.,0.002),
 .UNSPECIFIED.);
#847=B_SPLINE_SURFACE_WITH_KNOTS('',3,1,((#13467,#13468),(#13469,#13470),
(#13471,#13472),(#13473,#13474),(#13475,#13476)),.UNSPECIFIED.,.F.,.F.,
 .F.,(4,1,4),(2,2),(0.,0.00619226199347399,0.00962026818961525),(0.,0.002),
 .UNSPECIFIED.);
#848=B_SPLINE_SURFACE_WITH_KNOTS('',3,1,((#13490,#13491),(#13492,#13493),
(#13494,#13495),(#13496,#13497),(#13498,#13499)),.UNSPECIFIED.,.F.,.F.,
 .F.,(4,1,4),(2,2),(0.,0.0391645060932865,0.0669835565575133),(0.,0.002),
 .UNSPECIFIED.);
#849=B_SPLINE_SURFACE_WITH_KNOTS('',3,1,((#13513,#13514),(#13515,#13516),
(#13517,#13518),(#13519,#13520),(#13521,#13522)),.UNSPECIFIED.,.F.,.F.,
 .F.,(4,1,4),(2,2),(0.,0.0138963049349133,0.033221199210361),(0.,0.002),
 .UNSPECIFIED.);
#850=B_SPLINE_SURFACE_WITH_KNOTS('',3,1,((#13536,#13537),(#13538,#13539),
(#13540,#13541),(#13542,#13543),(#13544,#13545)),.UNSPECIFIED.,.F.,.F.,
 .F.,(4,1,4),(2,2),(0.,0.0143383000179168,0.0292189118690449),(0.,0.002),
 .UNSPECIFIED.);
#851=B_SPLINE_SURFACE_WITH_KNOTS('',3,1,((#13559,#13560),(#13561,#13562),
(#13563,#13564),(#13565,#13566),(#13567,#13568)),.UNSPECIFIED.,.F.,.F.,
 .F.,(4,1,4),(2,2),(0.,0.014556005551679,0.0286788623992067),(0.,0.002),
 .UNSPECIFIED.);
#852=B_SPLINE_SURFACE_WITH_KNOTS('',3,1,((#13582,#13583),(#13584,#13585),
(#13586,#13587),(#13588,#13589),(#13590,#13591)),.UNSPECIFIED.,.F.,.F.,
 .F.,(4,1,4),(2,2),(0.,0.0153788023196062,0.030299010991185),(0.,0.002),
 .UNSPECIFIED.);
#853=B_SPLINE_SURFACE_WITH_KNOTS('',3,1,((#13605,#13606),(#13607,#13608),
(#13609,#13610),(#13611,#13612),(#13613,#13614)),.UNSPECIFIED.,.F.,.F.,
 .F.,(4,1,4),(2,2),(0.,0.0246010279341865,0.0498500602127809),(0.,0.002),
 .UNSPECIFIED.);
#854=B_SPLINE_SURFACE_WITH_KNOTS('',3,1,((#13628,#13629),(#13630,#13631),
(#13632,#13633),(#13634,#13635),(#13636,#13637)),.UNSPECIFIED.,.F.,.F.,
 .F.,(4,1,4),(2,2),(0.,0.0319684631381526,0.0587792662604704),(0.,0.002),
 .UNSPECIFIED.);
#855=B_SPLINE_SURFACE_WITH_KNOTS('',3,1,((#13651,#13652),(#13653,#13654),
(#13655,#13656),(#13657,#13658),(#13659,#13660)),.UNSPECIFIED.,.F.,.F.,
 .F.,(4,1,4),(2,2),(0.,0.0203417749611139,0.0414190167586455),(0.,0.002),
 .UNSPECIFIED.);
#856=B_SPLINE_SURFACE_WITH_KNOTS('',3,1,((#13674,#13675),(#13676,#13677),
(#13678,#13679),(#13680,#13681),(#13682,#13683)),.UNSPECIFIED.,.F.,.F.,
 .F.,(4,1,4),(2,2),(0.,0.02496654811997,0.0465875247237858),(0.,0.002),
 .UNSPECIFIED.);
#857=B_SPLINE_SURFACE_WITH_KNOTS('',3,1,((#13697,#13698),(#13699,#13700),
(#13701,#13702),(#13703,#13704),(#13705,#13706)),.UNSPECIFIED.,.F.,.F.,
 .F.,(4,1,4),(2,2),(0.,0.0132929147797714,0.0279129107405598),(0.,0.002),
 .UNSPECIFIED.);
#858=B_SPLINE_SURFACE_WITH_KNOTS('',3,1,((#13718,#13719),(#13720,#13721),
(#13722,#13723),(#13724,#13725),(#13726,#13727)),.UNSPECIFIED.,.F.,.F.,
 .F.,(4,1,4),(2,2),(0.,0.0375794148607376,0.067851051068089),(0.,0.002),
 .UNSPECIFIED.);
#859=B_SPLINE_SURFACE_WITH_KNOTS('',3,1,((#13744,#13745),(#13746,#13747),
(#13748,#13749),(#13750,#13751),(#13752,#13753)),.UNSPECIFIED.,.F.,.F.,
 .F.,(4,1,4),(2,2),(0.,0.0225980783628824,0.0469496526177282),(0.,0.002),
 .UNSPECIFIED.);
#860=B_SPLINE_SURFACE_WITH_KNOTS('',3,1,((#13767,#13768),(#13769,#13770),
(#13771,#13772),(#13773,#13774),(#13775,#13776)),.UNSPECIFIED.,.F.,.F.,
 .F.,(4,1,4),(2,2),(0.,0.0195022507547142,0.0403619367051591),(0.,0.002),
 .UNSPECIFIED.);
#861=B_SPLINE_SURFACE_WITH_KNOTS('',3,1,((#13790,#13791),(#13792,#13793),
(#13794,#13795),(#13796,#13797),(#13798,#13799)),.UNSPECIFIED.,.F.,.F.,
 .F.,(4,1,4),(2,2),(0.,0.0180808893587523,0.0367186627165472),(0.,0.002),
 .UNSPECIFIED.);
#862=B_SPLINE_SURFACE_WITH_KNOTS('',3,1,((#13813,#13814),(#13815,#13816),
(#13817,#13818),(#13819,#13820),(#13821,#13822)),.UNSPECIFIED.,.F.,.F.,
 .F.,(4,1,4),(2,2),(0.,0.01567897101009,0.0331103076223085),(0.,0.002),
 .UNSPECIFIED.);
#863=B_SPLINE_SURFACE_WITH_KNOTS('',3,1,((#13836,#13837),(#13838,#13839),
(#13840,#13841),(#13842,#13843),(#13844,#13845)),.UNSPECIFIED.,.F.,.F.,
 .F.,(4,1,4),(2,2),(0.,0.0160211974231457,0.0313317475677323),(0.,0.002),
 .UNSPECIFIED.);
#864=B_SPLINE_SURFACE_WITH_KNOTS('',3,1,((#13859,#13860),(#13861,#13862),
(#13863,#13864),(#13865,#13866),(#13867,#13868)),.UNSPECIFIED.,.F.,.F.,
 .F.,(4,1,4),(2,2),(0.,0.0345076307558298,0.0571776698443103),(0.,0.002),
 .UNSPECIFIED.);
#865=B_SPLINE_SURFACE_WITH_KNOTS('',3,1,((#13882,#13883),(#13884,#13885),
(#13886,#13887),(#13888,#13889),(#13890,#13891)),.UNSPECIFIED.,.F.,.F.,
 .F.,(4,1,4),(2,2),(0.,0.0114081170779597,0.0338749029464122),(0.,0.002),
 .UNSPECIFIED.);
#866=B_SPLINE_SURFACE_WITH_KNOTS('',3,1,((#13905,#13906),(#13907,#13908),
(#13909,#13910),(#13911,#13912),(#13913,#13914)),.UNSPECIFIED.,.F.,.F.,
 .F.,(4,1,4),(2,2),(0.,0.0079263990266981,0.017354938234362),(0.,0.002),
 .UNSPECIFIED.);
#867=B_SPLINE_SURFACE_WITH_KNOTS('',3,1,((#13928,#13929),(#13930,#13931),
(#13932,#13933),(#13934,#13935),(#13936,#13937)),.UNSPECIFIED.,.F.,.F.,
 .F.,(4,1,4),(2,2),(0.,0.00689670225809415,0.0138583580619935),(0.,0.002),
 .UNSPECIFIED.);
#868=B_SPLINE_SURFACE_WITH_KNOTS('',3,1,((#13951,#13952),(#13953,#13954),
(#13955,#13956),(#13957,#13958),(#13959,#13960)),.UNSPECIFIED.,.F.,.F.,
 .F.,(4,1,4),(2,2),(0.,0.0122104317879977,0.0230925273879582),(0.,0.002),
 .UNSPECIFIED.);
#869=B_SPLINE_SURFACE_WITH_KNOTS('',3,1,((#13974,#13975),(#13976,#13977),
(#13978,#13979),(#13980,#13981),(#13982,#13983)),.UNSPECIFIED.,.F.,.F.,
 .F.,(4,1,4),(2,2),(0.,0.0218437031069147,0.0376302733536966),(0.,0.002),
 .UNSPECIFIED.);
#870=B_SPLINE_SURFACE_WITH_KNOTS('',3,1,((#13997,#13998),(#13999,#14000),
(#14001,#14002),(#14003,#14004),(#14005,#14006)),.UNSPECIFIED.,.F.,.F.,
 .F.,(4,1,4),(2,2),(0.,0.0158554436578056,0.035057119042347),(0.,0.002),
 .UNSPECIFIED.);
#871=B_SPLINE_SURFACE_WITH_KNOTS('',3,1,((#14020,#14021),(#14022,#14023),
(#14024,#14025),(#14026,#14027),(#14028,#14029)),.UNSPECIFIED.,.F.,.F.,
 .F.,(4,1,4),(2,2),(0.,0.0156857710093665,0.0303749185666711),(0.,0.002),
 .UNSPECIFIED.);
#872=B_SPLINE_SURFACE_WITH_KNOTS('',3,1,((#14049,#14050),(#14051,#14052),
(#14053,#14054),(#14055,#14056),(#14057,#14058)),.UNSPECIFIED.,.F.,.F.,
 .F.,(4,1,4),(2,2),(0.,0.0166375253360257,0.0362181044287358),(0.,0.002),
 .UNSPECIFIED.);
#873=B_SPLINE_SURFACE_WITH_KNOTS('',3,1,((#14072,#14073),(#14074,#14075),
(#14076,#14077),(#14078,#14079),(#14080,#14081)),.UNSPECIFIED.,.F.,.F.,
 .F.,(4,1,4),(2,2),(0.,0.0189112114064133,0.035193371545519),(0.,0.002),
 .UNSPECIFIED.);
#874=B_SPLINE_SURFACE_WITH_KNOTS('',3,1,((#14095,#14096),(#14097,#14098),
(#14099,#14100),(#14101,#14102),(#14103,#14104)),.UNSPECIFIED.,.F.,.F.,
 .F.,(4,1,4),(2,2),(0.,0.0240899262364314,0.045706736576105),(0.,0.002),
 .UNSPECIFIED.);
#875=B_SPLINE_SURFACE_WITH_KNOTS('',3,1,((#14118,#14119),(#14120,#14121),
(#14122,#14123),(#14124,#14125),(#14126,#14127)),.UNSPECIFIED.,.F.,.F.,
 .F.,(4,1,4),(2,2),(0.,0.0157236200485432,0.0322081398772847),(0.,0.002),
 .UNSPECIFIED.);
#876=B_SPLINE_SURFACE_WITH_KNOTS('',3,1,((#14141,#14142),(#14143,#14144),
(#14145,#14146),(#14147,#14148),(#14149,#14150)),.UNSPECIFIED.,.F.,.F.,
 .F.,(4,1,4),(2,2),(0.,0.0117234941297448,0.0258699496564612),(0.,0.002),
 .UNSPECIFIED.);
#877=B_SPLINE_SURFACE_WITH_KNOTS('',3,1,((#14164,#14165),(#14166,#14167),
(#14168,#14169),(#14170,#14171),(#14172,#14173)),.UNSPECIFIED.,.F.,.F.,
 .F.,(4,1,4),(2,2),(0.,0.0137869550051049,0.0275887533282625),(0.,0.002),
 .UNSPECIFIED.);
#878=B_SPLINE_SURFACE_WITH_KNOTS('',3,1,((#14187,#14188),(#14189,#14190),
(#14191,#14192),(#14193,#14194),(#14195,#14196)),.UNSPECIFIED.,.F.,.F.,
 .F.,(4,1,4),(2,2),(0.,0.0140906009040378,0.0279380009121881),(0.,0.002),
 .UNSPECIFIED.);
#879=B_SPLINE_SURFACE_WITH_KNOTS('',3,1,((#14210,#14211),(#14212,#14213),
(#14214,#14215),(#14216,#14217),(#14218,#14219)),.UNSPECIFIED.,.F.,.F.,
 .F.,(4,1,4),(2,2),(0.,0.0151552226150429,0.0305595003865707),(0.,0.002),
 .UNSPECIFIED.);
#880=B_SPLINE_SURFACE_WITH_KNOTS('',3,1,((#14233,#14234),(#14235,#14236),
(#14237,#14238),(#14239,#14240),(#14241,#14242)),.UNSPECIFIED.,.F.,.F.,
 .F.,(4,1,4),(2,2),(0.,0.0163899628594432,0.0318165362358894),(0.,0.002),
 .UNSPECIFIED.);
#881=B_SPLINE_SURFACE_WITH_KNOTS('',3,1,((#14256,#14257),(#14258,#14259),
(#14260,#14261),(#14262,#14263),(#14264,#14265)),.UNSPECIFIED.,.F.,.F.,
 .F.,(4,1,4),(2,2),(0.,0.0356047699117489,0.0589481622312188),(0.,0.002),
 .UNSPECIFIED.);
#882=B_SPLINE_SURFACE_WITH_KNOTS('',3,1,((#14279,#14280),(#14281,#14282),
(#14283,#14284),(#14285,#14286),(#14287,#14288)),.UNSPECIFIED.,.F.,.F.,
 .F.,(4,1,4),(2,2),(0.,0.0143287764398054,0.039739714516602),(0.,0.002),
 .UNSPECIFIED.);
#883=B_SPLINE_SURFACE_WITH_KNOTS('',3,1,((#14302,#14303),(#14304,#14305),
(#14306,#14307),(#14308,#14309),(#14310,#14311)),.UNSPECIFIED.,.F.,.F.,
 .F.,(4,1,4),(2,2),(0.,0.0114776796824477,0.0232373539286612),(0.,0.002),
 .UNSPECIFIED.);
#884=B_SPLINE_SURFACE_WITH_KNOTS('',3,1,((#14325,#14326),(#14327,#14328),
(#14329,#14330),(#14331,#14332),(#14333,#14334)),.UNSPECIFIED.,.F.,.F.,
 .F.,(4,1,4),(2,2),(0.,0.0145225417148257,0.0278995845984593),(0.,0.002),
 .UNSPECIFIED.);
#885=B_SPLINE_SURFACE_WITH_KNOTS('',3,1,((#14348,#14349),(#14350,#14351),
(#14352,#14353),(#14354,#14355),(#14356,#14357)),.UNSPECIFIED.,.F.,.F.,
 .F.,(4,1,4),(2,2),(0.,0.0222514794936859,0.0396283059288614),(0.,0.002),
 .UNSPECIFIED.);
#886=B_SPLINE_SURFACE_WITH_KNOTS('',3,1,((#14371,#14372),(#14373,#14374),
(#14375,#14376),(#14377,#14378),(#14379,#14380)),.UNSPECIFIED.,.F.,.F.,
 .F.,(4,1,4),(2,2),(0.,0.0189465299153767,0.0415180716498049),(0.,0.002),
 .UNSPECIFIED.);
#887=B_SPLINE_SURFACE_WITH_KNOTS('',3,1,((#14394,#14395),(#14396,#14397),
(#14398,#14399),(#14400,#14401),(#14402,#14403)),.UNSPECIFIED.,.F.,.F.,
 .F.,(4,1,4),(2,2),(0.,0.0201912633871101,0.0383442077501837),(0.,0.002),
 .UNSPECIFIED.);
#888=B_SPLINE_SURFACE_WITH_KNOTS('',3,1,((#14423,#14424),(#14425,#14426),
(#14427,#14428),(#14429,#14430),(#14431,#14432)),.UNSPECIFIED.,.F.,.F.,
 .F.,(4,1,4),(2,2),(0.,0.0284250988982193,0.0604172855039258),(0.,0.002),
 .UNSPECIFIED.);
#889=B_SPLINE_SURFACE_WITH_KNOTS('',3,1,((#14444,#14445),(#14446,#14447),
(#14448,#14449),(#14450,#14451),(#14452,#14453)),.UNSPECIFIED.,.F.,.F.,
 .F.,(4,1,4),(2,2),(0.,0.023737235986232,0.0468728716583153),(0.,0.002),
 .UNSPECIFIED.);
#890=B_SPLINE_SURFACE_WITH_KNOTS('',3,1,((#14470,#14471),(#14472,#14473),
(#14474,#14475),(#14476,#14477),(#14478,#14479)),.UNSPECIFIED.,.F.,.F.,
 .F.,(4,1,4),(2,2),(0.,0.0257515951335246,0.0517286434815048),(0.,0.002),
 .UNSPECIFIED.);
#891=B_SPLINE_SURFACE_WITH_KNOTS('',3,1,((#14493,#14494),(#14495,#14496),
(#14497,#14498),(#14499,#14500),(#14501,#14502)),.UNSPECIFIED.,.F.,.F.,
 .F.,(4,1,4),(2,2),(0.,0.0244511428162575,0.0439069361792198),(0.,0.002),
 .UNSPECIFIED.);
#892=B_SPLINE_SURFACE_WITH_KNOTS('',3,1,((#14522,#14523),(#14524,#14525),
(#14526,#14527),(#14528,#14529),(#14530,#14531)),.UNSPECIFIED.,.F.,.F.,
 .F.,(4,1,4),(2,2),(0.,0.0239659851580716,0.050174104884988),(0.,0.002),
 .UNSPECIFIED.);
#893=B_SPLINE_SURFACE_WITH_KNOTS('',3,1,((#14542,#14543),(#14544,#14545),
(#14546,#14547),(#14548,#14549),(#14550,#14551)),.UNSPECIFIED.,.F.,.F.,
 .F.,(4,1,4),(2,2),(0.,0.0189631186462206,0.0366717704119834),(0.,0.002),
 .UNSPECIFIED.);
#894=B_SPLINE_SURFACE_WITH_KNOTS('',3,1,((#14568,#14569),(#14570,#14571),
(#14572,#14573),(#14574,#14575),(#14576,#14577)),.UNSPECIFIED.,.F.,.F.,
 .F.,(4,1,4),(2,2),(0.,0.0249500649369839,0.0503652600981428),(0.,0.002),
 .UNSPECIFIED.);
#895=B_SPLINE_SURFACE_WITH_KNOTS('',3,1,((#14591,#14592),(#14593,#14594),
(#14595,#14596),(#14597,#14598),(#14599,#14600)),.UNSPECIFIED.,.F.,.F.,
 .F.,(4,1,4),(2,2),(0.,0.0321974580339033,0.0594057588434067),(0.,0.002),
 .UNSPECIFIED.);
#896=B_SPLINE_SURFACE_WITH_KNOTS('',3,1,((#14620,#14621),(#14622,#14623),
(#14624,#14625),(#14626,#14627),(#14628,#14629)),.UNSPECIFIED.,.F.,.F.,
 .F.,(4,1,4),(2,2),(0.,0.00409307317972851,0.00982501072583059),(0.,0.002),
 .UNSPECIFIED.);
#897=B_SPLINE_SURFACE_WITH_KNOTS('',3,1,((#14643,#14644),(#14645,#14646),
(#14647,#14648),(#14649,#14650),(#14651,#14652)),.UNSPECIFIED.,.F.,.F.,
 .F.,(4,1,4),(2,2),(0.,0.0412852066231044,0.0895648622259748),(0.,0.002),
 .UNSPECIFIED.);
#898=B_SPLINE_SURFACE_WITH_KNOTS('',3,1,((#14666,#14667),(#14668,#14669),
(#14670,#14671),(#14672,#14673),(#14674,#14675)),.UNSPECIFIED.,.F.,.F.,
 .F.,(4,1,4),(2,2),(0.,0.0402863713053131,0.0789499349317239),(0.,0.002),
 .UNSPECIFIED.);
#899=B_SPLINE_SURFACE_WITH_KNOTS('',3,1,((#14689,#14690),(#14691,#14692),
(#14693,#14694),(#14695,#14696),(#14697,#14698)),.UNSPECIFIED.,.F.,.F.,
 .F.,(4,1,4),(2,2),(0.,0.0395981050601165,0.081119666438593),(0.,0.002),
 .UNSPECIFIED.);
#900=B_SPLINE_SURFACE_WITH_KNOTS('',3,1,((#14712,#14713),(#14714,#14715),
(#14716,#14717),(#14718,#14719),(#14720,#14721)),.UNSPECIFIED.,.F.,.F.,
 .F.,(4,1,4),(2,2),(0.,0.0492130109715511,0.0913487934075415),(0.,0.002),
 .UNSPECIFIED.);
#901=B_SPLINE_SURFACE_WITH_KNOTS('',3,1,((#14735,#14736),(#14737,#14738),
(#14739,#14740),(#14741,#14742),(#14743,#14744)),.UNSPECIFIED.,.F.,.F.,
 .F.,(4,1,4),(2,2),(0.,0.0410267080124624,0.0886340718111158),(0.,0.002),
 .UNSPECIFIED.);
#902=B_SPLINE_SURFACE_WITH_KNOTS('',3,1,((#14758,#14759),(#14760,#14761),
(#14762,#14763),(#14764,#14765),(#14766,#14767)),.UNSPECIFIED.,.F.,.F.,
 .F.,(4,1,4),(2,2),(0.,0.0433697369206314,0.0829362186972543),(0.,0.002),
 .UNSPECIFIED.);
#903=B_SPLINE_SURFACE_WITH_KNOTS('',3,1,((#14781,#14782),(#14783,#14784),
(#14785,#14786),(#14787,#14788),(#14789,#14790)),.UNSPECIFIED.,.F.,.F.,
 .F.,(4,1,4),(2,2),(0.,0.030978619467986,0.0657662598518931),(0.,0.002),
 .UNSPECIFIED.);
#904=B_SPLINE_SURFACE_WITH_KNOTS('',3,1,((#14804,#14805),(#14806,#14807),
(#14808,#14809),(#14810,#14811),(#14812,#14813)),.UNSPECIFIED.,.F.,.F.,
 .F.,(4,1,4),(2,2),(0.,0.0322850220379922,0.06247739110643),(0.,0.002),
 .UNSPECIFIED.);
#905=B_SPLINE_SURFACE_WITH_KNOTS('',3,1,((#14833,#14834),(#14835,#14836),
(#14837,#14838),(#14839,#14840),(#14841,#14842)),.UNSPECIFIED.,.F.,.F.,
 .F.,(4,1,4),(2,2),(0.,0.0188598813475618,0.0413051997512943),(0.,0.002),
 .UNSPECIFIED.);
#906=B_SPLINE_SURFACE_WITH_KNOTS('',3,1,((#14854,#14855),(#14856,#14857),
(#14858,#14859),(#14860,#14861),(#14862,#14863)),.UNSPECIFIED.,.F.,.F.,
 .F.,(4,1,4),(2,2),(0.,0.0227045330862772,0.0466887549143104),(0.,0.002),
 .UNSPECIFIED.);
#907=B_SPLINE_SURFACE_WITH_KNOTS('',3,1,((#14880,#14881),(#14882,#14883),
(#14884,#14885),(#14886,#14887),(#14888,#14889)),.UNSPECIFIED.,.F.,.F.,
 .F.,(4,1,4),(2,2),(0.,0.0254681052100283,0.0487089447788416),(0.,0.002),
 .UNSPECIFIED.);
#908=B_SPLINE_SURFACE_WITH_KNOTS('',3,1,((#14903,#14904),(#14905,#14906),
(#14907,#14908),(#14909,#14910),(#14911,#14912)),.UNSPECIFIED.,.F.,.F.,
 .F.,(4,1,4),(2,2),(0.,0.0382742891266579,0.0686699658558157),(0.,0.002),
 .UNSPECIFIED.);
#909=B_SPLINE_SURFACE_WITH_KNOTS('',3,1,((#14926,#14927),(#14928,#14929),
(#14930,#14931),(#14932,#14933),(#14934,#14935)),.UNSPECIFIED.,.F.,.F.,
 .F.,(4,1,4),(2,2),(0.,0.0281876674055918,0.06397083241999),(0.,0.002),
 .UNSPECIFIED.);
#910=B_SPLINE_SURFACE_WITH_KNOTS('',3,1,((#14949,#14950),(#14951,#14952),
(#14953,#14954),(#14955,#14956),(#14957,#14958)),.UNSPECIFIED.,.F.,.F.,
 .F.,(4,1,4),(2,2),(0.,0.0224572913776884,0.0463468224921909),(0.,0.002),
 .UNSPECIFIED.);
#911=B_SPLINE_SURFACE_WITH_KNOTS('',3,1,((#14972,#14973),(#14974,#14975),
(#14976,#14977),(#14978,#14979),(#14980,#14981)),.UNSPECIFIED.,.F.,.F.,
 .F.,(4,1,4),(2,2),(0.,0.0249290121128464,0.0483410145545221),(0.,0.002),
 .UNSPECIFIED.);
#912=B_SPLINE_SURFACE_WITH_KNOTS('',3,1,((#14995,#14996),(#14997,#14998),
(#14999,#15000),(#15001,#15002),(#15003,#15004)),.UNSPECIFIED.,.F.,.F.,
 .F.,(4,1,4),(2,2),(0.,0.036969750772588,0.0663239752390874),(0.,0.002),
 .UNSPECIFIED.);
#913=B_SPLINE_SURFACE_WITH_KNOTS('',3,1,((#15018,#15019),(#15020,#15021),
(#15022,#15023),(#15024,#15025),(#15026,#15027)),.UNSPECIFIED.,.F.,.F.,
 .F.,(4,1,4),(2,2),(0.,0.0289117700489821,0.0666174358225253),(0.,0.002),
 .UNSPECIFIED.);
#914=B_SPLINE_SURFACE_WITH_KNOTS('',3,1,((#15059,#15060),(#15061,#15062),
(#15063,#15064),(#15065,#15066),(#15067,#15068)),.UNSPECIFIED.,.F.,.F.,
 .F.,(4,1,4),(2,2),(0.,0.0370040782201474,0.0744346044129625),(0.,0.002),
 .UNSPECIFIED.);
#915=B_SPLINE_SURFACE_WITH_KNOTS('',3,1,((#15082,#15083),(#15084,#15085),
(#15086,#15087),(#15088,#15089),(#15090,#15091)),.UNSPECIFIED.,.F.,.F.,
 .F.,(4,1,4),(2,2),(0.,0.0247698492168988,0.049731469802202),(0.,0.002),
 .UNSPECIFIED.);
#916=B_SPLINE_SURFACE_WITH_KNOTS('',3,1,((#15105,#15106),(#15107,#15108),
(#15109,#15110),(#15111,#15112),(#15113,#15114)),.UNSPECIFIED.,.F.,.F.,
 .F.,(4,1,4),(2,2),(0.,0.026747536420464,0.0519685592982613),(0.,0.002),
 .UNSPECIFIED.);
#917=B_SPLINE_SURFACE_WITH_KNOTS('',3,1,((#15128,#15129),(#15130,#15131),
(#15132,#15133),(#15134,#15135),(#15136,#15137)),.UNSPECIFIED.,.F.,.F.,
 .F.,(4,1,4),(2,2),(0.,0.0311834215761028,0.0601418899053244),(0.,0.002),
 .UNSPECIFIED.);
#918=B_SPLINE_SURFACE_WITH_KNOTS('',3,1,((#15151,#15152),(#15153,#15154),
(#15155,#15156),(#15157,#15158),(#15159,#15160)),.UNSPECIFIED.,.F.,.F.,
 .F.,(4,1,4),(2,2),(0.,0.0421980548004405,0.0907924816323533),(0.,0.002),
 .UNSPECIFIED.);
#919=B_SPLINE_SURFACE_WITH_KNOTS('',3,1,((#15174,#15175),(#15176,#15177),
(#15178,#15179),(#15180,#15181),(#15182,#15183)),.UNSPECIFIED.,.F.,.F.,
 .F.,(4,1,4),(2,2),(0.,0.0368105202880354,0.0752112970227412),(0.,0.002),
 .UNSPECIFIED.);
#920=B_SPLINE_SURFACE_WITH_KNOTS('',3,1,((#15197,#15198),(#15199,#15200),
(#15201,#15202),(#15203,#15204),(#15205,#15206)),.UNSPECIFIED.,.F.,.F.,
 .F.,(4,1,4),(2,2),(0.,0.0170232530723722,0.0340488341997536),(0.,0.002),
 .UNSPECIFIED.);
#921=B_SPLINE_SURFACE_WITH_KNOTS('',3,1,((#15220,#15221),(#15222,#15223),
(#15224,#15225),(#15226,#15227),(#15228,#15229)),.UNSPECIFIED.,.F.,.F.,
 .F.,(4,1,4),(2,2),(0.,0.0151122816099421,0.0315367112971506),(0.,0.002),
 .UNSPECIFIED.);
#922=FACE_OUTER_BOUND('',#1332,.T.);
#923=FACE_OUTER_BOUND('',#1333,.T.);
#924=FACE_OUTER_BOUND('',#1334,.T.);
#925=FACE_OUTER_BOUND('',#1335,.T.);
#926=FACE_OUTER_BOUND('',#1336,.T.);
#927=FACE_OUTER_BOUND('',#1337,.T.);
#928=FACE_OUTER_BOUND('',#1338,.T.);
#929=FACE_OUTER_BOUND('',#1339,.T.);
#930=FACE_OUTER_BOUND('',#1340,.T.);
#931=FACE_OUTER_BOUND('',#1341,.T.);
#932=FACE_OUTER_BOUND('',#1342,.T.);
#933=FACE_OUTER_BOUND('',#1343,.T.);
#934=FACE_OUTER_BOUND('',#1344,.T.);
#935=FACE_OUTER_BOUND('',#1345,.T.);
#936=FACE_OUTER_BOUND('',#1346,.T.);
#937=FACE_OUTER_BOUND('',#1347,.T.);
#938=FACE_OUTER_BOUND('',#1348,.T.);
#939=FACE_OUTER_BOUND('',#1349,.T.);
#940=FACE_OUTER_BOUND('',#1350,.T.);
#941=FACE_OUTER_BOUND('',#1351,.T.);
#942=FACE_OUTER_BOUND('',#1352,.T.);
#943=FACE_OUTER_BOUND('',#1353,.T.);
#944=FACE_OUTER_BOUND('',#1354,.T.);
#945=FACE_OUTER_BOUND('',#1355,.T.);
#946=FACE_OUTER_BOUND('',#1356,.T.);
#947=FACE_OUTER_BOUND('',#1357,.T.);
#948=FACE_OUTER_BOUND('',#1358,.T.);
#949=FACE_OUTER_BOUND('',#1359,.T.);
#950=FACE_OUTER_BOUND('',#1360,.T.);
#951=FACE_OUTER_BOUND('',#1361,.T.);
#952=FACE_OUTER_BOUND('',#1362,.T.);
#953=FACE_OUTER_BOUND('',#1363,.T.);
#954=FACE_OUTER_BOUND('',#1364,.T.);
#955=FACE_OUTER_BOUND('',#1365,.T.);
#956=FACE_OUTER_BOUND('',#1366,.T.);
#957=FACE_OUTER_BOUND('',#1367,.T.);
#958=FACE_OUTER_BOUND('',#1368,.T.);
#959=FACE_OUTER_BOUND('',#1369,.T.);
#960=FACE_OUTER_BOUND('',#1370,.T.);
#961=FACE_OUTER_BOUND('',#1371,.T.);
#962=FACE_OUTER_BOUND('',#1372,.T.);
#963=FACE_OUTER_BOUND('',#1373,.T.);
#964=FACE_OUTER_BOUND('',#1374,.T.);
#965=FACE_OUTER_BOUND('',#1375,.T.);
#966=FACE_OUTER_BOUND('',#1376,.T.);
#967=FACE_OUTER_BOUND('',#1377,.T.);
#968=FACE_OUTER_BOUND('',#1378,.T.);
#969=FACE_OUTER_BOUND('',#1379,.T.);
#970=FACE_OUTER_BOUND('',#1380,.T.);
#971=FACE_OUTER_BOUND('',#1381,.T.);
#972=FACE_OUTER_BOUND('',#1382,.T.);
#973=FACE_OUTER_BOUND('',#1383,.T.);
#974=FACE_OUTER_BOUND('',#1384,.T.);
#975=FACE_OUTER_BOUND('',#1385,.T.);
#976=FACE_OUTER_BOUND('',#1386,.T.);
#977=FACE_OUTER_BOUND('',#1387,.T.);
#978=FACE_OUTER_BOUND('',#1388,.T.);
#979=FACE_OUTER_BOUND('',#1389,.T.);
#980=FACE_OUTER_BOUND('',#1390,.T.);
#981=FACE_OUTER_BOUND('',#1391,.T.);
#982=FACE_OUTER_BOUND('',#1392,.T.);
#983=FACE_OUTER_BOUND('',#1393,.T.);
#984=FACE_OUTER_BOUND('',#1394,.T.);
#985=FACE_OUTER_BOUND('',#1395,.T.);
#986=FACE_OUTER_BOUND('',#1396,.T.);
#987=FACE_OUTER_BOUND('',#1397,.T.);
#988=FACE_OUTER_BOUND('',#1398,.T.);
#989=FACE_OUTER_BOUND('',#1399,.T.);
#990=FACE_OUTER_BOUND('',#1400,.T.);
#991=FACE_OUTER_BOUND('',#1401,.T.);
#992=FACE_OUTER_BOUND('',#1402,.T.);
#993=FACE_OUTER_BOUND('',#1403,.T.);
#994=FACE_OUTER_BOUND('',#1404,.T.);
#995=FACE_OUTER_BOUND('',#1405,.T.);
#996=FACE_OUTER_BOUND('',#1406,.T.);
#997=FACE_OUTER_BOUND('',#1407,.T.);
#998=FACE_OUTER_BOUND('',#1408,.T.);
#999=FACE_OUTER_BOUND('',#1410,.T.);
#1000=FACE_OUTER_BOUND('',#1411,.T.);
#1001=FACE_OUTER_BOUND('',#1412,.T.);
#1002=FACE_OUTER_BOUND('',#1413,.T.);
#1003=FACE_OUTER_BOUND('',#1414,.T.);
#1004=FACE_OUTER_BOUND('',#1415,.T.);
#1005=FACE_OUTER_BOUND('',#1416,.T.);
#1006=FACE_OUTER_BOUND('',#1417,.T.);
#1007=FACE_OUTER_BOUND('',#1418,.T.);
#1008=FACE_OUTER_BOUND('',#1419,.T.);
#1009=FACE_OUTER_BOUND('',#1420,.T.);
#1010=FACE_OUTER_BOUND('',#1421,.T.);
#1011=FACE_OUTER_BOUND('',#1422,.T.);
#1012=FACE_OUTER_BOUND('',#1423,.T.);
#1013=FACE_OUTER_BOUND('',#1424,.T.);
#1014=FACE_OUTER_BOUND('',#1425,.T.);
#1015=FACE_OUTER_BOUND('',#1426,.T.);
#1016=FACE_OUTER_BOUND('',#1427,.T.);
#1017=FACE_OUTER_BOUND('',#1428,.T.);
#1018=FACE_OUTER_BOUND('',#1429,.T.);
#1019=FACE_OUTER_BOUND('',#1430,.T.);
#1020=FACE_OUTER_BOUND('',#1431,.T.);
#1021=FACE_OUTER_BOUND('',#1432,.T.);
#1022=FACE_OUTER_BOUND('',#1433,.T.);
#1023=FACE_OUTER_BOUND('',#1434,.T.);
#1024=FACE_OUTER_BOUND('',#1435,.T.);
#1025=FACE_OUTER_BOUND('',#1436,.T.);
#1026=FACE_OUTER_BOUND('',#1437,.T.);
#1027=FACE_OUTER_BOUND('',#1438,.T.);
#1028=FACE_OUTER_BOUND('',#1439,.T.);
#1029=FACE_OUTER_BOUND('',#1440,.T.);
#1030=FACE_OUTER_BOUND('',#1441,.T.);
#1031=FACE_OUTER_BOUND('',#1442,.T.);
#1032=FACE_OUTER_BOUND('',#1443,.T.);
#1033=FACE_OUTER_BOUND('',#1444,.T.);
#1034=FACE_OUTER_BOUND('',#1445,.T.);
#1035=FACE_OUTER_BOUND('',#1447,.T.);
#1036=FACE_OUTER_BOUND('',#1448,.T.);
#1037=FACE_OUTER_BOUND('',#1449,.T.);
#1038=FACE_OUTER_BOUND('',#1450,.T.);
#1039=FACE_OUTER_BOUND('',#1451,.T.);
#1040=FACE_OUTER_BOUND('',#1452,.T.);
#1041=FACE_OUTER_BOUND('',#1453,.T.);
#1042=FACE_OUTER_BOUND('',#1454,.T.);
#1043=FACE_OUTER_BOUND('',#1455,.T.);
#1044=FACE_OUTER_BOUND('',#1456,.T.);
#1045=FACE_OUTER_BOUND('',#1457,.T.);
#1046=FACE_OUTER_BOUND('',#1458,.T.);
#1047=FACE_OUTER_BOUND('',#1459,.T.);
#1048=FACE_OUTER_BOUND('',#1460,.T.);
#1049=FACE_OUTER_BOUND('',#1461,.T.);
#1050=FACE_OUTER_BOUND('',#1462,.T.);
#1051=FACE_OUTER_BOUND('',#1463,.T.);
#1052=FACE_OUTER_BOUND('',#1464,.T.);
#1053=FACE_OUTER_BOUND('',#1465,.T.);
#1054=FACE_OUTER_BOUND('',#1466,.T.);
#1055=FACE_OUTER_BOUND('',#1467,.T.);
#1056=FACE_OUTER_BOUND('',#1468,.T.);
#1057=FACE_OUTER_BOUND('',#1469,.T.);
#1058=FACE_OUTER_BOUND('',#1470,.T.);
#1059=FACE_OUTER_BOUND('',#1471,.T.);
#1060=FACE_OUTER_BOUND('',#1472,.T.);
#1061=FACE_OUTER_BOUND('',#1473,.T.);
#1062=FACE_OUTER_BOUND('',#1474,.T.);
#1063=FACE_OUTER_BOUND('',#1475,.T.);
#1064=FACE_OUTER_BOUND('',#1476,.T.);
#1065=FACE_OUTER_BOUND('',#1477,.T.);
#1066=FACE_OUTER_BOUND('',#1478,.T.);
#1067=FACE_OUTER_BOUND('',#1479,.T.);
#1068=FACE_OUTER_BOUND('',#1480,.T.);
#1069=FACE_OUTER_BOUND('',#1481,.T.);
#1070=FACE_OUTER_BOUND('',#1482,.T.);
#1071=FACE_OUTER_BOUND('',#1483,.T.);
#1072=FACE_OUTER_BOUND('',#1484,.T.);
#1073=FACE_OUTER_BOUND('',#1486,.T.);
#1074=FACE_OUTER_BOUND('',#1487,.T.);
#1075=FACE_OUTER_BOUND('',#1488,.T.);
#1076=FACE_OUTER_BOUND('',#1489,.T.);
#1077=FACE_OUTER_BOUND('',#1490,.T.);
#1078=FACE_OUTER_BOUND('',#1491,.T.);
#1079=FACE_OUTER_BOUND('',#1492,.T.);
#1080=FACE_OUTER_BOUND('',#1493,.T.);
#1081=FACE_OUTER_BOUND('',#1494,.T.);
#1082=FACE_OUTER_BOUND('',#1495,.T.);
#1083=FACE_OUTER_BOUND('',#1496,.T.);
#1084=FACE_OUTER_BOUND('',#1497,.T.);
#1085=FACE_OUTER_BOUND('',#1498,.T.);
#1086=FACE_OUTER_BOUND('',#1499,.T.);
#1087=FACE_OUTER_BOUND('',#1500,.T.);
#1088=FACE_OUTER_BOUND('',#1501,.T.);
#1089=FACE_OUTER_BOUND('',#1502,.T.);
#1090=FACE_OUTER_BOUND('',#1503,.T.);
#1091=FACE_OUTER_BOUND('',#1504,.T.);
#1092=FACE_OUTER_BOUND('',#1505,.T.);
#1093=FACE_OUTER_BOUND('',#1506,.T.);
#1094=FACE_OUTER_BOUND('',#1507,.T.);
#1095=FACE_OUTER_BOUND('',#1508,.T.);
#1096=FACE_OUTER_BOUND('',#1509,.T.);
#1097=FACE_OUTER_BOUND('',#1510,.T.);
#1098=FACE_OUTER_BOUND('',#1511,.T.);
#1099=FACE_OUTER_BOUND('',#1512,.T.);
#1100=FACE_OUTER_BOUND('',#1513,.T.);
#1101=FACE_OUTER_BOUND('',#1514,.T.);
#1102=FACE_OUTER_BOUND('',#1515,.T.);
#1103=FACE_OUTER_BOUND('',#1516,.T.);
#1104=FACE_OUTER_BOUND('',#1517,.T.);
#1105=FACE_OUTER_BOUND('',#1519,.T.);
#1106=FACE_OUTER_BOUND('',#1520,.T.);
#1107=FACE_OUTER_BOUND('',#1521,.T.);
#1108=FACE_OUTER_BOUND('',#1522,.T.);
#1109=FACE_OUTER_BOUND('',#1523,.T.);
#1110=FACE_OUTER_BOUND('',#1524,.T.);
#1111=FACE_OUTER_BOUND('',#1525,.T.);
#1112=FACE_OUTER_BOUND('',#1526,.T.);
#1113=FACE_OUTER_BOUND('',#1527,.T.);
#1114=FACE_OUTER_BOUND('',#1528,.T.);
#1115=FACE_OUTER_BOUND('',#1529,.T.);
#1116=FACE_OUTER_BOUND('',#1530,.T.);
#1117=FACE_OUTER_BOUND('',#1531,.T.);
#1118=FACE_OUTER_BOUND('',#1532,.T.);
#1119=FACE_OUTER_BOUND('',#1533,.T.);
#1120=FACE_OUTER_BOUND('',#1534,.T.);
#1121=FACE_OUTER_BOUND('',#1535,.T.);
#1122=FACE_OUTER_BOUND('',#1536,.T.);
#1123=FACE_OUTER_BOUND('',#1538,.T.);
#1124=FACE_OUTER_BOUND('',#1539,.T.);
#1125=FACE_OUTER_BOUND('',#1540,.T.);
#1126=FACE_OUTER_BOUND('',#1541,.T.);
#1127=FACE_OUTER_BOUND('',#1542,.T.);
#1128=FACE_OUTER_BOUND('',#1543,.T.);
#1129=FACE_OUTER_BOUND('',#1544,.T.);
#1130=FACE_OUTER_BOUND('',#1545,.T.);
#1131=FACE_OUTER_BOUND('',#1546,.T.);
#1132=FACE_OUTER_BOUND('',#1547,.T.);
#1133=FACE_OUTER_BOUND('',#1548,.T.);
#1134=FACE_OUTER_BOUND('',#1549,.T.);
#1135=FACE_OUTER_BOUND('',#1550,.T.);
#1136=FACE_OUTER_BOUND('',#1551,.T.);
#1137=FACE_OUTER_BOUND('',#1552,.T.);
#1138=FACE_OUTER_BOUND('',#1553,.T.);
#1139=FACE_OUTER_BOUND('',#1554,.T.);
#1140=FACE_OUTER_BOUND('',#1555,.T.);
#1141=FACE_OUTER_BOUND('',#1556,.T.);
#1142=FACE_OUTER_BOUND('',#1557,.T.);
#1143=FACE_OUTER_BOUND('',#1558,.T.);
#1144=FACE_OUTER_BOUND('',#1559,.T.);
#1145=FACE_OUTER_BOUND('',#1560,.T.);
#1146=FACE_OUTER_BOUND('',#1561,.T.);
#1147=FACE_OUTER_BOUND('',#1562,.T.);
#1148=FACE_OUTER_BOUND('',#1563,.T.);
#1149=FACE_OUTER_BOUND('',#1564,.T.);
#1150=FACE_OUTER_BOUND('',#1565,.T.);
#1151=FACE_OUTER_BOUND('',#1566,.T.);
#1152=FACE_OUTER_BOUND('',#1567,.T.);
#1153=FACE_OUTER_BOUND('',#1568,.T.);
#1154=FACE_OUTER_BOUND('',#1569,.T.);
#1155=FACE_OUTER_BOUND('',#1570,.T.);
#1156=FACE_OUTER_BOUND('',#1571,.T.);
#1157=FACE_OUTER_BOUND('',#1572,.T.);
#1158=FACE_OUTER_BOUND('',#1573,.T.);
#1159=FACE_OUTER_BOUND('',#1574,.T.);
#1160=FACE_OUTER_BOUND('',#1575,.T.);
#1161=FACE_OUTER_BOUND('',#1576,.T.);
#1162=FACE_OUTER_BOUND('',#1577,.T.);
#1163=FACE_OUTER_BOUND('',#1578,.T.);
#1164=FACE_OUTER_BOUND('',#1579,.T.);
#1165=FACE_OUTER_BOUND('',#1580,.T.);
#1166=FACE_OUTER_BOUND('',#1581,.T.);
#1167=FACE_OUTER_BOUND('',#1582,.T.);
#1168=FACE_OUTER_BOUND('',#1583,.T.);
#1169=FACE_OUTER_BOUND('',#1584,.T.);
#1170=FACE_OUTER_BOUND('',#1585,.T.);
#1171=FACE_OUTER_BOUND('',#1586,.T.);
#1172=FACE_OUTER_BOUND('',#1587,.T.);
#1173=FACE_OUTER_BOUND('',#1588,.T.);
#1174=FACE_OUTER_BOUND('',#1589,.T.);
#1175=FACE_OUTER_BOUND('',#1590,.T.);
#1176=FACE_OUTER_BOUND('',#1591,.T.);
#1177=FACE_OUTER_BOUND('',#1592,.T.);
#1178=FACE_OUTER_BOUND('',#1593,.T.);
#1179=FACE_OUTER_BOUND('',#1594,.T.);
#1180=FACE_OUTER_BOUND('',#1595,.T.);
#1181=FACE_OUTER_BOUND('',#1597,.T.);
#1182=FACE_OUTER_BOUND('',#1598,.T.);
#1183=FACE_OUTER_BOUND('',#1599,.T.);
#1184=FACE_OUTER_BOUND('',#1600,.T.);
#1185=FACE_OUTER_BOUND('',#1601,.T.);
#1186=FACE_OUTER_BOUND('',#1602,.T.);
#1187=FACE_OUTER_BOUND('',#1603,.T.);
#1188=FACE_OUTER_BOUND('',#1604,.T.);
#1189=FACE_OUTER_BOUND('',#1605,.T.);
#1190=FACE_OUTER_BOUND('',#1606,.T.);
#1191=FACE_OUTER_BOUND('',#1607,.T.);
#1192=FACE_OUTER_BOUND('',#1608,.T.);
#1193=FACE_OUTER_BOUND('',#1609,.T.);
#1194=FACE_OUTER_BOUND('',#1610,.T.);
#1195=FACE_OUTER_BOUND('',#1611,.T.);
#1196=FACE_OUTER_BOUND('',#1612,.T.);
#1197=FACE_OUTER_BOUND('',#1613,.T.);
#1198=FACE_OUTER_BOUND('',#1614,.T.);
#1199=FACE_OUTER_BOUND('',#1615,.T.);
#1200=FACE_OUTER_BOUND('',#1616,.T.);
#1201=FACE_OUTER_BOUND('',#1617,.T.);
#1202=FACE_OUTER_BOUND('',#1618,.T.);
#1203=FACE_OUTER_BOUND('',#1619,.T.);
#1204=FACE_OUTER_BOUND('',#1620,.T.);
#1205=FACE_OUTER_BOUND('',#1621,.T.);
#1206=FACE_OUTER_BOUND('',#1622,.T.);
#1207=FACE_OUTER_BOUND('',#1623,.T.);
#1208=FACE_OUTER_BOUND('',#1624,.T.);
#1209=FACE_OUTER_BOUND('',#1625,.T.);
#1210=FACE_OUTER_BOUND('',#1626,.T.);
#1211=FACE_OUTER_BOUND('',#1627,.T.);
#1212=FACE_OUTER_BOUND('',#1628,.T.);
#1213=FACE_OUTER_BOUND('',#1629,.T.);
#1214=FACE_OUTER_BOUND('',#1630,.T.);
#1215=FACE_OUTER_BOUND('',#1631,.T.);
#1216=FACE_OUTER_BOUND('',#1632,.T.);
#1217=FACE_OUTER_BOUND('',#1633,.T.);
#1218=FACE_OUTER_BOUND('',#1634,.T.);
#1219=FACE_OUTER_BOUND('',#1635,.T.);
#1220=FACE_OUTER_BOUND('',#1636,.T.);
#1221=FACE_OUTER_BOUND('',#1637,.T.);
#1222=FACE_OUTER_BOUND('',#1638,.T.);
#1223=FACE_OUTER_BOUND('',#1639,.T.);
#1224=FACE_OUTER_BOUND('',#1640,.T.);
#1225=FACE_OUTER_BOUND('',#1641,.T.);
#1226=FACE_OUTER_BOUND('',#1642,.T.);
#1227=FACE_OUTER_BOUND('',#1643,.T.);
#1228=FACE_OUTER_BOUND('',#1644,.T.);
#1229=FACE_OUTER_BOUND('',#1645,.T.);
#1230=FACE_OUTER_BOUND('',#1646,.T.);
#1231=FACE_OUTER_BOUND('',#1647,.T.);
#1232=FACE_OUTER_BOUND('',#1648,.T.);
#1233=FACE_OUTER_BOUND('',#1649,.T.);
#1234=FACE_OUTER_BOUND('',#1650,.T.);
#1235=FACE_OUTER_BOUND('',#1651,.T.);
#1236=FACE_OUTER_BOUND('',#1653,.T.);
#1237=FACE_OUTER_BOUND('',#1654,.T.);
#1238=FACE_OUTER_BOUND('',#1655,.T.);
#1239=FACE_OUTER_BOUND('',#1656,.T.);
#1240=FACE_OUTER_BOUND('',#1657,.T.);
#1241=FACE_OUTER_BOUND('',#1658,.T.);
#1242=FACE_OUTER_BOUND('',#1659,.T.);
#1243=FACE_OUTER_BOUND('',#1660,.T.);
#1244=FACE_OUTER_BOUND('',#1661,.T.);
#1245=FACE_OUTER_BOUND('',#1662,.T.);
#1246=FACE_OUTER_BOUND('',#1663,.T.);
#1247=FACE_OUTER_BOUND('',#1664,.T.);
#1248=FACE_OUTER_BOUND('',#1665,.T.);
#1249=FACE_OUTER_BOUND('',#1666,.T.);
#1250=FACE_OUTER_BOUND('',#1667,.T.);
#1251=FACE_OUTER_BOUND('',#1668,.T.);
#1252=FACE_OUTER_BOUND('',#1669,.T.);
#1253=FACE_OUTER_BOUND('',#1670,.T.);
#1254=FACE_OUTER_BOUND('',#1671,.T.);
#1255=FACE_OUTER_BOUND('',#1672,.T.);
#1256=FACE_OUTER_BOUND('',#1673,.T.);
#1257=FACE_OUTER_BOUND('',#1674,.T.);
#1258=FACE_OUTER_BOUND('',#1676,.T.);
#1259=FACE_OUTER_BOUND('',#1702,.T.);
#1260=FACE_OUTER_BOUND('',#1703,.T.);
#1261=FACE_OUTER_BOUND('',#1704,.T.);
#1262=FACE_OUTER_BOUND('',#1705,.T.);
#1263=FACE_OUTER_BOUND('',#1706,.T.);
#1264=FACE_OUTER_BOUND('',#1707,.T.);
#1265=FACE_OUTER_BOUND('',#1708,.T.);
#1266=FACE_OUTER_BOUND('',#1709,.T.);
#1267=FACE_OUTER_BOUND('',#1710,.T.);
#1268=FACE_OUTER_BOUND('',#1711,.T.);
#1269=FACE_OUTER_BOUND('',#1712,.T.);
#1270=FACE_OUTER_BOUND('',#1713,.T.);
#1271=FACE_OUTER_BOUND('',#1714,.T.);
#1272=FACE_OUTER_BOUND('',#1715,.T.);
#1273=FACE_OUTER_BOUND('',#1716,.T.);
#1274=FACE_OUTER_BOUND('',#1717,.T.);
#1275=FACE_OUTER_BOUND('',#1718,.T.);
#1276=FACE_OUTER_BOUND('',#1719,.T.);
#1277=FACE_OUTER_BOUND('',#1720,.T.);
#1278=FACE_OUTER_BOUND('',#1721,.T.);
#1279=FACE_OUTER_BOUND('',#1722,.T.);
#1280=FACE_OUTER_BOUND('',#1723,.T.);
#1281=FACE_OUTER_BOUND('',#1724,.T.);
#1282=FACE_OUTER_BOUND('',#1725,.T.);
#1283=FACE_OUTER_BOUND('',#1726,.T.);
#1284=FACE_OUTER_BOUND('',#1727,.T.);
#1285=FACE_OUTER_BOUND('',#1728,.T.);
#1286=FACE_OUTER_BOUND('',#1729,.T.);
#1287=FACE_OUTER_BOUND('',#1730,.T.);
#1288=FACE_OUTER_BOUND('',#1731,.T.);
#1289=FACE_OUTER_BOUND('',#1732,.T.);
#1290=FACE_OUTER_BOUND('',#1733,.T.);
#1291=FACE_OUTER_BOUND('',#1734,.T.);
#1292=FACE_OUTER_BOUND('',#1735,.T.);
#1293=FACE_OUTER_BOUND('',#1736,.T.);
#1294=FACE_OUTER_BOUND('',#1737,.T.);
#1295=FACE_OUTER_BOUND('',#1738,.T.);
#1296=FACE_OUTER_BOUND('',#1739,.T.);
#1297=FACE_OUTER_BOUND('',#1740,.T.);
#1298=FACE_OUTER_BOUND('',#1741,.T.);
#1299=FACE_OUTER_BOUND('',#1742,.T.);
#1300=FACE_OUTER_BOUND('',#1743,.T.);
#1301=FACE_OUTER_BOUND('',#1744,.T.);
#1302=FACE_OUTER_BOUND('',#1745,.T.);
#1303=FACE_OUTER_BOUND('',#1746,.T.);
#1304=FACE_OUTER_BOUND('',#1747,.T.);
#1305=FACE_OUTER_BOUND('',#1748,.T.);
#1306=FACE_OUTER_BOUND('',#1749,.T.);
#1307=FACE_OUTER_BOUND('',#1750,.T.);
#1308=FACE_OUTER_BOUND('',#1751,.T.);
#1309=FACE_OUTER_BOUND('',#1752,.T.);
#1310=FACE_OUTER_BOUND('',#1753,.T.);
#1311=FACE_OUTER_BOUND('',#1754,.T.);
#1312=FACE_OUTER_BOUND('',#1755,.T.);
#1313=FACE_OUTER_BOUND('',#1756,.T.);
#1314=FACE_OUTER_BOUND('',#1757,.T.);
#1315=FACE_OUTER_BOUND('',#1758,.T.);
#1316=FACE_OUTER_BOUND('',#1759,.T.);
#1317=FACE_OUTER_BOUND('',#1760,.T.);
#1318=FACE_OUTER_BOUND('',#1761,.T.);
#1319=FACE_OUTER_BOUND('',#1762,.T.);
#1320=FACE_OUTER_BOUND('',#1763,.T.);
#1321=FACE_OUTER_BOUND('',#1764,.T.);
#1322=FACE_OUTER_BOUND('',#1765,.T.);
#1323=FACE_OUTER_BOUND('',#1766,.T.);
#1324=FACE_OUTER_BOUND('',#1767,.T.);
#1325=FACE_OUTER_BOUND('',#1768,.T.);
#1326=FACE_OUTER_BOUND('',#1769,.T.);
#1327=FACE_OUTER_BOUND('',#1770,.T.);
#1328=FACE_OUTER_BOUND('',#1771,.T.);
#1329=FACE_OUTER_BOUND('',#1772,.T.);
#1330=FACE_OUTER_BOUND('',#1773,.T.);
#1331=FACE_OUTER_BOUND('',#1774,.T.);
#1332=EDGE_LOOP('',(#4868,#4869,#4870,#4871));
#1333=EDGE_LOOP('',(#4872,#4873,#4874,#4875));
#1334=EDGE_LOOP('',(#4876,#4877,#4878,#4879));
#1335=EDGE_LOOP('',(#4880,#4881,#4882,#4883));
#1336=EDGE_LOOP('',(#4884,#4885,#4886,#4887));
#1337=EDGE_LOOP('',(#4888,#4889,#4890,#4891));
#1338=EDGE_LOOP('',(#4892,#4893,#4894,#4895));
#1339=EDGE_LOOP('',(#4896,#4897,#4898,#4899));
#1340=EDGE_LOOP('',(#4900,#4901,#4902,#4903));
#1341=EDGE_LOOP('',(#4904,#4905,#4906,#4907));
#1342=EDGE_LOOP('',(#4908,#4909,#4910,#4911));
#1343=EDGE_LOOP('',(#4912,#4913,#4914,#4915));
#1344=EDGE_LOOP('',(#4916,#4917,#4918,#4919));
#1345=EDGE_LOOP('',(#4920,#4921,#4922,#4923));
#1346=EDGE_LOOP('',(#4924,#4925,#4926,#4927));
#1347=EDGE_LOOP('',(#4928,#4929,#4930,#4931));
#1348=EDGE_LOOP('',(#4932,#4933,#4934,#4935));
#1349=EDGE_LOOP('',(#4936,#4937,#4938,#4939));
#1350=EDGE_LOOP('',(#4940,#4941,#4942,#4943));
#1351=EDGE_LOOP('',(#4944,#4945,#4946,#4947,#4948,#4949,#4950,#4951,#4952,
#4953,#4954,#4955,#4956,#4957,#4958,#4959,#4960,#4961,#4962));
#1352=EDGE_LOOP('',(#4963,#4964,#4965,#4966));
#1353=EDGE_LOOP('',(#4967,#4968,#4969,#4970));
#1354=EDGE_LOOP('',(#4971,#4972,#4973,#4974));
#1355=EDGE_LOOP('',(#4975,#4976,#4977,#4978));
#1356=EDGE_LOOP('',(#4979,#4980,#4981,#4982));
#1357=EDGE_LOOP('',(#4983,#4984,#4985,#4986));
#1358=EDGE_LOOP('',(#4987,#4988,#4989,#4990));
#1359=EDGE_LOOP('',(#4991,#4992,#4993,#4994));
#1360=EDGE_LOOP('',(#4995,#4996,#4997,#4998));
#1361=EDGE_LOOP('',(#4999,#5000,#5001,#5002));
#1362=EDGE_LOOP('',(#5003,#5004,#5005,#5006));
#1363=EDGE_LOOP('',(#5007,#5008,#5009,#5010));
#1364=EDGE_LOOP('',(#5011,#5012,#5013,#5014));
#1365=EDGE_LOOP('',(#5015,#5016,#5017,#5018));
#1366=EDGE_LOOP('',(#5019,#5020,#5021,#5022));
#1367=EDGE_LOOP('',(#5023,#5024,#5025,#5026));
#1368=EDGE_LOOP('',(#5027,#5028,#5029,#5030));
#1369=EDGE_LOOP('',(#5031,#5032,#5033,#5034));
#1370=EDGE_LOOP('',(#5035,#5036,#5037,#5038));
#1371=EDGE_LOOP('',(#5039,#5040,#5041,#5042));
#1372=EDGE_LOOP('',(#5043,#5044,#5045,#5046));
#1373=EDGE_LOOP('',(#5047,#5048,#5049,#5050));
#1374=EDGE_LOOP('',(#5051,#5052,#5053,#5054));
#1375=EDGE_LOOP('',(#5055,#5056,#5057,#5058));
#1376=EDGE_LOOP('',(#5059,#5060,#5061,#5062));
#1377=EDGE_LOOP('',(#5063,#5064,#5065,#5066));
#1378=EDGE_LOOP('',(#5067,#5068,#5069,#5070));
#1379=EDGE_LOOP('',(#5071,#5072,#5073,#5074));
#1380=EDGE_LOOP('',(#5075,#5076,#5077,#5078));
#1381=EDGE_LOOP('',(#5079,#5080,#5081,#5082));
#1382=EDGE_LOOP('',(#5083,#5084,#5085,#5086));
#1383=EDGE_LOOP('',(#5087,#5088,#5089,#5090));
#1384=EDGE_LOOP('',(#5091,#5092,#5093,#5094));
#1385=EDGE_LOOP('',(#5095,#5096,#5097,#5098,#5099,#5100,#5101,#5102,#5103,
#5104,#5105,#5106,#5107,#5108,#5109,#5110,#5111,#5112,#5113,#5114,#5115,
#5116,#5117,#5118,#5119,#5120,#5121,#5122));
#1386=EDGE_LOOP('',(#5123,#5124,#5125,#5126));
#1387=EDGE_LOOP('',(#5127,#5128,#5129,#5130));
#1388=EDGE_LOOP('',(#5131,#5132,#5133,#5134));
#1389=EDGE_LOOP('',(#5135,#5136,#5137,#5138));
#1390=EDGE_LOOP('',(#5139,#5140,#5141,#5142));
#1391=EDGE_LOOP('',(#5143,#5144,#5145,#5146));
#1392=EDGE_LOOP('',(#5147,#5148,#5149,#5150));
#1393=EDGE_LOOP('',(#5151,#5152,#5153,#5154));
#1394=EDGE_LOOP('',(#5155,#5156,#5157,#5158));
#1395=EDGE_LOOP('',(#5159,#5160,#5161,#5162));
#1396=EDGE_LOOP('',(#5163,#5164,#5165,#5166));
#1397=EDGE_LOOP('',(#5167,#5168,#5169,#5170));
#1398=EDGE_LOOP('',(#5171,#5172,#5173,#5174));
#1399=EDGE_LOOP('',(#5175,#5176,#5177,#5178));
#1400=EDGE_LOOP('',(#5179,#5180,#5181,#5182));
#1401=EDGE_LOOP('',(#5183,#5184,#5185,#5186));
#1402=EDGE_LOOP('',(#5187,#5188,#5189,#5190));
#1403=EDGE_LOOP('',(#5191,#5192,#5193,#5194));
#1404=EDGE_LOOP('',(#5195,#5196,#5197,#5198));
#1405=EDGE_LOOP('',(#5199,#5200,#5201,#5202));
#1406=EDGE_LOOP('',(#5203,#5204,#5205,#5206));
#1407=EDGE_LOOP('',(#5207,#5208,#5209,#5210));
#1408=EDGE_LOOP('',(#5211,#5212,#5213,#5214,#5215,#5216,#5217,#5218,#5219,
#5220,#5221,#5222,#5223,#5224));
#1409=EDGE_LOOP('',(#5225,#5226,#5227,#5228,#5229,#5230,#5231,#5232));
#1410=EDGE_LOOP('',(#5233,#5234,#5235,#5236));
#1411=EDGE_LOOP('',(#5237,#5238,#5239,#5240));
#1412=EDGE_LOOP('',(#5241,#5242,#5243,#5244));
#1413=EDGE_LOOP('',(#5245,#5246,#5247,#5248));
#1414=EDGE_LOOP('',(#5249,#5250,#5251,#5252));
#1415=EDGE_LOOP('',(#5253,#5254,#5255,#5256));
#1416=EDGE_LOOP('',(#5257,#5258,#5259,#5260));
#1417=EDGE_LOOP('',(#5261,#5262,#5263,#5264));
#1418=EDGE_LOOP('',(#5265,#5266,#5267,#5268));
#1419=EDGE_LOOP('',(#5269,#5270,#5271,#5272));
#1420=EDGE_LOOP('',(#5273,#5274,#5275,#5276));
#1421=EDGE_LOOP('',(#5277,#5278,#5279,#5280));
#1422=EDGE_LOOP('',(#5281,#5282,#5283,#5284));
#1423=EDGE_LOOP('',(#5285,#5286,#5287,#5288,#5289,#5290,#5291,#5292,#5293,
#5294,#5295,#5296,#5297));
#1424=EDGE_LOOP('',(#5298,#5299,#5300,#5301));
#1425=EDGE_LOOP('',(#5302,#5303,#5304,#5305));
#1426=EDGE_LOOP('',(#5306,#5307,#5308,#5309));
#1427=EDGE_LOOP('',(#5310,#5311,#5312,#5313));
#1428=EDGE_LOOP('',(#5314,#5315,#5316,#5317));
#1429=EDGE_LOOP('',(#5318,#5319,#5320,#5321));
#1430=EDGE_LOOP('',(#5322,#5323,#5324,#5325));
#1431=EDGE_LOOP('',(#5326,#5327,#5328,#5329));
#1432=EDGE_LOOP('',(#5330,#5331,#5332,#5333));
#1433=EDGE_LOOP('',(#5334,#5335,#5336,#5337));
#1434=EDGE_LOOP('',(#5338,#5339,#5340,#5341));
#1435=EDGE_LOOP('',(#5342,#5343,#5344,#5345));
#1436=EDGE_LOOP('',(#5346,#5347,#5348,#5349));
#1437=EDGE_LOOP('',(#5350,#5351,#5352,#5353));
#1438=EDGE_LOOP('',(#5354,#5355,#5356,#5357));
#1439=EDGE_LOOP('',(#5358,#5359,#5360,#5361));
#1440=EDGE_LOOP('',(#5362,#5363,#5364,#5365));
#1441=EDGE_LOOP('',(#5366,#5367,#5368,#5369));
#1442=EDGE_LOOP('',(#5370,#5371,#5372,#5373));
#1443=EDGE_LOOP('',(#5374,#5375,#5376,#5377));
#1444=EDGE_LOOP('',(#5378,#5379,#5380,#5381));
#1445=EDGE_LOOP('',(#5382,#5383,#5384,#5385,#5386,#5387,#5388,#5389,#5390,
#5391,#5392,#5393,#5394));
#1446=EDGE_LOOP('',(#5395,#5396,#5397,#5398,#5399,#5400,#5401,#5402));
#1447=EDGE_LOOP('',(#5403,#5404,#5405,#5406));
#1448=EDGE_LOOP('',(#5407,#5408,#5409,#5410));
#1449=EDGE_LOOP('',(#5411,#5412,#5413,#5414));
#1450=EDGE_LOOP('',(#5415,#5416,#5417,#5418));
#1451=EDGE_LOOP('',(#5419,#5420,#5421,#5422));
#1452=EDGE_LOOP('',(#5423,#5424,#5425,#5426));
#1453=EDGE_LOOP('',(#5427,#5428,#5429,#5430));
#1454=EDGE_LOOP('',(#5431,#5432,#5433,#5434));
#1455=EDGE_LOOP('',(#5435,#5436,#5437,#5438));
#1456=EDGE_LOOP('',(#5439,#5440,#5441,#5442));
#1457=EDGE_LOOP('',(#5443,#5444,#5445,#5446));
#1458=EDGE_LOOP('',(#5447,#5448,#5449,#5450));
#1459=EDGE_LOOP('',(#5451,#5452,#5453,#5454));
#1460=EDGE_LOOP('',(#5455,#5456,#5457,#5458));
#1461=EDGE_LOOP('',(#5459,#5460,#5461,#5462));
#1462=EDGE_LOOP('',(#5463,#5464,#5465,#5466));
#1463=EDGE_LOOP('',(#5467,#5468,#5469,#5470));
#1464=EDGE_LOOP('',(#5471,#5472,#5473,#5474));
#1465=EDGE_LOOP('',(#5475,#5476,#5477,#5478));
#1466=EDGE_LOOP('',(#5479,#5480,#5481,#5482));
#1467=EDGE_LOOP('',(#5483,#5484,#5485,#5486));
#1468=EDGE_LOOP('',(#5487,#5488,#5489,#5490));
#1469=EDGE_LOOP('',(#5491,#5492,#5493,#5494));
#1470=EDGE_LOOP('',(#5495,#5496,#5497,#5498));
#1471=EDGE_LOOP('',(#5499,#5500,#5501,#5502));
#1472=EDGE_LOOP('',(#5503,#5504,#5505,#5506));
#1473=EDGE_LOOP('',(#5507,#5508,#5509,#5510));
#1474=EDGE_LOOP('',(#5511,#5512,#5513,#5514));
#1475=EDGE_LOOP('',(#5515,#5516,#5517,#5518));
#1476=EDGE_LOOP('',(#5519,#5520,#5521,#5522));
#1477=EDGE_LOOP('',(#5523,#5524,#5525,#5526));
#1478=EDGE_LOOP('',(#5527,#5528,#5529,#5530));
#1479=EDGE_LOOP('',(#5531,#5532,#5533,#5534));
#1480=EDGE_LOOP('',(#5535,#5536,#5537,#5538));
#1481=EDGE_LOOP('',(#5539,#5540,#5541,#5542));
#1482=EDGE_LOOP('',(#5543,#5544,#5545,#5546));
#1483=EDGE_LOOP('',(#5547,#5548,#5549,#5550));
#1484=EDGE_LOOP('',(#5551,#5552,#5553,#5554,#5555,#5556,#5557,#5558,#5559,
#5560,#5561,#5562,#5563,#5564,#5565,#5566,#5567,#5568,#5569,#5570,#5571,
#5572,#5573,#5574,#5575,#5576,#5577));
#1485=EDGE_LOOP('',(#5578,#5579,#5580,#5581,#5582,#5583,#5584,#5585,#5586,
#5587));
#1486=EDGE_LOOP('',(#5588,#5589,#5590,#5591));
#1487=EDGE_LOOP('',(#5592,#5593,#5594,#5595));
#1488=EDGE_LOOP('',(#5596,#5597,#5598,#5599));
#1489=EDGE_LOOP('',(#5600,#5601,#5602,#5603));
#1490=EDGE_LOOP('',(#5604,#5605,#5606,#5607));
#1491=EDGE_LOOP('',(#5608,#5609,#5610,#5611));
#1492=EDGE_LOOP('',(#5612,#5613,#5614,#5615));
#1493=EDGE_LOOP('',(#5616,#5617,#5618,#5619));
#1494=EDGE_LOOP('',(#5620,#5621,#5622,#5623));
#1495=EDGE_LOOP('',(#5624,#5625,#5626,#5627));
#1496=EDGE_LOOP('',(#5628,#5629,#5630,#5631));
#1497=EDGE_LOOP('',(#5632,#5633,#5634,#5635));
#1498=EDGE_LOOP('',(#5636,#5637,#5638,#5639));
#1499=EDGE_LOOP('',(#5640,#5641,#5642,#5643,#5644,#5645,#5646,#5647,#5648,
#5649,#5650,#5651,#5652));
#1500=EDGE_LOOP('',(#5653,#5654,#5655,#5656));
#1501=EDGE_LOOP('',(#5657,#5658,#5659,#5660));
#1502=EDGE_LOOP('',(#5661,#5662,#5663,#5664));
#1503=EDGE_LOOP('',(#5665,#5666,#5667,#5668));
#1504=EDGE_LOOP('',(#5669,#5670,#5671,#5672));
#1505=EDGE_LOOP('',(#5673,#5674,#5675,#5676));
#1506=EDGE_LOOP('',(#5677,#5678,#5679,#5680));
#1507=EDGE_LOOP('',(#5681,#5682,#5683,#5684));
#1508=EDGE_LOOP('',(#5685,#5686,#5687,#5688));
#1509=EDGE_LOOP('',(#5689,#5690,#5691,#5692));
#1510=EDGE_LOOP('',(#5693,#5694,#5695,#5696));
#1511=EDGE_LOOP('',(#5697,#5698,#5699,#5700));
#1512=EDGE_LOOP('',(#5701,#5702,#5703,#5704));
#1513=EDGE_LOOP('',(#5705,#5706,#5707,#5708));
#1514=EDGE_LOOP('',(#5709,#5710,#5711,#5712));
#1515=EDGE_LOOP('',(#5713,#5714,#5715,#5716));
#1516=EDGE_LOOP('',(#5717,#5718,#5719,#5720));
#1517=EDGE_LOOP('',(#5721,#5722,#5723,#5724,#5725,#5726,#5727,#5728,#5729));
#1518=EDGE_LOOP('',(#5730,#5731,#5732,#5733,#5734,#5735,#5736,#5737));
#1519=EDGE_LOOP('',(#5738,#5739,#5740,#5741));
#1520=EDGE_LOOP('',(#5742,#5743,#5744,#5745));
#1521=EDGE_LOOP('',(#5746,#5747,#5748,#5749));
#1522=EDGE_LOOP('',(#5750,#5751,#5752,#5753));
#1523=EDGE_LOOP('',(#5754,#5755,#5756,#5757));
#1524=EDGE_LOOP('',(#5758,#5759,#5760,#5761));
#1525=EDGE_LOOP('',(#5762,#5763,#5764,#5765));
#1526=EDGE_LOOP('',(#5766,#5767,#5768,#5769));
#1527=EDGE_LOOP('',(#5770,#5771,#5772,#5773));
#1528=EDGE_LOOP('',(#5774,#5775,#5776,#5777));
#1529=EDGE_LOOP('',(#5778,#5779,#5780,#5781));
#1530=EDGE_LOOP('',(#5782,#5783,#5784,#5785));
#1531=EDGE_LOOP('',(#5786,#5787,#5788,#5789));
#1532=EDGE_LOOP('',(#5790,#5791,#5792,#5793));
#1533=EDGE_LOOP('',(#5794,#5795,#5796,#5797));
#1534=EDGE_LOOP('',(#5798,#5799,#5800,#5801));
#1535=EDGE_LOOP('',(#5802,#5803,#5804,#5805));
#1536=EDGE_LOOP('',(#5806,#5807,#5808,#5809,#5810,#5811,#5812,#5813,#5814));
#1537=EDGE_LOOP('',(#5815,#5816,#5817,#5818,#5819,#5820,#5821,#5822));
#1538=EDGE_LOOP('',(#5823,#5824,#5825,#5826));
#1539=EDGE_LOOP('',(#5827,#5828,#5829,#5830));
#1540=EDGE_LOOP('',(#5831,#5832,#5833,#5834));
#1541=EDGE_LOOP('',(#5835,#5836,#5837,#5838));
#1542=EDGE_LOOP('',(#5839,#5840,#5841,#5842));
#1543=EDGE_LOOP('',(#5843,#5844,#5845,#5846));
#1544=EDGE_LOOP('',(#5847,#5848,#5849,#5850));
#1545=EDGE_LOOP('',(#5851,#5852,#5853,#5854));
#1546=EDGE_LOOP('',(#5855,#5856,#5857,#5858));
#1547=EDGE_LOOP('',(#5859,#5860,#5861,#5862));
#1548=EDGE_LOOP('',(#5863,#5864,#5865,#5866));
#1549=EDGE_LOOP('',(#5867,#5868,#5869,#5870));
#1550=EDGE_LOOP('',(#5871,#5872,#5873,#5874));
#1551=EDGE_LOOP('',(#5875,#5876,#5877,#5878));
#1552=EDGE_LOOP('',(#5879,#5880,#5881,#5882));
#1553=EDGE_LOOP('',(#5883,#5884,#5885,#5886));
#1554=EDGE_LOOP('',(#5887,#5888,#5889,#5890));
#1555=EDGE_LOOP('',(#5891,#5892,#5893,#5894));
#1556=EDGE_LOOP('',(#5895,#5896,#5897,#5898));
#1557=EDGE_LOOP('',(#5899,#5900,#5901,#5902,#5903,#5904,#5905,#5906,#5907,
#5908,#5909,#5910,#5911,#5912,#5913,#5914,#5915,#5916,#5917));
#1558=EDGE_LOOP('',(#5918,#5919,#5920,#5921));
#1559=EDGE_LOOP('',(#5922,#5923,#5924,#5925));
#1560=EDGE_LOOP('',(#5926,#5927,#5928,#5929));
#1561=EDGE_LOOP('',(#5930,#5931,#5932,#5933));
#1562=EDGE_LOOP('',(#5934,#5935,#5936,#5937));
#1563=EDGE_LOOP('',(#5938,#5939,#5940,#5941));
#1564=EDGE_LOOP('',(#5942,#5943,#5944,#5945));
#1565=EDGE_LOOP('',(#5946,#5947,#5948,#5949));
#1566=EDGE_LOOP('',(#5950,#5951,#5952,#5953));
#1567=EDGE_LOOP('',(#5954,#5955,#5956,#5957));
#1568=EDGE_LOOP('',(#5958,#5959,#5960,#5961));
#1569=EDGE_LOOP('',(#5962,#5963,#5964,#5965));
#1570=EDGE_LOOP('',(#5966,#5967,#5968,#5969));
#1571=EDGE_LOOP('',(#5970,#5971,#5972,#5973));
#1572=EDGE_LOOP('',(#5974,#5975,#5976,#5977));
#1573=EDGE_LOOP('',(#5978,#5979,#5980,#5981));
#1574=EDGE_LOOP('',(#5982,#5983,#5984,#5985));
#1575=EDGE_LOOP('',(#5986,#5987,#5988,#5989));
#1576=EDGE_LOOP('',(#5990,#5991,#5992,#5993));
#1577=EDGE_LOOP('',(#5994,#5995,#5996,#5997));
#1578=EDGE_LOOP('',(#5998,#5999,#6000,#6001));
#1579=EDGE_LOOP('',(#6002,#6003,#6004,#6005));
#1580=EDGE_LOOP('',(#6006,#6007,#6008,#6009));
#1581=EDGE_LOOP('',(#6010,#6011,#6012,#6013));
#1582=EDGE_LOOP('',(#6014,#6015,#6016,#6017));
#1583=EDGE_LOOP('',(#6018,#6019,#6020,#6021));
#1584=EDGE_LOOP('',(#6022,#6023,#6024,#6025));
#1585=EDGE_LOOP('',(#6026,#6027,#6028,#6029));
#1586=EDGE_LOOP('',(#6030,#6031,#6032,#6033));
#1587=EDGE_LOOP('',(#6034,#6035,#6036,#6037));
#1588=EDGE_LOOP('',(#6038,#6039,#6040,#6041));
#1589=EDGE_LOOP('',(#6042,#6043,#6044,#6045));
#1590=EDGE_LOOP('',(#6046,#6047,#6048,#6049));
#1591=EDGE_LOOP('',(#6050,#6051,#6052,#6053));
#1592=EDGE_LOOP('',(#6054,#6055,#6056,#6057));
#1593=EDGE_LOOP('',(#6058,#6059,#6060,#6061));
#1594=EDGE_LOOP('',(#6062,#6063,#6064,#6065));
#1595=EDGE_LOOP('',(#6066,#6067,#6068,#6069,#6070,#6071,#6072,#6073,#6074,
#6075,#6076,#6077,#6078,#6079,#6080,#6081,#6082,#6083,#6084,#6085,#6086,
#6087,#6088,#6089,#6090,#6091,#6092));
#1596=EDGE_LOOP('',(#6093,#6094,#6095,#6096,#6097,#6098,#6099,#6100,#6101,
#6102));
#1597=EDGE_LOOP('',(#6103,#6104,#6105,#6106));
#1598=EDGE_LOOP('',(#6107,#6108,#6109,#6110));
#1599=EDGE_LOOP('',(#6111,#6112,#6113,#6114));
#1600=EDGE_LOOP('',(#6115,#6116,#6117,#6118));
#1601=EDGE_LOOP('',(#6119,#6120,#6121,#6122));
#1602=EDGE_LOOP('',(#6123,#6124,#6125,#6126));
#1603=EDGE_LOOP('',(#6127,#6128,#6129,#6130));
#1604=EDGE_LOOP('',(#6131,#6132,#6133,#6134));
#1605=EDGE_LOOP('',(#6135,#6136,#6137,#6138));
#1606=EDGE_LOOP('',(#6139,#6140,#6141,#6142));
#1607=EDGE_LOOP('',(#6143,#6144,#6145,#6146));
#1608=EDGE_LOOP('',(#6147,#6148,#6149,#6150));
#1609=EDGE_LOOP('',(#6151,#6152,#6153,#6154));
#1610=EDGE_LOOP('',(#6155,#6156,#6157,#6158));
#1611=EDGE_LOOP('',(#6159,#6160,#6161,#6162));
#1612=EDGE_LOOP('',(#6163,#6164,#6165,#6166));
#1613=EDGE_LOOP('',(#6167,#6168,#6169,#6170));
#1614=EDGE_LOOP('',(#6171,#6172,#6173,#6174));
#1615=EDGE_LOOP('',(#6175,#6176,#6177,#6178));
#1616=EDGE_LOOP('',(#6179,#6180,#6181,#6182));
#1617=EDGE_LOOP('',(#6183,#6184,#6185,#6186));
#1618=EDGE_LOOP('',(#6187,#6188,#6189,#6190));
#1619=EDGE_LOOP('',(#6191,#6192,#6193,#6194));
#1620=EDGE_LOOP('',(#6195,#6196,#6197,#6198));
#1621=EDGE_LOOP('',(#6199,#6200,#6201,#6202));
#1622=EDGE_LOOP('',(#6203,#6204,#6205,#6206));
#1623=EDGE_LOOP('',(#6207,#6208,#6209,#6210));
#1624=EDGE_LOOP('',(#6211,#6212,#6213,#6214));
#1625=EDGE_LOOP('',(#6215,#6216,#6217,#6218));
#1626=EDGE_LOOP('',(#6219,#6220,#6221,#6222));
#1627=EDGE_LOOP('',(#6223,#6224,#6225,#6226));
#1628=EDGE_LOOP('',(#6227,#6228,#6229,#6230));
#1629=EDGE_LOOP('',(#6231,#6232,#6233,#6234));
#1630=EDGE_LOOP('',(#6235,#6236,#6237,#6238,#6239,#6240,#6241,#6242,#6243,
#6244,#6245,#6246,#6247,#6248,#6249,#6250,#6251,#6252,#6253,#6254,#6255,
#6256,#6257,#6258,#6259,#6260,#6261,#6262,#6263,#6264,#6265,#6266,#6267));
#1631=EDGE_LOOP('',(#6268,#6269,#6270,#6271));
#1632=EDGE_LOOP('',(#6272,#6273,#6274,#6275));
#1633=EDGE_LOOP('',(#6276,#6277,#6278,#6279));
#1634=EDGE_LOOP('',(#6280,#6281,#6282,#6283));
#1635=EDGE_LOOP('',(#6284,#6285,#6286,#6287));
#1636=EDGE_LOOP('',(#6288,#6289,#6290,#6291));
#1637=EDGE_LOOP('',(#6292,#6293,#6294,#6295));
#1638=EDGE_LOOP('',(#6296,#6297,#6298,#6299));
#1639=EDGE_LOOP('',(#6300,#6301,#6302,#6303));
#1640=EDGE_LOOP('',(#6304,#6305,#6306,#6307));
#1641=EDGE_LOOP('',(#6308,#6309,#6310,#6311));
#1642=EDGE_LOOP('',(#6312,#6313,#6314,#6315));
#1643=EDGE_LOOP('',(#6316,#6317,#6318,#6319));
#1644=EDGE_LOOP('',(#6320,#6321,#6322,#6323));
#1645=EDGE_LOOP('',(#6324,#6325,#6326,#6327));
#1646=EDGE_LOOP('',(#6328,#6329,#6330,#6331));
#1647=EDGE_LOOP('',(#6332,#6333,#6334,#6335));
#1648=EDGE_LOOP('',(#6336,#6337,#6338,#6339));
#1649=EDGE_LOOP('',(#6340,#6341,#6342,#6343));
#1650=EDGE_LOOP('',(#6344,#6345,#6346,#6347));
#1651=EDGE_LOOP('',(#6348,#6349,#6350,#6351,#6352,#6353,#6354,#6355,#6356,
#6357,#6358,#6359,#6360,#6361,#6362));
#1652=EDGE_LOOP('',(#6363,#6364,#6365,#6366,#6367));
#1653=EDGE_LOOP('',(#6368,#6369,#6370,#6371));
#1654=EDGE_LOOP('',(#6372,#6373,#6374,#6375));
#1655=EDGE_LOOP('',(#6376,#6377,#6378,#6379));
#1656=EDGE_LOOP('',(#6380,#6381,#6382,#6383));
#1657=EDGE_LOOP('',(#6384,#6385,#6386,#6387));
#1658=EDGE_LOOP('',(#6388,#6389,#6390,#6391));
#1659=EDGE_LOOP('',(#6392,#6393,#6394,#6395));
#1660=EDGE_LOOP('',(#6396,#6397,#6398,#6399));
#1661=EDGE_LOOP('',(#6400,#6401,#6402,#6403));
#1662=EDGE_LOOP('',(#6404,#6405,#6406,#6407));
#1663=EDGE_LOOP('',(#6408,#6409,#6410,#6411));
#1664=EDGE_LOOP('',(#6412,#6413,#6414,#6415));
#1665=EDGE_LOOP('',(#6416,#6417,#6418,#6419));
#1666=EDGE_LOOP('',(#6420,#6421,#6422,#6423));
#1667=EDGE_LOOP('',(#6424,#6425,#6426,#6427));
#1668=EDGE_LOOP('',(#6428,#6429,#6430,#6431));
#1669=EDGE_LOOP('',(#6432,#6433,#6434,#6435));
#1670=EDGE_LOOP('',(#6436,#6437,#6438,#6439));
#1671=EDGE_LOOP('',(#6440,#6441,#6442,#6443));
#1672=EDGE_LOOP('',(#6444,#6445,#6446,#6447));
#1673=EDGE_LOOP('',(#6448,#6449,#6450,#6451));
#1674=EDGE_LOOP('',(#6452,#6453,#6454,#6455,#6456,#6457,#6458,#6459,#6460,
#6461,#6462,#6463,#6464));
#1675=EDGE_LOOP('',(#6465,#6466,#6467,#6468,#6469,#6470,#6471,#6472));
#1676=EDGE_LOOP('',(#6473,#6474,#6475,#6476,#6477,#6478,#6479,#6480,#6481,
#6482,#6483,#6484));
#1677=EDGE_LOOP('',(#6485,#6486,#6487,#6488,#6489,#6490,#6491,#6492,#6493,
#6494,#6495,#6496,#6497,#6498,#6499,#6500,#6501,#6502,#6503));
#1678=EDGE_LOOP('',(#6504,#6505,#6506,#6507));
#1679=EDGE_LOOP('',(#6508,#6509,#6510,#6511,#6512,#6513,#6514,#6515,#6516,
#6517,#6518,#6519,#6520,#6521,#6522,#6523,#6524,#6525,#6526,#6527,#6528,
#6529,#6530,#6531,#6532,#6533,#6534,#6535));
#1680=EDGE_LOOP('',(#6536,#6537,#6538,#6539,#6540,#6541,#6542,#6543,#6544,
#6545,#6546,#6547,#6548,#6549));
#1681=EDGE_LOOP('',(#6550,#6551,#6552,#6553,#6554,#6555,#6556,#6557,#6558,
#6559,#6560,#6561,#6562));
#1682=EDGE_LOOP('',(#6563,#6564,#6565,#6566,#6567,#6568,#6569,#6570,#6571,
#6572,#6573,#6574,#6575));
#1683=EDGE_LOOP('',(#6576,#6577,#6578,#6579,#6580,#6581,#6582,#6583,#6584,
#6585,#6586,#6587,#6588,#6589,#6590,#6591,#6592,#6593,#6594,#6595,#6596,
#6597,#6598,#6599,#6600,#6601,#6602));
#1684=EDGE_LOOP('',(#6603,#6604,#6605,#6606,#6607,#6608,#6609,#6610,#6611,
#6612,#6613,#6614,#6615));
#1685=EDGE_LOOP('',(#6616,#6617,#6618,#6619,#6620,#6621,#6622,#6623,#6624));
#1686=EDGE_LOOP('',(#6625,#6626,#6627,#6628,#6629,#6630,#6631,#6632,#6633));
#1687=EDGE_LOOP('',(#6634,#6635,#6636,#6637,#6638,#6639,#6640,#6641,#6642,
#6643,#6644,#6645,#6646,#6647,#6648,#6649,#6650,#6651,#6652));
#1688=EDGE_LOOP('',(#6653,#6654,#6655,#6656,#6657,#6658,#6659,#6660,#6661,
#6662,#6663,#6664,#6665,#6666,#6667,#6668,#6669,#6670,#6671,#6672,#6673,
#6674,#6675,#6676,#6677,#6678,#6679));
#1689=EDGE_LOOP('',(#6680,#6681,#6682,#6683,#6684,#6685,#6686,#6687,#6688,
#6689,#6690,#6691,#6692,#6693,#6694,#6695,#6696,#6697,#6698,#6699,#6700,
#6701,#6702,#6703,#6704,#6705,#6706,#6707,#6708,#6709,#6710,#6711,#6712));
#1690=EDGE_LOOP('',(#6713,#6714,#6715,#6716,#6717,#6718,#6719,#6720,#6721,
#6722,#6723,#6724,#6725,#6726,#6727));
#1691=EDGE_LOOP('',(#6728,#6729,#6730,#6731,#6732,#6733,#6734,#6735,#6736,
#6737,#6738,#6739,#6740));
#1692=EDGE_LOOP('',(#6741,#6742,#6743,#6744,#6745,#6746,#6747,#6748));
#1693=EDGE_LOOP('',(#6749,#6750,#6751,#6752,#6753,#6754,#6755,#6756));
#1694=EDGE_LOOP('',(#6757,#6758,#6759,#6760,#6761,#6762,#6763,#6764));
#1695=EDGE_LOOP('',(#6765,#6766,#6767,#6768,#6769,#6770,#6771,#6772));
#1696=EDGE_LOOP('',(#6773));
#1697=EDGE_LOOP('',(#6774,#6775,#6776,#6777,#6778,#6779,#6780,#6781));
#1698=EDGE_LOOP('',(#6782));
#1699=EDGE_LOOP('',(#6783,#6784,#6785,#6786,#6787,#6788,#6789,#6790));
#1700=EDGE_LOOP('',(#6791));
#1701=EDGE_LOOP('',(#6792));
#1702=EDGE_LOOP('',(#6793,#6794,#6795,#6796,#6797,#6798,#6799,#6800));
#1703=EDGE_LOOP('',(#6801,#6802,#6803,#6804,#6805));
#1704=EDGE_LOOP('',(#6806,#6807,#6808,#6809,#6810,#6811,#6812,#6813,#6814,
#6815));
#1705=EDGE_LOOP('',(#6816,#6817,#6818,#6819,#6820,#6821,#6822,#6823));
#1706=EDGE_LOOP('',(#6824,#6825,#6826,#6827,#6828,#6829,#6830,#6831));
#1707=EDGE_LOOP('',(#6832,#6833,#6834,#6835,#6836,#6837,#6838,#6839,#6840,
#6841));
#1708=EDGE_LOOP('',(#6842,#6843,#6844,#6845,#6846,#6847,#6848,#6849));
#1709=EDGE_LOOP('',(#6850,#6851,#6852,#6853));
#1710=EDGE_LOOP('',(#6854,#6855,#6856,#6857));
#1711=EDGE_LOOP('',(#6858,#6859,#6860,#6861,#6862,#6863,#6864,#6865));
#1712=EDGE_LOOP('',(#6866,#6867,#6868,#6869));
#1713=EDGE_LOOP('',(#6870,#6871,#6872,#6873));
#1714=EDGE_LOOP('',(#6874,#6875,#6876,#6877));
#1715=EDGE_LOOP('',(#6878,#6879,#6880,#6881));
#1716=EDGE_LOOP('',(#6882,#6883,#6884,#6885));
#1717=EDGE_LOOP('',(#6886,#6887,#6888,#6889));
#1718=EDGE_LOOP('',(#6890,#6891,#6892,#6893));
#1719=EDGE_LOOP('',(#6894,#6895,#6896,#6897));
#1720=EDGE_LOOP('',(#6898,#6899,#6900,#6901));
#1721=EDGE_LOOP('',(#6902,#6903,#6904,#6905));
#1722=EDGE_LOOP('',(#6906,#6907,#6908,#6909));
#1723=EDGE_LOOP('',(#6910,#6911,#6912,#6913));
#1724=EDGE_LOOP('',(#6914,#6915,#6916,#6917));
#1725=EDGE_LOOP('',(#6918,#6919,#6920,#6921));
#1726=EDGE_LOOP('',(#6922,#6923,#6924,#6925));
#1727=EDGE_LOOP('',(#6926,#6927,#6928,#6929));
#1728=EDGE_LOOP('',(#6930,#6931,#6932,#6933));
#1729=EDGE_LOOP('',(#6934,#6935,#6936,#6937));
#1730=EDGE_LOOP('',(#6938,#6939,#6940,#6941));
#1731=EDGE_LOOP('',(#6942,#6943,#6944,#6945));
#1732=EDGE_LOOP('',(#6946,#6947,#6948,#6949));
#1733=EDGE_LOOP('',(#6950,#6951,#6952,#6953));
#1734=EDGE_LOOP('',(#6954,#6955,#6956,#6957));
#1735=EDGE_LOOP('',(#6958,#6959,#6960,#6961));
#1736=EDGE_LOOP('',(#6962,#6963,#6964,#6965));
#1737=EDGE_LOOP('',(#6966,#6967,#6968,#6969));
#1738=EDGE_LOOP('',(#6970,#6971,#6972,#6973));
#1739=EDGE_LOOP('',(#6974,#6975,#6976,#6977));
#1740=EDGE_LOOP('',(#6978,#6979,#6980,#6981));
#1741=EDGE_LOOP('',(#6982,#6983,#6984,#6985));
#1742=EDGE_LOOP('',(#6986,#6987,#6988,#6989));
#1743=EDGE_LOOP('',(#6990,#6991,#6992,#6993));
#1744=EDGE_LOOP('',(#6994,#6995,#6996,#6997));
#1745=EDGE_LOOP('',(#6998,#6999,#7000,#7001));
#1746=EDGE_LOOP('',(#7002,#7003,#7004,#7005));
#1747=EDGE_LOOP('',(#7006,#7007,#7008,#7009));
#1748=EDGE_LOOP('',(#7010,#7011,#7012,#7013));
#1749=EDGE_LOOP('',(#7014,#7015,#7016,#7017));
#1750=EDGE_LOOP('',(#7018,#7019,#7020,#7021));
#1751=EDGE_LOOP('',(#7022,#7023,#7024,#7025));
#1752=EDGE_LOOP('',(#7026,#7027,#7028,#7029));
#1753=EDGE_LOOP('',(#7030,#7031,#7032,#7033));
#1754=EDGE_LOOP('',(#7034,#7035,#7036,#7037));
#1755=EDGE_LOOP('',(#7038,#7039,#7040,#7041));
#1756=EDGE_LOOP('',(#7042,#7043,#7044,#7045));
#1757=EDGE_LOOP('',(#7046,#7047,#7048,#7049));
#1758=EDGE_LOOP('',(#7050,#7051,#7052,#7053));
#1759=EDGE_LOOP('',(#7054,#7055,#7056,#7057));
#1760=EDGE_LOOP('',(#7058,#7059,#7060,#7061));
#1761=EDGE_LOOP('',(#7062,#7063,#7064,#7065));
#1762=EDGE_LOOP('',(#7066,#7067,#7068,#7069));
#1763=EDGE_LOOP('',(#7070,#7071,#7072,#7073));
#1764=EDGE_LOOP('',(#7074,#7075,#7076,#7077));
#1765=EDGE_LOOP('',(#7078,#7079,#7080,#7081));
#1766=EDGE_LOOP('',(#7082,#7083,#7084,#7085));
#1767=EDGE_LOOP('',(#7086,#7087,#7088,#7089));
#1768=EDGE_LOOP('',(#7090,#7091,#7092,#7093));
#1769=EDGE_LOOP('',(#7094,#7095,#7096,#7097));
#1770=EDGE_LOOP('',(#7098,#7099,#7100,#7101));
#1771=EDGE_LOOP('',(#7102,#7103,#7104,#7105));
#1772=EDGE_LOOP('',(#7106,#7107,#7108,#7109));
#1773=EDGE_LOOP('',(#7110,#7111,#7112,#7113));
#1774=EDGE_LOOP('',(#7114,#7115,#7116,#7117,#7118,#7119,#7120,#7121,#7122,
#7123,#7124,#7125));
#1775=EDGE_LOOP('',(#7126,#7127,#7128,#7129,#7130,#7131,#7132,#7133));
#1776=EDGE_LOOP('',(#7134,#7135,#7136,#7137,#7138,#7139,#7140,#7141));
#1777=EDGE_LOOP('',(#7142,#7143,#7144,#7145,#7146,#7147,#7148,#7149));
#1778=EDGE_LOOP('',(#7150,#7151,#7152,#7153,#7154,#7155,#7156,#7157));
#1779=EDGE_LOOP('',(#7158));
#1780=EDGE_LOOP('',(#7159,#7160,#7161,#7162,#7163,#7164,#7165,#7166));
#1781=EDGE_LOOP('',(#7167));
#1782=EDGE_LOOP('',(#7168,#7169,#7170,#7171,#7172,#7173,#7174,#7175));
#1783=EDGE_LOOP('',(#7176));
#1784=EDGE_LOOP('',(#7177));
#1785=LINE('',#8963,#2364);
#1786=LINE('',#8965,#2365);
#1787=LINE('',#8967,#2366);
#1788=LINE('',#8968,#2367);
#1789=LINE('',#8971,#2368);
#1790=LINE('',#8973,#2369);
#1791=LINE('',#8974,#2370);
#1792=LINE('',#8977,#2371);
#1793=LINE('',#8979,#2372);
#1794=LINE('',#8980,#2373);
#1795=LINE('',#8998,#2374);
#1796=LINE('',#9021,#2375);
#1797=LINE('',#9044,#2376);
#1798=LINE('',#9067,#2377);
#1799=LINE('',#9090,#2378);
#1800=LINE('',#9113,#2379);
#1801=LINE('',#9121,#2380);
#1802=LINE('',#9123,#2381);
#1803=LINE('',#9124,#2382);
#1804=LINE('',#9127,#2383);
#1805=LINE('',#9129,#2384);
#1806=LINE('',#9130,#2385);
#1807=LINE('',#9133,#2386);
#1808=LINE('',#9135,#2387);
#1809=LINE('',#9136,#2388);
#1810=LINE('',#9154,#2389);
#1811=LINE('',#9177,#2390);
#1812=LINE('',#9200,#2391);
#1813=LINE('',#9223,#2392);
#1814=LINE('',#9246,#2393);
#1815=LINE('',#9254,#2394);
#1816=LINE('',#9256,#2395);
#1817=LINE('',#9257,#2396);
#1818=LINE('',#9259,#2397);
#1819=LINE('',#9260,#2398);
#1820=LINE('',#9265,#2399);
#1821=LINE('',#9267,#2400);
#1822=LINE('',#9269,#2401);
#1823=LINE('',#9270,#2402);
#1824=LINE('',#9273,#2403);
#1825=LINE('',#9275,#2404);
#1826=LINE('',#9276,#2405);
#1827=LINE('',#9279,#2406);
#1828=LINE('',#9281,#2407);
#1829=LINE('',#9282,#2408);
#1830=LINE('',#9284,#2409);
#1831=LINE('',#9285,#2410);
#1832=LINE('',#9290,#2411);
#1833=LINE('',#9292,#2412);
#1834=LINE('',#9294,#2413);
#1835=LINE('',#9295,#2414);
#1836=LINE('',#9313,#2415);
#1837=LINE('',#9336,#2416);
#1838=LINE('',#9359,#2417);
#1839=LINE('',#9382,#2418);
#1840=LINE('',#9405,#2419);
#1841=LINE('',#9413,#2420);
#1842=LINE('',#9415,#2421);
#1843=LINE('',#9416,#2422);
#1844=LINE('',#9419,#2423);
#1845=LINE('',#9421,#2424);
#1846=LINE('',#9422,#2425);
#1847=LINE('',#9425,#2426);
#1848=LINE('',#9427,#2427);
#1849=LINE('',#9428,#2428);
#1850=LINE('',#9446,#2429);
#1851=LINE('',#9469,#2430);
#1852=LINE('',#9492,#2431);
#1853=LINE('',#9515,#2432);
#1854=LINE('',#9538,#2433);
#1855=LINE('',#9546,#2434);
#1856=LINE('',#9548,#2435);
#1857=LINE('',#9549,#2436);
#1858=LINE('',#9552,#2437);
#1859=LINE('',#9554,#2438);
#1860=LINE('',#9555,#2439);
#1861=LINE('',#9558,#2440);
#1862=LINE('',#9560,#2441);
#1863=LINE('',#9561,#2442);
#1864=LINE('',#9579,#2443);
#1865=LINE('',#9602,#2444);
#1866=LINE('',#9625,#2445);
#1867=LINE('',#9648,#2446);
#1868=LINE('',#9671,#2447);
#1869=LINE('',#9694,#2448);
#1870=LINE('',#9717,#2449);
#1871=LINE('',#9725,#2450);
#1872=LINE('',#9727,#2451);
#1873=LINE('',#9728,#2452);
#1874=LINE('',#9731,#2453);
#1875=LINE('',#9733,#2454);
#1876=LINE('',#9734,#2455);
#1877=LINE('',#9737,#2456);
#1878=LINE('',#9739,#2457);
#1879=LINE('',#9740,#2458);
#1880=LINE('',#9742,#2459);
#1881=LINE('',#9743,#2460);
#1882=LINE('',#9763,#2461);
#1883=LINE('',#9770,#2462);
#1884=LINE('',#9788,#2463);
#1885=LINE('',#9811,#2464);
#1886=LINE('',#9834,#2465);
#1887=LINE('',#9857,#2466);
#1888=LINE('',#9880,#2467);
#1889=LINE('',#9903,#2468);
#1890=LINE('',#9932,#2469);
#1891=LINE('',#9934,#2470);
#1892=LINE('',#9936,#2471);
#1893=LINE('',#9937,#2472);
#1894=LINE('',#9940,#2473);
#1895=LINE('',#9942,#2474);
#1896=LINE('',#9943,#2475);
#1897=LINE('',#9946,#2476);
#1898=LINE('',#9948,#2477);
#1899=LINE('',#9949,#2478);
#1900=LINE('',#9967,#2479);
#1901=LINE('',#9990,#2480);
#1902=LINE('',#10013,#2481);
#1903=LINE('',#10036,#2482);
#1904=LINE('',#10059,#2483);
#1905=LINE('',#10082,#2484);
#1906=LINE('',#10105,#2485);
#1907=LINE('',#10128,#2486);
#1908=LINE('',#10151,#2487);
#1909=LINE('',#10159,#2488);
#1910=LINE('',#10161,#2489);
#1911=LINE('',#10162,#2490);
#1912=LINE('',#10164,#2491);
#1913=LINE('',#10165,#2492);
#1914=LINE('',#10170,#2493);
#1915=LINE('',#10172,#2494);
#1916=LINE('',#10174,#2495);
#1917=LINE('',#10175,#2496);
#1918=LINE('',#10193,#2497);
#1919=LINE('',#10216,#2498);
#1920=LINE('',#10239,#2499);
#1921=LINE('',#10262,#2500);
#1922=LINE('',#10270,#2501);
#1923=LINE('',#10272,#2502);
#1924=LINE('',#10273,#2503);
#1925=LINE('',#10291,#2504);
#1926=LINE('',#10314,#2505);
#1927=LINE('',#10337,#2506);
#1928=LINE('',#10345,#2507);
#1929=LINE('',#10347,#2508);
#1930=LINE('',#10348,#2509);
#1931=LINE('',#10351,#2510);
#1932=LINE('',#10353,#2511);
#1933=LINE('',#10354,#2512);
#1934=LINE('',#10357,#2513);
#1935=LINE('',#10359,#2514);
#1936=LINE('',#10360,#2515);
#1937=LINE('',#10362,#2516);
#1938=LINE('',#10363,#2517);
#1939=LINE('',#10383,#2518);
#1940=LINE('',#10390,#2519);
#1941=LINE('',#10408,#2520);
#1942=LINE('',#10431,#2521);
#1943=LINE('',#10454,#2522);
#1944=LINE('',#10477,#2523);
#1945=LINE('',#10500,#2524);
#1946=LINE('',#10523,#2525);
#1947=LINE('',#10567,#2526);
#1948=LINE('',#10574,#2527);
#1949=LINE('',#10592,#2528);
#1950=LINE('',#10615,#2529);
#1951=LINE('',#10638,#2530);
#1952=LINE('',#10661,#2531);
#1953=LINE('',#10684,#2532);
#1954=LINE('',#10707,#2533);
#1955=LINE('',#10730,#2534);
#1956=LINE('',#10738,#2535);
#1957=LINE('',#10740,#2536);
#1958=LINE('',#10741,#2537);
#1959=LINE('',#10744,#2538);
#1960=LINE('',#10746,#2539);
#1961=LINE('',#10747,#2540);
#1962=LINE('',#10750,#2541);
#1963=LINE('',#10752,#2542);
#1964=LINE('',#10753,#2543);
#1965=LINE('',#10756,#2544);
#1966=LINE('',#10758,#2545);
#1967=LINE('',#10759,#2546);
#1968=LINE('',#10761,#2547);
#1969=LINE('',#10762,#2548);
#1970=LINE('',#10782,#2549);
#1971=LINE('',#10789,#2550);
#1972=LINE('',#10807,#2551);
#1973=LINE('',#10830,#2552);
#1974=LINE('',#10853,#2553);
#1975=LINE('',#10876,#2554);
#1976=LINE('',#10899,#2555);
#1977=LINE('',#10922,#2556);
#1978=LINE('',#10945,#2557);
#1979=LINE('',#10968,#2558);
#1980=LINE('',#10975,#2559);
#1981=LINE('',#10976,#2560);
#1982=LINE('',#10980,#2561);
#1983=LINE('',#10982,#2562);
#1984=LINE('',#10984,#2563);
#1985=LINE('',#10985,#2564);
#1986=LINE('',#11003,#2565);
#1987=LINE('',#11026,#2566);
#1988=LINE('',#11034,#2567);
#1989=LINE('',#11036,#2568);
#1990=LINE('',#11037,#2569);
#1991=LINE('',#11055,#2570);
#1992=LINE('',#11078,#2571);
#1993=LINE('',#11101,#2572);
#1994=LINE('',#11124,#2573);
#1995=LINE('',#11147,#2574);
#1996=LINE('',#11170,#2575);
#1997=LINE('',#11193,#2576);
#1998=LINE('',#11201,#2577);
#1999=LINE('',#11203,#2578);
#2000=LINE('',#11204,#2579);
#2001=LINE('',#11222,#2580);
#2002=LINE('',#11245,#2581);
#2003=LINE('',#11268,#2582);
#2004=LINE('',#11291,#2583);
#2005=LINE('',#11314,#2584);
#2006=LINE('',#11337,#2585);
#2007=LINE('',#11360,#2586);
#2008=LINE('',#11383,#2587);
#2009=LINE('',#11406,#2588);
#2010=LINE('',#11429,#2589);
#2011=LINE('',#11452,#2590);
#2012=LINE('',#11475,#2591);
#2013=LINE('',#11498,#2592);
#2014=LINE('',#11521,#2593);
#2015=LINE('',#11551,#2594);
#2016=LINE('',#11553,#2595);
#2017=LINE('',#11555,#2596);
#2018=LINE('',#11556,#2597);
#2019=LINE('',#11574,#2598);
#2020=LINE('',#11597,#2599);
#2021=LINE('',#11620,#2600);
#2022=LINE('',#11643,#2601);
#2023=LINE('',#11651,#2602);
#2024=LINE('',#11653,#2603);
#2025=LINE('',#11654,#2604);
#2026=LINE('',#11672,#2605);
#2027=LINE('',#11695,#2606);
#2028=LINE('',#11718,#2607);
#2029=LINE('',#11726,#2608);
#2030=LINE('',#11728,#2609);
#2031=LINE('',#11729,#2610);
#2032=LINE('',#11732,#2611);
#2033=LINE('',#11734,#2612);
#2034=LINE('',#11735,#2613);
#2035=LINE('',#11738,#2614);
#2036=LINE('',#11740,#2615);
#2037=LINE('',#11741,#2616);
#2038=LINE('',#11743,#2617);
#2039=LINE('',#11744,#2618);
#2040=LINE('',#11764,#2619);
#2041=LINE('',#11771,#2620);
#2042=LINE('',#11789,#2621);
#2043=LINE('',#11812,#2622);
#2044=LINE('',#11835,#2623);
#2045=LINE('',#11858,#2624);
#2046=LINE('',#11881,#2625);
#2047=LINE('',#11904,#2626);
#2048=LINE('',#11948,#2627);
#2049=LINE('',#11955,#2628);
#2050=LINE('',#11973,#2629);
#2051=LINE('',#11996,#2630);
#2052=LINE('',#12019,#2631);
#2053=LINE('',#12042,#2632);
#2054=LINE('',#12065,#2633);
#2055=LINE('',#12088,#2634);
#2056=LINE('',#12111,#2635);
#2057=LINE('',#12156,#2636);
#2058=LINE('',#12163,#2637);
#2059=LINE('',#12181,#2638);
#2060=LINE('',#12204,#2639);
#2061=LINE('',#12227,#2640);
#2062=LINE('',#12250,#2641);
#2063=LINE('',#12273,#2642);
#2064=LINE('',#12296,#2643);
#2065=LINE('',#12340,#2644);
#2066=LINE('',#12347,#2645);
#2067=LINE('',#12365,#2646);
#2068=LINE('',#12388,#2647);
#2069=LINE('',#12411,#2648);
#2070=LINE('',#12434,#2649);
#2071=LINE('',#12457,#2650);
#2072=LINE('',#12480,#2651);
#2073=LINE('',#12503,#2652);
#2074=LINE('',#12548,#2653);
#2075=LINE('',#12555,#2654);
#2076=LINE('',#12573,#2655);
#2077=LINE('',#12596,#2656);
#2078=LINE('',#12619,#2657);
#2079=LINE('',#12642,#2658);
#2080=LINE('',#12665,#2659);
#2081=LINE('',#12688,#2660);
#2082=LINE('',#12696,#2661);
#2083=LINE('',#12698,#2662);
#2084=LINE('',#12699,#2663);
#2085=LINE('',#12717,#2664);
#2086=LINE('',#12740,#2665);
#2087=LINE('',#12763,#2666);
#2088=LINE('',#12786,#2667);
#2089=LINE('',#12809,#2668);
#2090=LINE('',#12832,#2669);
#2091=LINE('',#12855,#2670);
#2092=LINE('',#12878,#2671);
#2093=LINE('',#12901,#2672);
#2094=LINE('',#12909,#2673);
#2095=LINE('',#12911,#2674);
#2096=LINE('',#12912,#2675);
#2097=LINE('',#12952,#2676);
#2098=LINE('',#12959,#2677);
#2099=LINE('',#12977,#2678);
#2100=LINE('',#13000,#2679);
#2101=LINE('',#13023,#2680);
#2102=LINE('',#13046,#2681);
#2103=LINE('',#13069,#2682);
#2104=LINE('',#13092,#2683);
#2105=LINE('',#13115,#2684);
#2106=LINE('',#13138,#2685);
#2107=LINE('',#13145,#2686);
#2108=LINE('',#13146,#2687);
#2109=LINE('',#13150,#2688);
#2110=LINE('',#13152,#2689);
#2111=LINE('',#13154,#2690);
#2112=LINE('',#13155,#2691);
#2113=LINE('',#13173,#2692);
#2114=LINE('',#13196,#2693);
#2115=LINE('',#13204,#2694);
#2116=LINE('',#13206,#2695);
#2117=LINE('',#13207,#2696);
#2118=LINE('',#13225,#2697);
#2119=LINE('',#13248,#2698);
#2120=LINE('',#13271,#2699);
#2121=LINE('',#13294,#2700);
#2122=LINE('',#13317,#2701);
#2123=LINE('',#13340,#2702);
#2124=LINE('',#13363,#2703);
#2125=LINE('',#13371,#2704);
#2126=LINE('',#13373,#2705);
#2127=LINE('',#13374,#2706);
#2128=LINE('',#13392,#2707);
#2129=LINE('',#13415,#2708);
#2130=LINE('',#13438,#2709);
#2131=LINE('',#13461,#2710);
#2132=LINE('',#13484,#2711);
#2133=LINE('',#13507,#2712);
#2134=LINE('',#13530,#2713);
#2135=LINE('',#13553,#2714);
#2136=LINE('',#13576,#2715);
#2137=LINE('',#13599,#2716);
#2138=LINE('',#13622,#2717);
#2139=LINE('',#13645,#2718);
#2140=LINE('',#13668,#2719);
#2141=LINE('',#13691,#2720);
#2142=LINE('',#13736,#2721);
#2143=LINE('',#13743,#2722);
#2144=LINE('',#13761,#2723);
#2145=LINE('',#13784,#2724);
#2146=LINE('',#13807,#2725);
#2147=LINE('',#13830,#2726);
#2148=LINE('',#13853,#2727);
#2149=LINE('',#13876,#2728);
#2150=LINE('',#13899,#2729);
#2151=LINE('',#13922,#2730);
#2152=LINE('',#13945,#2731);
#2153=LINE('',#13968,#2732);
#2154=LINE('',#13991,#2733);
#2155=LINE('',#14014,#2734);
#2156=LINE('',#14037,#2735);
#2157=LINE('',#14045,#2736);
#2158=LINE('',#14047,#2737);
#2159=LINE('',#14048,#2738);
#2160=LINE('',#14066,#2739);
#2161=LINE('',#14089,#2740);
#2162=LINE('',#14112,#2741);
#2163=LINE('',#14135,#2742);
#2164=LINE('',#14158,#2743);
#2165=LINE('',#14181,#2744);
#2166=LINE('',#14204,#2745);
#2167=LINE('',#14227,#2746);
#2168=LINE('',#14250,#2747);
#2169=LINE('',#14273,#2748);
#2170=LINE('',#14296,#2749);
#2171=LINE('',#14319,#2750);
#2172=LINE('',#14342,#2751);
#2173=LINE('',#14365,#2752);
#2174=LINE('',#14388,#2753);
#2175=LINE('',#14411,#2754);
#2176=LINE('',#14419,#2755);
#2177=LINE('',#14421,#2756);
#2178=LINE('',#14422,#2757);
#2179=LINE('',#14462,#2758);
#2180=LINE('',#14469,#2759);
#2181=LINE('',#14487,#2760);
#2182=LINE('',#14510,#2761);
#2183=LINE('',#14518,#2762);
#2184=LINE('',#14520,#2763);
#2185=LINE('',#14521,#2764);
#2186=LINE('',#14560,#2765);
#2187=LINE('',#14567,#2766);
#2188=LINE('',#14585,#2767);
#2189=LINE('',#14608,#2768);
#2190=LINE('',#14616,#2769);
#2191=LINE('',#14618,#2770);
#2192=LINE('',#14619,#2771);
#2193=LINE('',#14637,#2772);
#2194=LINE('',#14660,#2773);
#2195=LINE('',#14683,#2774);
#2196=LINE('',#14706,#2775);
#2197=LINE('',#14729,#2776);
#2198=LINE('',#14752,#2777);
#2199=LINE('',#14775,#2778);
#2200=LINE('',#14798,#2779);
#2201=LINE('',#14821,#2780);
#2202=LINE('',#14829,#2781);
#2203=LINE('',#14831,#2782);
#2204=LINE('',#14832,#2783);
#2205=LINE('',#14872,#2784);
#2206=LINE('',#14879,#2785);
#2207=LINE('',#14897,#2786);
#2208=LINE('',#14920,#2787);
#2209=LINE('',#14943,#2788);
#2210=LINE('',#14966,#2789);
#2211=LINE('',#14989,#2790);
#2212=LINE('',#15012,#2791);
#2213=LINE('',#15041,#2792);
#2214=LINE('',#15043,#2793);
#2215=LINE('',#15045,#2794);
#2216=LINE('',#15046,#2795);
#2217=LINE('',#15049,#2796);
#2218=LINE('',#15051,#2797);
#2219=LINE('',#15052,#2798);
#2220=LINE('',#15055,#2799);
#2221=LINE('',#15057,#2800);
#2222=LINE('',#15058,#2801);
#2223=LINE('',#15076,#2802);
#2224=LINE('',#15099,#2803);
#2225=LINE('',#15122,#2804);
#2226=LINE('',#15145,#2805);
#2227=LINE('',#15168,#2806);
#2228=LINE('',#15191,#2807);
#2229=LINE('',#15214,#2808);
#2230=LINE('',#15237,#2809);
#2231=LINE('',#15245,#2810);
#2232=LINE('',#15247,#2811);
#2233=LINE('',#15248,#2812);
#2234=LINE('',#15250,#2813);
#2235=LINE('',#15251,#2814);
#2236=LINE('',#15258,#2815);
#2237=LINE('',#15262,#2816);
#2238=LINE('',#15266,#2817);
#2239=LINE('',#15270,#2818);
#2240=LINE('',#15272,#2819);
#2241=LINE('',#15274,#2820);
#2242=LINE('',#15276,#2821);
#2243=LINE('',#15277,#2822);
#2244=LINE('',#15282,#2823);
#2245=LINE('',#15286,#2824);
#2246=LINE('',#15290,#2825);
#2247=LINE('',#15293,#2826);
#2248=LINE('',#15298,#2827);
#2249=LINE('',#15302,#2828);
#2250=LINE('',#15306,#2829);
#2251=LINE('',#15309,#2830);
#2252=LINE('',#15314,#2831);
#2253=LINE('',#15318,#2832);
#2254=LINE('',#15322,#2833);
#2255=LINE('',#15325,#2834);
#2256=LINE('',#15330,#2835);
#2257=LINE('',#15334,#2836);
#2258=LINE('',#15338,#2837);
#2259=LINE('',#15341,#2838);
#2260=LINE('',#15348,#2839);
#2261=LINE('',#15352,#2840);
#2262=LINE('',#15356,#2841);
#2263=LINE('',#15359,#2842);
#2264=LINE('',#15366,#2843);
#2265=LINE('',#15370,#2844);
#2266=LINE('',#15374,#2845);
#2267=LINE('',#15377,#2846);
#2268=LINE('',#15393,#2847);
#2269=LINE('',#15394,#2848);
#2270=LINE('',#15397,#2849);
#2271=LINE('',#15398,#2850);
#2272=LINE('',#15404,#2851);
#2273=LINE('',#15405,#2852);
#2274=LINE('',#15408,#2853);
#2275=LINE('',#15409,#2854);
#2276=LINE('',#15414,#2855);
#2277=LINE('',#15415,#2856);
#2278=LINE('',#15417,#2857);
#2279=LINE('',#15421,#2858);
#2280=LINE('',#15425,#2859);
#2281=LINE('',#15429,#2860);
#2282=LINE('',#15432,#2861);
#2283=LINE('',#15434,#2862);
#2284=LINE('',#15435,#2863);
#2285=LINE('',#15439,#2864);
#2286=LINE('',#15442,#2865);
#2287=LINE('',#15443,#2866);
#2288=LINE('',#15447,#2867);
#2289=LINE('',#15450,#2868);
#2290=LINE('',#15451,#2869);
#2291=LINE('',#15455,#2870);
#2292=LINE('',#15458,#2871);
#2293=LINE('',#15459,#2872);
#2294=LINE('',#15465,#2873);
#2295=LINE('',#15468,#2874);
#2296=LINE('',#15470,#2875);
#2297=LINE('',#15471,#2876);
#2298=LINE('',#15475,#2877);
#2299=LINE('',#15478,#2878);
#2300=LINE('',#15479,#2879);
#2301=LINE('',#15483,#2880);
#2302=LINE('',#15486,#2881);
#2303=LINE('',#15487,#2882);
#2304=LINE('',#15491,#2883);
#2305=LINE('',#15494,#2884);
#2306=LINE('',#15495,#2885);
#2307=LINE('',#15501,#2886);
#2308=LINE('',#15504,#2887);
#2309=LINE('',#15506,#2888);
#2310=LINE('',#15507,#2889);
#2311=LINE('',#15511,#2890);
#2312=LINE('',#15514,#2891);
#2313=LINE('',#15515,#2892);
#2314=LINE('',#15519,#2893);
#2315=LINE('',#15522,#2894);
#2316=LINE('',#15523,#2895);
#2317=LINE('',#15527,#2896);
#2318=LINE('',#15530,#2897);
#2319=LINE('',#15531,#2898);
#2320=LINE('',#15536,#2899);
#2321=LINE('',#15538,#2900);
#2322=LINE('',#15539,#2901);
#2323=LINE('',#15543,#2902);
#2324=LINE('',#15546,#2903);
#2325=LINE('',#15547,#2904);
#2326=LINE('',#15551,#2905);
#2327=LINE('',#15554,#2906);
#2328=LINE('',#15555,#2907);
#2329=LINE('',#15559,#2908);
#2330=LINE('',#15562,#2909);
#2331=LINE('',#15563,#2910);
#2332=LINE('',#15568,#2911);
#2333=LINE('',#15570,#2912);
#2334=LINE('',#15571,#2913);
#2335=LINE('',#15575,#2914);
#2336=LINE('',#15578,#2915);
#2337=LINE('',#15579,#2916);
#2338=LINE('',#15583,#2917);
#2339=LINE('',#15586,#2918);
#2340=LINE('',#15587,#2919);
#2341=LINE('',#15591,#2920);
#2342=LINE('',#15594,#2921);
#2343=LINE('',#15595,#2922);
#2344=LINE('',#15600,#2923);
#2345=LINE('',#15602,#2924);
#2346=LINE('',#15603,#2925);
#2347=LINE('',#15607,#2926);
#2348=LINE('',#15610,#2927);
#2349=LINE('',#15611,#2928);
#2350=LINE('',#15615,#2929);
#2351=LINE('',#15618,#2930);
#2352=LINE('',#15619,#2931);
#2353=LINE('',#15623,#2932);
#2354=LINE('',#15626,#2933);
#2355=LINE('',#15627,#2934);
#2356=LINE('',#15631,#2935);
#2357=LINE('',#15634,#2936);
#2358=LINE('',#15635,#2937);
#2359=LINE('',#15638,#2938);
#2360=LINE('',#15639,#2939);
#2361=LINE('',#15642,#2940);
#2362=LINE('',#15643,#2941);
#2363=LINE('',#15645,#2942);
#2364=VECTOR('',#7946,10.);
#2365=VECTOR('',#7947,10.);
#2366=VECTOR('',#7948,10.);
#2367=VECTOR('',#7949,10.);
#2368=VECTOR('',#7952,10.);
#2369=VECTOR('',#7953,10.);
#2370=VECTOR('',#7954,10.);
#2371=VECTOR('',#7957,10.);
#2372=VECTOR('',#7958,10.);
#2373=VECTOR('',#7959,10.);
#2374=VECTOR('',#7960,10.);
#2375=VECTOR('',#7961,10.);
#2376=VECTOR('',#7962,10.);
#2377=VECTOR('',#7963,10.);
#2378=VECTOR('',#7964,10.);
#2379=VECTOR('',#7965,10.);
#2380=VECTOR('',#7968,10.);
#2381=VECTOR('',#7969,10.);
#2382=VECTOR('',#7970,10.);
#2383=VECTOR('',#7973,10.);
#2384=VECTOR('',#7974,10.);
#2385=VECTOR('',#7975,10.);
#2386=VECTOR('',#7978,10.);
#2387=VECTOR('',#7979,10.);
#2388=VECTOR('',#7980,10.);
#2389=VECTOR('',#7981,10.);
#2390=VECTOR('',#7982,10.);
#2391=VECTOR('',#7983,10.);
#2392=VECTOR('',#7984,10.);
#2393=VECTOR('',#7985,10.);
#2394=VECTOR('',#7988,10.);
#2395=VECTOR('',#7989,10.);
#2396=VECTOR('',#7990,10.);
#2397=VECTOR('',#7993,10.);
#2398=VECTOR('',#7994,10.);
#2399=VECTOR('',#7999,10.);
#2400=VECTOR('',#8000,10.);
#2401=VECTOR('',#8001,10.);
#2402=VECTOR('',#8002,10.);
#2403=VECTOR('',#8005,10.);
#2404=VECTOR('',#8006,10.);
#2405=VECTOR('',#8007,10.);
#2406=VECTOR('',#8010,10.);
#2407=VECTOR('',#8011,10.);
#2408=VECTOR('',#8012,10.);
#2409=VECTOR('',#8015,10.);
#2410=VECTOR('',#8016,10.);
#2411=VECTOR('',#8021,10.);
#2412=VECTOR('',#8022,10.);
#2413=VECTOR('',#8023,10.);
#2414=VECTOR('',#8024,10.);
#2415=VECTOR('',#8025,10.);
#2416=VECTOR('',#8026,10.);
#2417=VECTOR('',#8027,10.);
#2418=VECTOR('',#8028,10.);
#2419=VECTOR('',#8029,10.);
#2420=VECTOR('',#8032,10.);
#2421=VECTOR('',#8033,10.);
#2422=VECTOR('',#8034,10.);
#2423=VECTOR('',#8037,10.);
#2424=VECTOR('',#8038,10.);
#2425=VECTOR('',#8039,10.);
#2426=VECTOR('',#8042,10.);
#2427=VECTOR('',#8043,10.);
#2428=VECTOR('',#8044,10.);
#2429=VECTOR('',#8045,10.);
#2430=VECTOR('',#8046,10.);
#2431=VECTOR('',#8047,10.);
#2432=VECTOR('',#8048,10.);
#2433=VECTOR('',#8049,10.);
#2434=VECTOR('',#8052,10.);
#2435=VECTOR('',#8053,10.);
#2436=VECTOR('',#8054,10.);
#2437=VECTOR('',#8057,10.);
#2438=VECTOR('',#8058,10.);
#2439=VECTOR('',#8059,10.);
#2440=VECTOR('',#8062,10.);
#2441=VECTOR('',#8063,10.);
#2442=VECTOR('',#8064,10.);
#2443=VECTOR('',#8065,10.);
#2444=VECTOR('',#8066,10.);
#2445=VECTOR('',#8067,10.);
#2446=VECTOR('',#8068,10.);
#2447=VECTOR('',#8069,10.);
#2448=VECTOR('',#8070,10.);
#2449=VECTOR('',#8071,10.);
#2450=VECTOR('',#8074,10.);
#2451=VECTOR('',#8075,10.);
#2452=VECTOR('',#8076,10.);
#2453=VECTOR('',#8079,10.);
#2454=VECTOR('',#8080,10.);
#2455=VECTOR('',#8081,10.);
#2456=VECTOR('',#8084,10.);
#2457=VECTOR('',#8085,10.);
#2458=VECTOR('',#8086,10.);
#2459=VECTOR('',#8089,10.);
#2460=VECTOR('',#8090,10.);
#2461=VECTOR('',#8093,10.);
#2462=VECTOR('',#8094,10.);
#2463=VECTOR('',#8095,10.);
#2464=VECTOR('',#8096,10.);
#2465=VECTOR('',#8097,10.);
#2466=VECTOR('',#8098,10.);
#2467=VECTOR('',#8099,10.);
#2468=VECTOR('',#8100,10.);
#2469=VECTOR('',#8103,10.);
#2470=VECTOR('',#8104,10.);
#2471=VECTOR('',#8105,10.);
#2472=VECTOR('',#8106,10.);
#2473=VECTOR('',#8109,10.);
#2474=VECTOR('',#8110,10.);
#2475=VECTOR('',#8111,10.);
#2476=VECTOR('',#8114,10.);
#2477=VECTOR('',#8115,10.);
#2478=VECTOR('',#8116,10.);
#2479=VECTOR('',#8117,10.);
#2480=VECTOR('',#8118,10.);
#2481=VECTOR('',#8119,10.);
#2482=VECTOR('',#8120,10.);
#2483=VECTOR('',#8121,10.);
#2484=VECTOR('',#8122,10.);
#2485=VECTOR('',#8123,10.);
#2486=VECTOR('',#8124,10.);
#2487=VECTOR('',#8125,10.);
#2488=VECTOR('',#8128,10.);
#2489=VECTOR('',#8129,10.);
#2490=VECTOR('',#8130,10.);
#2491=VECTOR('',#8133,10.);
#2492=VECTOR('',#8134,10.);
#2493=VECTOR('',#8139,10.);
#2494=VECTOR('',#8140,10.);
#2495=VECTOR('',#8141,10.);
#2496=VECTOR('',#8142,10.);
#2497=VECTOR('',#8143,10.);
#2498=VECTOR('',#8144,10.);
#2499=VECTOR('',#8145,10.);
#2500=VECTOR('',#8146,10.);
#2501=VECTOR('',#8149,10.);
#2502=VECTOR('',#8150,10.);
#2503=VECTOR('',#8151,10.);
#2504=VECTOR('',#8152,10.);
#2505=VECTOR('',#8153,10.);
#2506=VECTOR('',#8154,10.);
#2507=VECTOR('',#8157,10.);
#2508=VECTOR('',#8158,10.);
#2509=VECTOR('',#8159,10.);
#2510=VECTOR('',#8162,10.);
#2511=VECTOR('',#8163,10.);
#2512=VECTOR('',#8164,10.);
#2513=VECTOR('',#8167,10.);
#2514=VECTOR('',#8168,10.);
#2515=VECTOR('',#8169,10.);
#2516=VECTOR('',#8172,10.);
#2517=VECTOR('',#8173,10.);
#2518=VECTOR('',#8176,10.);
#2519=VECTOR('',#8177,10.);
#2520=VECTOR('',#8178,10.);
#2521=VECTOR('',#8179,10.);
#2522=VECTOR('',#8180,10.);
#2523=VECTOR('',#8181,10.);
#2524=VECTOR('',#8182,10.);
#2525=VECTOR('',#8183,10.);
#2526=VECTOR('',#8184,10.);
#2527=VECTOR('',#8185,10.);
#2528=VECTOR('',#8186,10.);
#2529=VECTOR('',#8187,10.);
#2530=VECTOR('',#8188,10.);
#2531=VECTOR('',#8189,10.);
#2532=VECTOR('',#8190,10.);
#2533=VECTOR('',#8191,10.);
#2534=VECTOR('',#8192,10.);
#2535=VECTOR('',#8195,10.);
#2536=VECTOR('',#8196,10.);
#2537=VECTOR('',#8197,10.);
#2538=VECTOR('',#8200,10.);
#2539=VECTOR('',#8201,10.);
#2540=VECTOR('',#8202,10.);
#2541=VECTOR('',#8205,10.);
#2542=VECTOR('',#8206,10.);
#2543=VECTOR('',#8207,10.);
#2544=VECTOR('',#8210,10.);
#2545=VECTOR('',#8211,10.);
#2546=VECTOR('',#8212,10.);
#2547=VECTOR('',#8215,10.);
#2548=VECTOR('',#8216,10.);
#2549=VECTOR('',#8219,10.);
#2550=VECTOR('',#8220,10.);
#2551=VECTOR('',#8221,10.);
#2552=VECTOR('',#8222,10.);
#2553=VECTOR('',#8223,10.);
#2554=VECTOR('',#8224,10.);
#2555=VECTOR('',#8225,10.);
#2556=VECTOR('',#8226,10.);
#2557=VECTOR('',#8227,10.);
#2558=VECTOR('',#8228,10.);
#2559=VECTOR('',#8231,10.);
#2560=VECTOR('',#8232,10.);
#2561=VECTOR('',#8235,10.);
#2562=VECTOR('',#8236,10.);
#2563=VECTOR('',#8237,10.);
#2564=VECTOR('',#8238,10.);
#2565=VECTOR('',#8239,10.);
#2566=VECTOR('',#8240,10.);
#2567=VECTOR('',#8243,10.);
#2568=VECTOR('',#8244,10.);
#2569=VECTOR('',#8245,10.);
#2570=VECTOR('',#8246,10.);
#2571=VECTOR('',#8247,10.);
#2572=VECTOR('',#8248,10.);
#2573=VECTOR('',#8249,10.);
#2574=VECTOR('',#8250,10.);
#2575=VECTOR('',#8251,10.);
#2576=VECTOR('',#8252,10.);
#2577=VECTOR('',#8255,10.);
#2578=VECTOR('',#8256,10.);
#2579=VECTOR('',#8257,10.);
#2580=VECTOR('',#8258,10.);
#2581=VECTOR('',#8259,10.);
#2582=VECTOR('',#8260,10.);
#2583=VECTOR('',#8261,10.);
#2584=VECTOR('',#8262,10.);
#2585=VECTOR('',#8263,10.);
#2586=VECTOR('',#8264,10.);
#2587=VECTOR('',#8265,10.);
#2588=VECTOR('',#8266,10.);
#2589=VECTOR('',#8267,10.);
#2590=VECTOR('',#8268,10.);
#2591=VECTOR('',#8269,10.);
#2592=VECTOR('',#8270,10.);
#2593=VECTOR('',#8271,10.);
#2594=VECTOR('',#8276,10.);
#2595=VECTOR('',#8277,10.);
#2596=VECTOR('',#8278,10.);
#2597=VECTOR('',#8279,10.);
#2598=VECTOR('',#8280,10.);
#2599=VECTOR('',#8281,10.);
#2600=VECTOR('',#8282,10.);
#2601=VECTOR('',#8283,10.);
#2602=VECTOR('',#8286,10.);
#2603=VECTOR('',#8287,10.);
#2604=VECTOR('',#8288,10.);
#2605=VECTOR('',#8289,10.);
#2606=VECTOR('',#8290,10.);
#2607=VECTOR('',#8291,10.);
#2608=VECTOR('',#8294,10.);
#2609=VECTOR('',#8295,10.);
#2610=VECTOR('',#8296,10.);
#2611=VECTOR('',#8299,10.);
#2612=VECTOR('',#8300,10.);
#2613=VECTOR('',#8301,10.);
#2614=VECTOR('',#8304,10.);
#2615=VECTOR('',#8305,10.);
#2616=VECTOR('',#8306,10.);
#2617=VECTOR('',#8309,10.);
#2618=VECTOR('',#8310,10.);
#2619=VECTOR('',#8313,10.);
#2620=VECTOR('',#8314,10.);
#2621=VECTOR('',#8315,10.);
#2622=VECTOR('',#8316,10.);
#2623=VECTOR('',#8317,10.);
#2624=VECTOR('',#8318,10.);
#2625=VECTOR('',#8319,10.);
#2626=VECTOR('',#8320,10.);
#2627=VECTOR('',#8321,10.);
#2628=VECTOR('',#8322,10.);
#2629=VECTOR('',#8323,10.);
#2630=VECTOR('',#8324,10.);
#2631=VECTOR('',#8325,10.);
#2632=VECTOR('',#8326,10.);
#2633=VECTOR('',#8327,10.);
#2634=VECTOR('',#8328,10.);
#2635=VECTOR('',#8329,10.);
#2636=VECTOR('',#8332,10.);
#2637=VECTOR('',#8333,10.);
#2638=VECTOR('',#8334,10.);
#2639=VECTOR('',#8335,10.);
#2640=VECTOR('',#8336,10.);
#2641=VECTOR('',#8337,10.);
#2642=VECTOR('',#8338,10.);
#2643=VECTOR('',#8339,10.);
#2644=VECTOR('',#8340,10.);
#2645=VECTOR('',#8341,10.);
#2646=VECTOR('',#8342,10.);
#2647=VECTOR('',#8343,10.);
#2648=VECTOR('',#8344,10.);
#2649=VECTOR('',#8345,10.);
#2650=VECTOR('',#8346,10.);
#2651=VECTOR('',#8347,10.);
#2652=VECTOR('',#8348,10.);
#2653=VECTOR('',#8351,10.);
#2654=VECTOR('',#8352,10.);
#2655=VECTOR('',#8353,10.);
#2656=VECTOR('',#8354,10.);
#2657=VECTOR('',#8355,10.);
#2658=VECTOR('',#8356,10.);
#2659=VECTOR('',#8357,10.);
#2660=VECTOR('',#8358,10.);
#2661=VECTOR('',#8361,10.);
#2662=VECTOR('',#8362,10.);
#2663=VECTOR('',#8363,10.);
#2664=VECTOR('',#8364,10.);
#2665=VECTOR('',#8365,10.);
#2666=VECTOR('',#8366,10.);
#2667=VECTOR('',#8367,10.);
#2668=VECTOR('',#8368,10.);
#2669=VECTOR('',#8369,10.);
#2670=VECTOR('',#8370,10.);
#2671=VECTOR('',#8371,10.);
#2672=VECTOR('',#8372,10.);
#2673=VECTOR('',#8375,10.);
#2674=VECTOR('',#8376,10.);
#2675=VECTOR('',#8377,10.);
#2676=VECTOR('',#8380,10.);
#2677=VECTOR('',#8381,10.);
#2678=VECTOR('',#8382,10.);
#2679=VECTOR('',#8383,10.);
#2680=VECTOR('',#8384,10.);
#2681=VECTOR('',#8385,10.);
#2682=VECTOR('',#8386,10.);
#2683=VECTOR('',#8387,10.);
#2684=VECTOR('',#8388,10.);
#2685=VECTOR('',#8389,10.);
#2686=VECTOR('',#8392,10.);
#2687=VECTOR('',#8393,10.);
#2688=VECTOR('',#8396,10.);
#2689=VECTOR('',#8397,10.);
#2690=VECTOR('',#8398,10.);
#2691=VECTOR('',#8399,10.);
#2692=VECTOR('',#8400,10.);
#2693=VECTOR('',#8401,10.);
#2694=VECTOR('',#8404,10.);
#2695=VECTOR('',#8405,10.);
#2696=VECTOR('',#8406,10.);
#2697=VECTOR('',#8407,10.);
#2698=VECTOR('',#8408,10.);
#2699=VECTOR('',#8409,10.);
#2700=VECTOR('',#8410,10.);
#2701=VECTOR('',#8411,10.);
#2702=VECTOR('',#8412,10.);
#2703=VECTOR('',#8413,10.);
#2704=VECTOR('',#8416,10.);
#2705=VECTOR('',#8417,10.);
#2706=VECTOR('',#8418,10.);
#2707=VECTOR('',#8419,10.);
#2708=VECTOR('',#8420,10.);
#2709=VECTOR('',#8421,10.);
#2710=VECTOR('',#8422,10.);
#2711=VECTOR('',#8423,10.);
#2712=VECTOR('',#8424,10.);
#2713=VECTOR('',#8425,10.);
#2714=VECTOR('',#8426,10.);
#2715=VECTOR('',#8427,10.);
#2716=VECTOR('',#8428,10.);
#2717=VECTOR('',#8429,10.);
#2718=VECTOR('',#8430,10.);
#2719=VECTOR('',#8431,10.);
#2720=VECTOR('',#8432,10.);
#2721=VECTOR('',#8435,10.);
#2722=VECTOR('',#8436,10.);
#2723=VECTOR('',#8437,10.);
#2724=VECTOR('',#8438,10.);
#2725=VECTOR('',#8439,10.);
#2726=VECTOR('',#8440,10.);
#2727=VECTOR('',#8441,10.);
#2728=VECTOR('',#8442,10.);
#2729=VECTOR('',#8443,10.);
#2730=VECTOR('',#8444,10.);
#2731=VECTOR('',#8445,10.);
#2732=VECTOR('',#8446,10.);
#2733=VECTOR('',#8447,10.);
#2734=VECTOR('',#8448,10.);
#2735=VECTOR('',#8449,10.);
#2736=VECTOR('',#8452,10.);
#2737=VECTOR('',#8453,10.);
#2738=VECTOR('',#8454,10.);
#2739=VECTOR('',#8455,10.);
#2740=VECTOR('',#8456,10.);
#2741=VECTOR('',#8457,10.);
#2742=VECTOR('',#8458,10.);
#2743=VECTOR('',#8459,10.);
#2744=VECTOR('',#8460,10.);
#2745=VECTOR('',#8461,10.);
#2746=VECTOR('',#8462,10.);
#2747=VECTOR('',#8463,10.);
#2748=VECTOR('',#8464,10.);
#2749=VECTOR('',#8465,10.);
#2750=VECTOR('',#8466,10.);
#2751=VECTOR('',#8467,10.);
#2752=VECTOR('',#8468,10.);
#2753=VECTOR('',#8469,10.);
#2754=VECTOR('',#8470,10.);
#2755=VECTOR('',#8473,10.);
#2756=VECTOR('',#8474,10.);
#2757=VECTOR('',#8475,10.);
#2758=VECTOR('',#8478,10.);
#2759=VECTOR('',#8479,10.);
#2760=VECTOR('',#8480,10.);
#2761=VECTOR('',#8481,10.);
#2762=VECTOR('',#8484,10.);
#2763=VECTOR('',#8485,10.);
#2764=VECTOR('',#8486,10.);
#2765=VECTOR('',#8487,10.);
#2766=VECTOR('',#8488,10.);
#2767=VECTOR('',#8489,10.);
#2768=VECTOR('',#8490,10.);
#2769=VECTOR('',#8493,10.);
#2770=VECTOR('',#8494,10.);
#2771=VECTOR('',#8495,10.);
#2772=VECTOR('',#8496,10.);
#2773=VECTOR('',#8497,10.);
#2774=VECTOR('',#8498,10.);
#2775=VECTOR('',#8499,10.);
#2776=VECTOR('',#8500,10.);
#2777=VECTOR('',#8501,10.);
#2778=VECTOR('',#8502,10.);
#2779=VECTOR('',#8503,10.);
#2780=VECTOR('',#8504,10.);
#2781=VECTOR('',#8507,10.);
#2782=VECTOR('',#8508,10.);
#2783=VECTOR('',#8509,10.);
#2784=VECTOR('',#8512,10.);
#2785=VECTOR('',#8513,10.);
#2786=VECTOR('',#8514,10.);
#2787=VECTOR('',#8515,10.);
#2788=VECTOR('',#8516,10.);
#2789=VECTOR('',#8517,10.);
#2790=VECTOR('',#8518,10.);
#2791=VECTOR('',#8519,10.);
#2792=VECTOR('',#8522,10.);
#2793=VECTOR('',#8523,10.);
#2794=VECTOR('',#8524,10.);
#2795=VECTOR('',#8525,10.);
#2796=VECTOR('',#8528,10.);
#2797=VECTOR('',#8529,10.);
#2798=VECTOR('',#8530,10.);
#2799=VECTOR('',#8533,10.);
#2800=VECTOR('',#8534,10.);
#2801=VECTOR('',#8535,10.);
#2802=VECTOR('',#8536,10.);
#2803=VECTOR('',#8537,10.);
#2804=VECTOR('',#8538,10.);
#2805=VECTOR('',#8539,10.);
#2806=VECTOR('',#8540,10.);
#2807=VECTOR('',#8541,10.);
#2808=VECTOR('',#8542,10.);
#2809=VECTOR('',#8543,10.);
#2810=VECTOR('',#8546,10.);
#2811=VECTOR('',#8547,10.);
#2812=VECTOR('',#8548,10.);
#2813=VECTOR('',#8551,10.);
#2814=VECTOR('',#8552,10.);
#2815=VECTOR('',#8559,10.);
#2816=VECTOR('',#8562,10.);
#2817=VECTOR('',#8565,10.);
#2818=VECTOR('',#8568,10.);
#2819=VECTOR('',#8569,10.);
#2820=VECTOR('',#8570,10.);
#2821=VECTOR('',#8571,10.);
#2822=VECTOR('',#8572,10.);
#2823=VECTOR('',#8575,10.);
#2824=VECTOR('',#8578,10.);
#2825=VECTOR('',#8581,10.);
#2826=VECTOR('',#8584,10.);
#2827=VECTOR('',#8587,10.);
#2828=VECTOR('',#8590,10.);
#2829=VECTOR('',#8593,10.);
#2830=VECTOR('',#8596,10.);
#2831=VECTOR('',#8599,10.);
#2832=VECTOR('',#8602,10.);
#2833=VECTOR('',#8605,10.);
#2834=VECTOR('',#8608,10.);
#2835=VECTOR('',#8611,10.);
#2836=VECTOR('',#8614,10.);
#2837=VECTOR('',#8617,10.);
#2838=VECTOR('',#8620,10.);
#2839=VECTOR('',#8625,10.);
#2840=VECTOR('',#8628,10.);
#2841=VECTOR('',#8631,10.);
#2842=VECTOR('',#8634,10.);
#2843=VECTOR('',#8639,10.);
#2844=VECTOR('',#8642,10.);
#2845=VECTOR('',#8645,10.);
#2846=VECTOR('',#8648,10.);
#2847=VECTOR('',#8671,10.);
#2848=VECTOR('',#8672,10.);
#2849=VECTOR('',#8675,10.);
#2850=VECTOR('',#8676,10.);
#2851=VECTOR('',#8683,10.);
#2852=VECTOR('',#8684,10.);
#2853=VECTOR('',#8687,10.);
#2854=VECTOR('',#8688,10.);
#2855=VECTOR('',#8693,10.);
#2856=VECTOR('',#8694,10.);
#2857=VECTOR('',#8697,10.);
#2858=VECTOR('',#8702,10.);
#2859=VECTOR('',#8707,1.7);
#2860=VECTOR('',#8712,1.7);
#2861=VECTOR('',#8715,10.);
#2862=VECTOR('',#8716,10.);
#2863=VECTOR('',#8717,10.);
#2864=VECTOR('',#8722,10.);
#2865=VECTOR('',#8725,10.);
#2866=VECTOR('',#8726,10.);
#2867=VECTOR('',#8731,10.);
#2868=VECTOR('',#8734,10.);
#2869=VECTOR('',#8735,10.);
#2870=VECTOR('',#8740,10.);
#2871=VECTOR('',#8743,10.);
#2872=VECTOR('',#8744,10.);
#2873=VECTOR('',#8753,1.7);
#2874=VECTOR('',#8756,10.);
#2875=VECTOR('',#8757,10.);
#2876=VECTOR('',#8758,10.);
#2877=VECTOR('',#8763,10.);
#2878=VECTOR('',#8766,10.);
#2879=VECTOR('',#8767,10.);
#2880=VECTOR('',#8772,10.);
#2881=VECTOR('',#8775,10.);
#2882=VECTOR('',#8776,10.);
#2883=VECTOR('',#8781,10.);
#2884=VECTOR('',#8784,10.);
#2885=VECTOR('',#8785,10.);
#2886=VECTOR('',#8794,1.70000000000001);
#2887=VECTOR('',#8797,10.);
#2888=VECTOR('',#8798,10.);
#2889=VECTOR('',#8799,10.);
#2890=VECTOR('',#8804,10.);
#2891=VECTOR('',#8807,10.);
#2892=VECTOR('',#8808,10.);
#2893=VECTOR('',#8813,10.);
#2894=VECTOR('',#8816,10.);
#2895=VECTOR('',#8817,10.);
#2896=VECTOR('',#8822,10.);
#2897=VECTOR('',#8825,10.);
#2898=VECTOR('',#8826,10.);
#2899=VECTOR('',#8833,10.);
#2900=VECTOR('',#8834,10.);
#2901=VECTOR('',#8835,10.);
#2902=VECTOR('',#8840,10.);
#2903=VECTOR('',#8843,10.);
#2904=VECTOR('',#8844,10.);
#2905=VECTOR('',#8849,10.);
#2906=VECTOR('',#8852,10.);
#2907=VECTOR('',#8853,10.);
#2908=VECTOR('',#8858,10.);
#2909=VECTOR('',#8861,10.);
#2910=VECTOR('',#8862,10.);
#2911=VECTOR('',#8869,10.);
#2912=VECTOR('',#8870,10.);
#2913=VECTOR('',#8871,10.);
#2914=VECTOR('',#8876,10.);
#2915=VECTOR('',#8879,10.);
#2916=VECTOR('',#8880,10.);
#2917=VECTOR('',#8885,10.);
#2918=VECTOR('',#8888,10.);
#2919=VECTOR('',#8889,10.);
#2920=VECTOR('',#8894,10.);
#2921=VECTOR('',#8897,10.);
#2922=VECTOR('',#8898,10.);
#2923=VECTOR('',#8905,10.);
#2924=VECTOR('',#8906,10.);
#2925=VECTOR('',#8907,10.);
#2926=VECTOR('',#8912,10.);
#2927=VECTOR('',#8915,10.);
#2928=VECTOR('',#8916,10.);
#2929=VECTOR('',#8921,10.);
#2930=VECTOR('',#8924,10.);
#2931=VECTOR('',#8925,10.);
#2932=VECTOR('',#8930,10.);
#2933=VECTOR('',#8933,10.);
#2934=VECTOR('',#8934,10.);
#2935=VECTOR('',#8941,10.);
#2936=VECTOR('',#8944,10.);
#2937=VECTOR('',#8945,10.);
#2938=VECTOR('',#8948,10.);
#2939=VECTOR('',#8949,10.);
#2940=VECTOR('',#8952,10.);
#2941=VECTOR('',#8953,10.);
#2942=VECTOR('',#8956,10.);
#2943=VERTEX_POINT('',#8961);
#2944=VERTEX_POINT('',#8962);
#2945=VERTEX_POINT('',#8964);
#2946=VERTEX_POINT('',#8966);
#2947=VERTEX_POINT('',#8970);
#2948=VERTEX_POINT('',#8972);
#2949=VERTEX_POINT('',#8976);
#2950=VERTEX_POINT('',#8978);
#2951=VERTEX_POINT('',#8991);
#2952=VERTEX_POINT('',#8997);
#2953=VERTEX_POINT('',#9014);
#2954=VERTEX_POINT('',#9020);
#2955=VERTEX_POINT('',#9037);
#2956=VERTEX_POINT('',#9043);
#2957=VERTEX_POINT('',#9060);
#2958=VERTEX_POINT('',#9066);
#2959=VERTEX_POINT('',#9083);
#2960=VERTEX_POINT('',#9089);
#2961=VERTEX_POINT('',#9106);
#2962=VERTEX_POINT('',#9112);
#2963=VERTEX_POINT('',#9120);
#2964=VERTEX_POINT('',#9122);
#2965=VERTEX_POINT('',#9126);
#2966=VERTEX_POINT('',#9128);
#2967=VERTEX_POINT('',#9132);
#2968=VERTEX_POINT('',#9134);
#2969=VERTEX_POINT('',#9147);
#2970=VERTEX_POINT('',#9153);
#2971=VERTEX_POINT('',#9170);
#2972=VERTEX_POINT('',#9176);
#2973=VERTEX_POINT('',#9193);
#2974=VERTEX_POINT('',#9199);
#2975=VERTEX_POINT('',#9216);
#2976=VERTEX_POINT('',#9222);
#2977=VERTEX_POINT('',#9239);
#2978=VERTEX_POINT('',#9245);
#2979=VERTEX_POINT('',#9253);
#2980=VERTEX_POINT('',#9255);
#2981=VERTEX_POINT('',#9263);
#2982=VERTEX_POINT('',#9264);
#2983=VERTEX_POINT('',#9266);
#2984=VERTEX_POINT('',#9268);
#2985=VERTEX_POINT('',#9272);
#2986=VERTEX_POINT('',#9274);
#2987=VERTEX_POINT('',#9278);
#2988=VERTEX_POINT('',#9280);
#2989=VERTEX_POINT('',#9288);
#2990=VERTEX_POINT('',#9289);
#2991=VERTEX_POINT('',#9291);
#2992=VERTEX_POINT('',#9293);
#2993=VERTEX_POINT('',#9306);
#2994=VERTEX_POINT('',#9312);
#2995=VERTEX_POINT('',#9329);
#2996=VERTEX_POINT('',#9335);
#2997=VERTEX_POINT('',#9352);
#2998=VERTEX_POINT('',#9358);
#2999=VERTEX_POINT('',#9375);
#3000=VERTEX_POINT('',#9381);
#3001=VERTEX_POINT('',#9398);
#3002=VERTEX_POINT('',#9404);
#3003=VERTEX_POINT('',#9412);
#3004=VERTEX_POINT('',#9414);
#3005=VERTEX_POINT('',#9418);
#3006=VERTEX_POINT('',#9420);
#3007=VERTEX_POINT('',#9424);
#3008=VERTEX_POINT('',#9426);
#3009=VERTEX_POINT('',#9439);
#3010=VERTEX_POINT('',#9445);
#3011=VERTEX_POINT('',#9462);
#3012=VERTEX_POINT('',#9468);
#3013=VERTEX_POINT('',#9485);
#3014=VERTEX_POINT('',#9491);
#3015=VERTEX_POINT('',#9508);
#3016=VERTEX_POINT('',#9514);
#3017=VERTEX_POINT('',#9531);
#3018=VERTEX_POINT('',#9537);
#3019=VERTEX_POINT('',#9545);
#3020=VERTEX_POINT('',#9547);
#3021=VERTEX_POINT('',#9551);
#3022=VERTEX_POINT('',#9553);
#3023=VERTEX_POINT('',#9557);
#3024=VERTEX_POINT('',#9559);
#3025=VERTEX_POINT('',#9572);
#3026=VERTEX_POINT('',#9578);
#3027=VERTEX_POINT('',#9595);
#3028=VERTEX_POINT('',#9601);
#3029=VERTEX_POINT('',#9618);
#3030=VERTEX_POINT('',#9624);
#3031=VERTEX_POINT('',#9641);
#3032=VERTEX_POINT('',#9647);
#3033=VERTEX_POINT('',#9664);
#3034=VERTEX_POINT('',#9670);
#3035=VERTEX_POINT('',#9687);
#3036=VERTEX_POINT('',#9693);
#3037=VERTEX_POINT('',#9710);
#3038=VERTEX_POINT('',#9716);
#3039=VERTEX_POINT('',#9724);
#3040=VERTEX_POINT('',#9726);
#3041=VERTEX_POINT('',#9730);
#3042=VERTEX_POINT('',#9732);
#3043=VERTEX_POINT('',#9736);
#3044=VERTEX_POINT('',#9738);
#3045=VERTEX_POINT('',#9755);
#3046=VERTEX_POINT('',#9756);
#3047=VERTEX_POINT('',#9762);
#3048=VERTEX_POINT('',#9764);
#3049=VERTEX_POINT('',#9781);
#3050=VERTEX_POINT('',#9787);
#3051=VERTEX_POINT('',#9804);
#3052=VERTEX_POINT('',#9810);
#3053=VERTEX_POINT('',#9827);
#3054=VERTEX_POINT('',#9833);
#3055=VERTEX_POINT('',#9850);
#3056=VERTEX_POINT('',#9856);
#3057=VERTEX_POINT('',#9873);
#3058=VERTEX_POINT('',#9879);
#3059=VERTEX_POINT('',#9896);
#3060=VERTEX_POINT('',#9902);
#3061=VERTEX_POINT('',#9930);
#3062=VERTEX_POINT('',#9931);
#3063=VERTEX_POINT('',#9933);
#3064=VERTEX_POINT('',#9935);
#3065=VERTEX_POINT('',#9939);
#3066=VERTEX_POINT('',#9941);
#3067=VERTEX_POINT('',#9945);
#3068=VERTEX_POINT('',#9947);
#3069=VERTEX_POINT('',#9960);
#3070=VERTEX_POINT('',#9966);
#3071=VERTEX_POINT('',#9983);
#3072=VERTEX_POINT('',#9989);
#3073=VERTEX_POINT('',#10006);
#3074=VERTEX_POINT('',#10012);
#3075=VERTEX_POINT('',#10029);
#3076=VERTEX_POINT('',#10035);
#3077=VERTEX_POINT('',#10052);
#3078=VERTEX_POINT('',#10058);
#3079=VERTEX_POINT('',#10075);
#3080=VERTEX_POINT('',#10081);
#3081=VERTEX_POINT('',#10098);
#3082=VERTEX_POINT('',#10104);
#3083=VERTEX_POINT('',#10121);
#3084=VERTEX_POINT('',#10127);
#3085=VERTEX_POINT('',#10144);
#3086=VERTEX_POINT('',#10150);
#3087=VERTEX_POINT('',#10158);
#3088=VERTEX_POINT('',#10160);
#3089=VERTEX_POINT('',#10168);
#3090=VERTEX_POINT('',#10169);
#3091=VERTEX_POINT('',#10171);
#3092=VERTEX_POINT('',#10173);
#3093=VERTEX_POINT('',#10186);
#3094=VERTEX_POINT('',#10192);
#3095=VERTEX_POINT('',#10209);
#3096=VERTEX_POINT('',#10215);
#3097=VERTEX_POINT('',#10232);
#3098=VERTEX_POINT('',#10238);
#3099=VERTEX_POINT('',#10255);
#3100=VERTEX_POINT('',#10261);
#3101=VERTEX_POINT('',#10269);
#3102=VERTEX_POINT('',#10271);
#3103=VERTEX_POINT('',#10284);
#3104=VERTEX_POINT('',#10290);
#3105=VERTEX_POINT('',#10307);
#3106=VERTEX_POINT('',#10313);
#3107=VERTEX_POINT('',#10330);
#3108=VERTEX_POINT('',#10336);
#3109=VERTEX_POINT('',#10344);
#3110=VERTEX_POINT('',#10346);
#3111=VERTEX_POINT('',#10350);
#3112=VERTEX_POINT('',#10352);
#3113=VERTEX_POINT('',#10356);
#3114=VERTEX_POINT('',#10358);
#3115=VERTEX_POINT('',#10375);
#3116=VERTEX_POINT('',#10376);
#3117=VERTEX_POINT('',#10382);
#3118=VERTEX_POINT('',#10384);
#3119=VERTEX_POINT('',#10401);
#3120=VERTEX_POINT('',#10407);
#3121=VERTEX_POINT('',#10424);
#3122=VERTEX_POINT('',#10430);
#3123=VERTEX_POINT('',#10447);
#3124=VERTEX_POINT('',#10453);
#3125=VERTEX_POINT('',#10470);
#3126=VERTEX_POINT('',#10476);
#3127=VERTEX_POINT('',#10493);
#3128=VERTEX_POINT('',#10499);
#3129=VERTEX_POINT('',#10516);
#3130=VERTEX_POINT('',#10522);
#3131=VERTEX_POINT('',#10559);
#3132=VERTEX_POINT('',#10560);
#3133=VERTEX_POINT('',#10566);
#3134=VERTEX_POINT('',#10568);
#3135=VERTEX_POINT('',#10585);
#3136=VERTEX_POINT('',#10591);
#3137=VERTEX_POINT('',#10608);
#3138=VERTEX_POINT('',#10614);
#3139=VERTEX_POINT('',#10631);
#3140=VERTEX_POINT('',#10637);
#3141=VERTEX_POINT('',#10654);
#3142=VERTEX_POINT('',#10660);
#3143=VERTEX_POINT('',#10677);
#3144=VERTEX_POINT('',#10683);
#3145=VERTEX_POINT('',#10700);
#3146=VERTEX_POINT('',#10706);
#3147=VERTEX_POINT('',#10723);
#3148=VERTEX_POINT('',#10729);
#3149=VERTEX_POINT('',#10737);
#3150=VERTEX_POINT('',#10739);
#3151=VERTEX_POINT('',#10743);
#3152=VERTEX_POINT('',#10745);
#3153=VERTEX_POINT('',#10749);
#3154=VERTEX_POINT('',#10751);
#3155=VERTEX_POINT('',#10755);
#3156=VERTEX_POINT('',#10757);
#3157=VERTEX_POINT('',#10774);
#3158=VERTEX_POINT('',#10775);
#3159=VERTEX_POINT('',#10781);
#3160=VERTEX_POINT('',#10783);
#3161=VERTEX_POINT('',#10800);
#3162=VERTEX_POINT('',#10806);
#3163=VERTEX_POINT('',#10823);
#3164=VERTEX_POINT('',#10829);
#3165=VERTEX_POINT('',#10846);
#3166=VERTEX_POINT('',#10852);
#3167=VERTEX_POINT('',#10869);
#3168=VERTEX_POINT('',#10875);
#3169=VERTEX_POINT('',#10892);
#3170=VERTEX_POINT('',#10898);
#3171=VERTEX_POINT('',#10915);
#3172=VERTEX_POINT('',#10921);
#3173=VERTEX_POINT('',#10938);
#3174=VERTEX_POINT('',#10944);
#3175=VERTEX_POINT('',#10961);
#3176=VERTEX_POINT('',#10967);
#3177=VERTEX_POINT('',#10978);
#3178=VERTEX_POINT('',#10979);
#3179=VERTEX_POINT('',#10981);
#3180=VERTEX_POINT('',#10983);
#3181=VERTEX_POINT('',#10996);
#3182=VERTEX_POINT('',#11002);
#3183=VERTEX_POINT('',#11019);
#3184=VERTEX_POINT('',#11025);
#3185=VERTEX_POINT('',#11033);
#3186=VERTEX_POINT('',#11035);
#3187=VERTEX_POINT('',#11048);
#3188=VERTEX_POINT('',#11054);
#3189=VERTEX_POINT('',#11071);
#3190=VERTEX_POINT('',#11077);
#3191=VERTEX_POINT('',#11094);
#3192=VERTEX_POINT('',#11100);
#3193=VERTEX_POINT('',#11117);
#3194=VERTEX_POINT('',#11123);
#3195=VERTEX_POINT('',#11140);
#3196=VERTEX_POINT('',#11146);
#3197=VERTEX_POINT('',#11163);
#3198=VERTEX_POINT('',#11169);
#3199=VERTEX_POINT('',#11186);
#3200=VERTEX_POINT('',#11192);
#3201=VERTEX_POINT('',#11200);
#3202=VERTEX_POINT('',#11202);
#3203=VERTEX_POINT('',#11215);
#3204=VERTEX_POINT('',#11221);
#3205=VERTEX_POINT('',#11238);
#3206=VERTEX_POINT('',#11244);
#3207=VERTEX_POINT('',#11261);
#3208=VERTEX_POINT('',#11267);
#3209=VERTEX_POINT('',#11284);
#3210=VERTEX_POINT('',#11290);
#3211=VERTEX_POINT('',#11307);
#3212=VERTEX_POINT('',#11313);
#3213=VERTEX_POINT('',#11330);
#3214=VERTEX_POINT('',#11336);
#3215=VERTEX_POINT('',#11353);
#3216=VERTEX_POINT('',#11359);
#3217=VERTEX_POINT('',#11376);
#3218=VERTEX_POINT('',#11382);
#3219=VERTEX_POINT('',#11399);
#3220=VERTEX_POINT('',#11405);
#3221=VERTEX_POINT('',#11422);
#3222=VERTEX_POINT('',#11428);
#3223=VERTEX_POINT('',#11445);
#3224=VERTEX_POINT('',#11451);
#3225=VERTEX_POINT('',#11468);
#3226=VERTEX_POINT('',#11474);
#3227=VERTEX_POINT('',#11491);
#3228=VERTEX_POINT('',#11497);
#3229=VERTEX_POINT('',#11514);
#3230=VERTEX_POINT('',#11520);
#3231=VERTEX_POINT('',#11549);
#3232=VERTEX_POINT('',#11550);
#3233=VERTEX_POINT('',#11552);
#3234=VERTEX_POINT('',#11554);
#3235=VERTEX_POINT('',#11567);
#3236=VERTEX_POINT('',#11573);
#3237=VERTEX_POINT('',#11590);
#3238=VERTEX_POINT('',#11596);
#3239=VERTEX_POINT('',#11613);
#3240=VERTEX_POINT('',#11619);
#3241=VERTEX_POINT('',#11636);
#3242=VERTEX_POINT('',#11642);
#3243=VERTEX_POINT('',#11650);
#3244=VERTEX_POINT('',#11652);
#3245=VERTEX_POINT('',#11665);
#3246=VERTEX_POINT('',#11671);
#3247=VERTEX_POINT('',#11688);
#3248=VERTEX_POINT('',#11694);
#3249=VERTEX_POINT('',#11711);
#3250=VERTEX_POINT('',#11717);
#3251=VERTEX_POINT('',#11725);
#3252=VERTEX_POINT('',#11727);
#3253=VERTEX_POINT('',#11731);
#3254=VERTEX_POINT('',#11733);
#3255=VERTEX_POINT('',#11737);
#3256=VERTEX_POINT('',#11739);
#3257=VERTEX_POINT('',#11756);
#3258=VERTEX_POINT('',#11757);
#3259=VERTEX_POINT('',#11763);
#3260=VERTEX_POINT('',#11765);
#3261=VERTEX_POINT('',#11782);
#3262=VERTEX_POINT('',#11788);
#3263=VERTEX_POINT('',#11805);
#3264=VERTEX_POINT('',#11811);
#3265=VERTEX_POINT('',#11828);
#3266=VERTEX_POINT('',#11834);
#3267=VERTEX_POINT('',#11851);
#3268=VERTEX_POINT('',#11857);
#3269=VERTEX_POINT('',#11874);
#3270=VERTEX_POINT('',#11880);
#3271=VERTEX_POINT('',#11897);
#3272=VERTEX_POINT('',#11903);
#3273=VERTEX_POINT('',#11940);
#3274=VERTEX_POINT('',#11941);
#3275=VERTEX_POINT('',#11947);
#3276=VERTEX_POINT('',#11949);
#3277=VERTEX_POINT('',#11966);
#3278=VERTEX_POINT('',#11972);
#3279=VERTEX_POINT('',#11989);
#3280=VERTEX_POINT('',#11995);
#3281=VERTEX_POINT('',#12012);
#3282=VERTEX_POINT('',#12018);
#3283=VERTEX_POINT('',#12035);
#3284=VERTEX_POINT('',#12041);
#3285=VERTEX_POINT('',#12058);
#3286=VERTEX_POINT('',#12064);
#3287=VERTEX_POINT('',#12081);
#3288=VERTEX_POINT('',#12087);
#3289=VERTEX_POINT('',#12104);
#3290=VERTEX_POINT('',#12110);
#3291=VERTEX_POINT('',#12148);
#3292=VERTEX_POINT('',#12149);
#3293=VERTEX_POINT('',#12155);
#3294=VERTEX_POINT('',#12157);
#3295=VERTEX_POINT('',#12174);
#3296=VERTEX_POINT('',#12180);
#3297=VERTEX_POINT('',#12197);
#3298=VERTEX_POINT('',#12203);
#3299=VERTEX_POINT('',#12220);
#3300=VERTEX_POINT('',#12226);
#3301=VERTEX_POINT('',#12243);
#3302=VERTEX_POINT('',#12249);
#3303=VERTEX_POINT('',#12266);
#3304=VERTEX_POINT('',#12272);
#3305=VERTEX_POINT('',#12289);
#3306=VERTEX_POINT('',#12295);
#3307=VERTEX_POINT('',#12332);
#3308=VERTEX_POINT('',#12333);
#3309=VERTEX_POINT('',#12339);
#3310=VERTEX_POINT('',#12341);
#3311=VERTEX_POINT('',#12358);
#3312=VERTEX_POINT('',#12364);
#3313=VERTEX_POINT('',#12381);
#3314=VERTEX_POINT('',#12387);
#3315=VERTEX_POINT('',#12404);
#3316=VERTEX_POINT('',#12410);
#3317=VERTEX_POINT('',#12427);
#3318=VERTEX_POINT('',#12433);
#3319=VERTEX_POINT('',#12450);
#3320=VERTEX_POINT('',#12456);
#3321=VERTEX_POINT('',#12473);
#3322=VERTEX_POINT('',#12479);
#3323=VERTEX_POINT('',#12496);
#3324=VERTEX_POINT('',#12502);
#3325=VERTEX_POINT('',#12540);
#3326=VERTEX_POINT('',#12541);
#3327=VERTEX_POINT('',#12547);
#3328=VERTEX_POINT('',#12549);
#3329=VERTEX_POINT('',#12566);
#3330=VERTEX_POINT('',#12572);
#3331=VERTEX_POINT('',#12589);
#3332=VERTEX_POINT('',#12595);
#3333=VERTEX_POINT('',#12612);
#3334=VERTEX_POINT('',#12618);
#3335=VERTEX_POINT('',#12635);
#3336=VERTEX_POINT('',#12641);
#3337=VERTEX_POINT('',#12658);
#3338=VERTEX_POINT('',#12664);
#3339=VERTEX_POINT('',#12681);
#3340=VERTEX_POINT('',#12687);
#3341=VERTEX_POINT('',#12695);
#3342=VERTEX_POINT('',#12697);
#3343=VERTEX_POINT('',#12710);
#3344=VERTEX_POINT('',#12716);
#3345=VERTEX_POINT('',#12733);
#3346=VERTEX_POINT('',#12739);
#3347=VERTEX_POINT('',#12756);
#3348=VERTEX_POINT('',#12762);
#3349=VERTEX_POINT('',#12779);
#3350=VERTEX_POINT('',#12785);
#3351=VERTEX_POINT('',#12802);
#3352=VERTEX_POINT('',#12808);
#3353=VERTEX_POINT('',#12825);
#3354=VERTEX_POINT('',#12831);
#3355=VERTEX_POINT('',#12848);
#3356=VERTEX_POINT('',#12854);
#3357=VERTEX_POINT('',#12871);
#3358=VERTEX_POINT('',#12877);
#3359=VERTEX_POINT('',#12894);
#3360=VERTEX_POINT('',#12900);
#3361=VERTEX_POINT('',#12908);
#3362=VERTEX_POINT('',#12910);
#3363=VERTEX_POINT('',#12944);
#3364=VERTEX_POINT('',#12945);
#3365=VERTEX_POINT('',#12951);
#3366=VERTEX_POINT('',#12953);
#3367=VERTEX_POINT('',#12970);
#3368=VERTEX_POINT('',#12976);
#3369=VERTEX_POINT('',#12993);
#3370=VERTEX_POINT('',#12999);
#3371=VERTEX_POINT('',#13016);
#3372=VERTEX_POINT('',#13022);
#3373=VERTEX_POINT('',#13039);
#3374=VERTEX_POINT('',#13045);
#3375=VERTEX_POINT('',#13062);
#3376=VERTEX_POINT('',#13068);
#3377=VERTEX_POINT('',#13085);
#3378=VERTEX_POINT('',#13091);
#3379=VERTEX_POINT('',#13108);
#3380=VERTEX_POINT('',#13114);
#3381=VERTEX_POINT('',#13131);
#3382=VERTEX_POINT('',#13137);
#3383=VERTEX_POINT('',#13148);
#3384=VERTEX_POINT('',#13149);
#3385=VERTEX_POINT('',#13151);
#3386=VERTEX_POINT('',#13153);
#3387=VERTEX_POINT('',#13166);
#3388=VERTEX_POINT('',#13172);
#3389=VERTEX_POINT('',#13189);
#3390=VERTEX_POINT('',#13195);
#3391=VERTEX_POINT('',#13203);
#3392=VERTEX_POINT('',#13205);
#3393=VERTEX_POINT('',#13218);
#3394=VERTEX_POINT('',#13224);
#3395=VERTEX_POINT('',#13241);
#3396=VERTEX_POINT('',#13247);
#3397=VERTEX_POINT('',#13264);
#3398=VERTEX_POINT('',#13270);
#3399=VERTEX_POINT('',#13287);
#3400=VERTEX_POINT('',#13293);
#3401=VERTEX_POINT('',#13310);
#3402=VERTEX_POINT('',#13316);
#3403=VERTEX_POINT('',#13333);
#3404=VERTEX_POINT('',#13339);
#3405=VERTEX_POINT('',#13356);
#3406=VERTEX_POINT('',#13362);
#3407=VERTEX_POINT('',#13370);
#3408=VERTEX_POINT('',#13372);
#3409=VERTEX_POINT('',#13385);
#3410=VERTEX_POINT('',#13391);
#3411=VERTEX_POINT('',#13408);
#3412=VERTEX_POINT('',#13414);
#3413=VERTEX_POINT('',#13431);
#3414=VERTEX_POINT('',#13437);
#3415=VERTEX_POINT('',#13454);
#3416=VERTEX_POINT('',#13460);
#3417=VERTEX_POINT('',#13477);
#3418=VERTEX_POINT('',#13483);
#3419=VERTEX_POINT('',#13500);
#3420=VERTEX_POINT('',#13506);
#3421=VERTEX_POINT('',#13523);
#3422=VERTEX_POINT('',#13529);
#3423=VERTEX_POINT('',#13546);
#3424=VERTEX_POINT('',#13552);
#3425=VERTEX_POINT('',#13569);
#3426=VERTEX_POINT('',#13575);
#3427=VERTEX_POINT('',#13592);
#3428=VERTEX_POINT('',#13598);
#3429=VERTEX_POINT('',#13615);
#3430=VERTEX_POINT('',#13621);
#3431=VERTEX_POINT('',#13638);
#3432=VERTEX_POINT('',#13644);
#3433=VERTEX_POINT('',#13661);
#3434=VERTEX_POINT('',#13667);
#3435=VERTEX_POINT('',#13684);
#3436=VERTEX_POINT('',#13690);
#3437=VERTEX_POINT('',#13728);
#3438=VERTEX_POINT('',#13729);
#3439=VERTEX_POINT('',#13735);
#3440=VERTEX_POINT('',#13737);
#3441=VERTEX_POINT('',#13754);
#3442=VERTEX_POINT('',#13760);
#3443=VERTEX_POINT('',#13777);
#3444=VERTEX_POINT('',#13783);
#3445=VERTEX_POINT('',#13800);
#3446=VERTEX_POINT('',#13806);
#3447=VERTEX_POINT('',#13823);
#3448=VERTEX_POINT('',#13829);
#3449=VERTEX_POINT('',#13846);
#3450=VERTEX_POINT('',#13852);
#3451=VERTEX_POINT('',#13869);
#3452=VERTEX_POINT('',#13875);
#3453=VERTEX_POINT('',#13892);
#3454=VERTEX_POINT('',#13898);
#3455=VERTEX_POINT('',#13915);
#3456=VERTEX_POINT('',#13921);
#3457=VERTEX_POINT('',#13938);
#3458=VERTEX_POINT('',#13944);
#3459=VERTEX_POINT('',#13961);
#3460=VERTEX_POINT('',#13967);
#3461=VERTEX_POINT('',#13984);
#3462=VERTEX_POINT('',#13990);
#3463=VERTEX_POINT('',#14007);
#3464=VERTEX_POINT('',#14013);
#3465=VERTEX_POINT('',#14030);
#3466=VERTEX_POINT('',#14036);
#3467=VERTEX_POINT('',#14044);
#3468=VERTEX_POINT('',#14046);
#3469=VERTEX_POINT('',#14059);
#3470=VERTEX_POINT('',#14065);
#3471=VERTEX_POINT('',#14082);
#3472=VERTEX_POINT('',#14088);
#3473=VERTEX_POINT('',#14105);
#3474=VERTEX_POINT('',#14111);
#3475=VERTEX_POINT('',#14128);
#3476=VERTEX_POINT('',#14134);
#3477=VERTEX_POINT('',#14151);
#3478=VERTEX_POINT('',#14157);
#3479=VERTEX_POINT('',#14174);
#3480=VERTEX_POINT('',#14180);
#3481=VERTEX_POINT('',#14197);
#3482=VERTEX_POINT('',#14203);
#3483=VERTEX_POINT('',#14220);
#3484=VERTEX_POINT('',#14226);
#3485=VERTEX_POINT('',#14243);
#3486=VERTEX_POINT('',#14249);
#3487=VERTEX_POINT('',#14266);
#3488=VERTEX_POINT('',#14272);
#3489=VERTEX_POINT('',#14289);
#3490=VERTEX_POINT('',#14295);
#3491=VERTEX_POINT('',#14312);
#3492=VERTEX_POINT('',#14318);
#3493=VERTEX_POINT('',#14335);
#3494=VERTEX_POINT('',#14341);
#3495=VERTEX_POINT('',#14358);
#3496=VERTEX_POINT('',#14364);
#3497=VERTEX_POINT('',#14381);
#3498=VERTEX_POINT('',#14387);
#3499=VERTEX_POINT('',#14404);
#3500=VERTEX_POINT('',#14410);
#3501=VERTEX_POINT('',#14418);
#3502=VERTEX_POINT('',#14420);
#3503=VERTEX_POINT('',#14454);
#3504=VERTEX_POINT('',#14455);
#3505=VERTEX_POINT('',#14461);
#3506=VERTEX_POINT('',#14463);
#3507=VERTEX_POINT('',#14480);
#3508=VERTEX_POINT('',#14486);
#3509=VERTEX_POINT('',#14503);
#3510=VERTEX_POINT('',#14509);
#3511=VERTEX_POINT('',#14517);
#3512=VERTEX_POINT('',#14519);
#3513=VERTEX_POINT('',#14552);
#3514=VERTEX_POINT('',#14553);
#3515=VERTEX_POINT('',#14559);
#3516=VERTEX_POINT('',#14561);
#3517=VERTEX_POINT('',#14578);
#3518=VERTEX_POINT('',#14584);
#3519=VERTEX_POINT('',#14601);
#3520=VERTEX_POINT('',#14607);
#3521=VERTEX_POINT('',#14615);
#3522=VERTEX_POINT('',#14617);
#3523=VERTEX_POINT('',#14630);
#3524=VERTEX_POINT('',#14636);
#3525=VERTEX_POINT('',#14653);
#3526=VERTEX_POINT('',#14659);
#3527=VERTEX_POINT('',#14676);
#3528=VERTEX_POINT('',#14682);
#3529=VERTEX_POINT('',#14699);
#3530=VERTEX_POINT('',#14705);
#3531=VERTEX_POINT('',#14722);
#3532=VERTEX_POINT('',#14728);
#3533=VERTEX_POINT('',#14745);
#3534=VERTEX_POINT('',#14751);
#3535=VERTEX_POINT('',#14768);
#3536=VERTEX_POINT('',#14774);
#3537=VERTEX_POINT('',#14791);
#3538=VERTEX_POINT('',#14797);
#3539=VERTEX_POINT('',#14814);
#3540=VERTEX_POINT('',#14820);
#3541=VERTEX_POINT('',#14828);
#3542=VERTEX_POINT('',#14830);
#3543=VERTEX_POINT('',#14864);
#3544=VERTEX_POINT('',#14865);
#3545=VERTEX_POINT('',#14871);
#3546=VERTEX_POINT('',#14873);
#3547=VERTEX_POINT('',#14890);
#3548=VERTEX_POINT('',#14896);
#3549=VERTEX_POINT('',#14913);
#3550=VERTEX_POINT('',#14919);
#3551=VERTEX_POINT('',#14936);
#3552=VERTEX_POINT('',#14942);
#3553=VERTEX_POINT('',#14959);
#3554=VERTEX_POINT('',#14965);
#3555=VERTEX_POINT('',#14982);
#3556=VERTEX_POINT('',#14988);
#3557=VERTEX_POINT('',#15005);
#3558=VERTEX_POINT('',#15011);
#3559=VERTEX_POINT('',#15039);
#3560=VERTEX_POINT('',#15040);
#3561=VERTEX_POINT('',#15042);
#3562=VERTEX_POINT('',#15044);
#3563=VERTEX_POINT('',#15048);
#3564=VERTEX_POINT('',#15050);
#3565=VERTEX_POINT('',#15054);
#3566=VERTEX_POINT('',#15056);
#3567=VERTEX_POINT('',#15069);
#3568=VERTEX_POINT('',#15075);
#3569=VERTEX_POINT('',#15092);
#3570=VERTEX_POINT('',#15098);
#3571=VERTEX_POINT('',#15115);
#3572=VERTEX_POINT('',#15121);
#3573=VERTEX_POINT('',#15138);
#3574=VERTEX_POINT('',#15144);
#3575=VERTEX_POINT('',#15161);
#3576=VERTEX_POINT('',#15167);
#3577=VERTEX_POINT('',#15184);
#3578=VERTEX_POINT('',#15190);
#3579=VERTEX_POINT('',#15207);
#3580=VERTEX_POINT('',#15213);
#3581=VERTEX_POINT('',#15230);
#3582=VERTEX_POINT('',#15236);
#3583=VERTEX_POINT('',#15244);
#3584=VERTEX_POINT('',#15246);
#3585=VERTEX_POINT('',#15254);
#3586=VERTEX_POINT('',#15255);
#3587=VERTEX_POINT('',#15257);
#3588=VERTEX_POINT('',#15259);
#3589=VERTEX_POINT('',#15261);
#3590=VERTEX_POINT('',#15263);
#3591=VERTEX_POINT('',#15265);
#3592=VERTEX_POINT('',#15267);
#3593=VERTEX_POINT('',#15269);
#3594=VERTEX_POINT('',#15271);
#3595=VERTEX_POINT('',#15273);
#3596=VERTEX_POINT('',#15275);
#3597=VERTEX_POINT('',#15278);
#3598=VERTEX_POINT('',#15279);
#3599=VERTEX_POINT('',#15281);
#3600=VERTEX_POINT('',#15283);
#3601=VERTEX_POINT('',#15285);
#3602=VERTEX_POINT('',#15287);
#3603=VERTEX_POINT('',#15289);
#3604=VERTEX_POINT('',#15291);
#3605=VERTEX_POINT('',#15294);
#3606=VERTEX_POINT('',#15295);
#3607=VERTEX_POINT('',#15297);
#3608=VERTEX_POINT('',#15299);
#3609=VERTEX_POINT('',#15301);
#3610=VERTEX_POINT('',#15303);
#3611=VERTEX_POINT('',#15305);
#3612=VERTEX_POINT('',#15307);
#3613=VERTEX_POINT('',#15310);
#3614=VERTEX_POINT('',#15311);
#3615=VERTEX_POINT('',#15313);
#3616=VERTEX_POINT('',#15315);
#3617=VERTEX_POINT('',#15317);
#3618=VERTEX_POINT('',#15319);
#3619=VERTEX_POINT('',#15321);
#3620=VERTEX_POINT('',#15323);
#3621=VERTEX_POINT('',#15326);
#3622=VERTEX_POINT('',#15327);
#3623=VERTEX_POINT('',#15329);
#3624=VERTEX_POINT('',#15331);
#3625=VERTEX_POINT('',#15333);
#3626=VERTEX_POINT('',#15335);
#3627=VERTEX_POINT('',#15337);
#3628=VERTEX_POINT('',#15339);
#3629=VERTEX_POINT('',#15342);
#3630=VERTEX_POINT('',#15344);
#3631=VERTEX_POINT('',#15345);
#3632=VERTEX_POINT('',#15347);
#3633=VERTEX_POINT('',#15349);
#3634=VERTEX_POINT('',#15351);
#3635=VERTEX_POINT('',#15353);
#3636=VERTEX_POINT('',#15355);
#3637=VERTEX_POINT('',#15357);
#3638=VERTEX_POINT('',#15360);
#3639=VERTEX_POINT('',#15362);
#3640=VERTEX_POINT('',#15363);
#3641=VERTEX_POINT('',#15365);
#3642=VERTEX_POINT('',#15367);
#3643=VERTEX_POINT('',#15369);
#3644=VERTEX_POINT('',#15371);
#3645=VERTEX_POINT('',#15373);
#3646=VERTEX_POINT('',#15375);
#3647=VERTEX_POINT('',#15378);
#3648=VERTEX_POINT('',#15380);
#3649=VERTEX_POINT('',#15390);
#3650=VERTEX_POINT('',#15391);
#3651=VERTEX_POINT('',#15396);
#3652=VERTEX_POINT('',#15401);
#3653=VERTEX_POINT('',#15402);
#3654=VERTEX_POINT('',#15407);
#3655=VERTEX_POINT('',#15411);
#3656=VERTEX_POINT('',#15412);
#3657=VERTEX_POINT('',#15419);
#3658=VERTEX_POINT('',#15423);
#3659=VERTEX_POINT('',#15427);
#3660=VERTEX_POINT('',#15431);
#3661=VERTEX_POINT('',#15433);
#3662=VERTEX_POINT('',#15437);
#3663=VERTEX_POINT('',#15441);
#3664=VERTEX_POINT('',#15445);
#3665=VERTEX_POINT('',#15449);
#3666=VERTEX_POINT('',#15453);
#3667=VERTEX_POINT('',#15457);
#3668=VERTEX_POINT('',#15463);
#3669=VERTEX_POINT('',#15467);
#3670=VERTEX_POINT('',#15469);
#3671=VERTEX_POINT('',#15473);
#3672=VERTEX_POINT('',#15477);
#3673=VERTEX_POINT('',#15481);
#3674=VERTEX_POINT('',#15485);
#3675=VERTEX_POINT('',#15489);
#3676=VERTEX_POINT('',#15493);
#3677=VERTEX_POINT('',#15499);
#3678=VERTEX_POINT('',#15503);
#3679=VERTEX_POINT('',#15505);
#3680=VERTEX_POINT('',#15509);
#3681=VERTEX_POINT('',#15513);
#3682=VERTEX_POINT('',#15517);
#3683=VERTEX_POINT('',#15521);
#3684=VERTEX_POINT('',#15525);
#3685=VERTEX_POINT('',#15529);
#3686=VERTEX_POINT('',#15535);
#3687=VERTEX_POINT('',#15537);
#3688=VERTEX_POINT('',#15541);
#3689=VERTEX_POINT('',#15545);
#3690=VERTEX_POINT('',#15549);
#3691=VERTEX_POINT('',#15553);
#3692=VERTEX_POINT('',#15557);
#3693=VERTEX_POINT('',#15561);
#3694=VERTEX_POINT('',#15567);
#3695=VERTEX_POINT('',#15569);
#3696=VERTEX_POINT('',#15573);
#3697=VERTEX_POINT('',#15577);
#3698=VERTEX_POINT('',#15581);
#3699=VERTEX_POINT('',#15585);
#3700=VERTEX_POINT('',#15589);
#3701=VERTEX_POINT('',#15593);
#3702=VERTEX_POINT('',#15599);
#3703=VERTEX_POINT('',#15601);
#3704=VERTEX_POINT('',#15605);
#3705=VERTEX_POINT('',#15609);
#3706=VERTEX_POINT('',#15613);
#3707=VERTEX_POINT('',#15617);
#3708=VERTEX_POINT('',#15621);
#3709=VERTEX_POINT('',#15625);
#3710=VERTEX_POINT('',#15633);
#3711=VERTEX_POINT('',#15637);
#3712=VERTEX_POINT('',#15641);
#3713=EDGE_CURVE('',#2943,#2944,#1785,.T.);
#3714=EDGE_CURVE('',#2943,#2945,#1786,.T.);
#3715=EDGE_CURVE('',#2945,#2946,#1787,.T.);
#3716=EDGE_CURVE('',#2944,#2946,#1788,.T.);
#3717=EDGE_CURVE('',#2947,#2943,#1789,.T.);
#3718=EDGE_CURVE('',#2947,#2948,#1790,.T.);
#3719=EDGE_CURVE('',#2948,#2945,#1791,.T.);
#3720=EDGE_CURVE('',#2949,#2947,#1792,.T.);
#3721=EDGE_CURVE('',#2949,#2950,#1793,.T.);
#3722=EDGE_CURVE('',#2950,#2948,#1794,.T.);
#3723=EDGE_CURVE('',#2951,#2949,#154,.T.);
#3724=EDGE_CURVE('',#2951,#2952,#1795,.T.);
#3725=EDGE_CURVE('',#2952,#2950,#155,.T.);
#3726=EDGE_CURVE('',#2953,#2951,#156,.T.);
#3727=EDGE_CURVE('',#2953,#2954,#1796,.T.);
#3728=EDGE_CURVE('',#2954,#2952,#157,.T.);
#3729=EDGE_CURVE('',#2955,#2953,#158,.T.);
#3730=EDGE_CURVE('',#2955,#2956,#1797,.T.);
#3731=EDGE_CURVE('',#2956,#2954,#159,.T.);
#3732=EDGE_CURVE('',#2957,#2955,#160,.T.);
#3733=EDGE_CURVE('',#2957,#2958,#1798,.T.);
#3734=EDGE_CURVE('',#2958,#2956,#161,.T.);
#3735=EDGE_CURVE('',#2959,#2957,#162,.T.);
#3736=EDGE_CURVE('',#2959,#2960,#1799,.T.);
#3737=EDGE_CURVE('',#2960,#2958,#163,.T.);
#3738=EDGE_CURVE('',#2961,#2959,#164,.T.);
#3739=EDGE_CURVE('',#2961,#2962,#1800,.T.);
#3740=EDGE_CURVE('',#2962,#2960,#165,.T.);
#3741=EDGE_CURVE('',#2963,#2961,#1801,.T.);
#3742=EDGE_CURVE('',#2963,#2964,#1802,.T.);
#3743=EDGE_CURVE('',#2964,#2962,#1803,.T.);
#3744=EDGE_CURVE('',#2965,#2963,#1804,.T.);
#3745=EDGE_CURVE('',#2965,#2966,#1805,.T.);
#3746=EDGE_CURVE('',#2966,#2964,#1806,.T.);
#3747=EDGE_CURVE('',#2967,#2965,#1807,.T.);
#3748=EDGE_CURVE('',#2967,#2968,#1808,.T.);
#3749=EDGE_CURVE('',#2968,#2966,#1809,.T.);
#3750=EDGE_CURVE('',#2969,#2967,#166,.T.);
#3751=EDGE_CURVE('',#2969,#2970,#1810,.T.);
#3752=EDGE_CURVE('',#2970,#2968,#167,.T.);
#3753=EDGE_CURVE('',#2971,#2969,#168,.T.);
#3754=EDGE_CURVE('',#2971,#2972,#1811,.T.);
#3755=EDGE_CURVE('',#2972,#2970,#169,.T.);
#3756=EDGE_CURVE('',#2973,#2971,#170,.T.);
#3757=EDGE_CURVE('',#2973,#2974,#1812,.T.);
#3758=EDGE_CURVE('',#2974,#2972,#171,.T.);
#3759=EDGE_CURVE('',#2975,#2973,#172,.T.);
#3760=EDGE_CURVE('',#2975,#2976,#1813,.T.);
#3761=EDGE_CURVE('',#2976,#2974,#173,.T.);
#3762=EDGE_CURVE('',#2977,#2975,#174,.T.);
#3763=EDGE_CURVE('',#2977,#2978,#1814,.T.);
#3764=EDGE_CURVE('',#2978,#2976,#175,.T.);
#3765=EDGE_CURVE('',#2979,#2977,#1815,.T.);
#3766=EDGE_CURVE('',#2979,#2980,#1816,.T.);
#3767=EDGE_CURVE('',#2980,#2978,#1817,.T.);
#3768=EDGE_CURVE('',#2944,#2979,#1818,.T.);
#3769=EDGE_CURVE('',#2946,#2980,#1819,.T.);
#3770=EDGE_CURVE('',#2981,#2982,#1820,.T.);
#3771=EDGE_CURVE('',#2981,#2983,#1821,.T.);
#3772=EDGE_CURVE('',#2983,#2984,#1822,.T.);
#3773=EDGE_CURVE('',#2982,#2984,#1823,.T.);
#3774=EDGE_CURVE('',#2985,#2981,#1824,.T.);
#3775=EDGE_CURVE('',#2985,#2986,#1825,.T.);
#3776=EDGE_CURVE('',#2986,#2983,#1826,.T.);
#3777=EDGE_CURVE('',#2987,#2985,#1827,.T.);
#3778=EDGE_CURVE('',#2987,#2988,#1828,.T.);
#3779=EDGE_CURVE('',#2988,#2986,#1829,.T.);
#3780=EDGE_CURVE('',#2982,#2987,#1830,.T.);
#3781=EDGE_CURVE('',#2984,#2988,#1831,.T.);
#3782=EDGE_CURVE('',#2989,#2990,#1832,.T.);
#3783=EDGE_CURVE('',#2989,#2991,#1833,.T.);
#3784=EDGE_CURVE('',#2991,#2992,#1834,.T.);
#3785=EDGE_CURVE('',#2990,#2992,#1835,.T.);
#3786=EDGE_CURVE('',#2993,#2989,#176,.T.);
#3787=EDGE_CURVE('',#2993,#2994,#1836,.T.);
#3788=EDGE_CURVE('',#2994,#2991,#177,.T.);
#3789=EDGE_CURVE('',#2995,#2993,#178,.T.);
#3790=EDGE_CURVE('',#2995,#2996,#1837,.T.);
#3791=EDGE_CURVE('',#2996,#2994,#179,.T.);
#3792=EDGE_CURVE('',#2997,#2995,#180,.T.);
#3793=EDGE_CURVE('',#2997,#2998,#1838,.T.);
#3794=EDGE_CURVE('',#2998,#2996,#181,.T.);
#3795=EDGE_CURVE('',#2999,#2997,#182,.T.);
#3796=EDGE_CURVE('',#2999,#3000,#1839,.T.);
#3797=EDGE_CURVE('',#3000,#2998,#183,.T.);
#3798=EDGE_CURVE('',#3001,#2999,#184,.T.);
#3799=EDGE_CURVE('',#3001,#3002,#1840,.T.);
#3800=EDGE_CURVE('',#3002,#3000,#185,.T.);
#3801=EDGE_CURVE('',#3003,#3001,#1841,.T.);
#3802=EDGE_CURVE('',#3003,#3004,#1842,.T.);
#3803=EDGE_CURVE('',#3004,#3002,#1843,.T.);
#3804=EDGE_CURVE('',#3005,#3003,#1844,.T.);
#3805=EDGE_CURVE('',#3005,#3006,#1845,.T.);
#3806=EDGE_CURVE('',#3006,#3004,#1846,.T.);
#3807=EDGE_CURVE('',#3007,#3005,#1847,.T.);
#3808=EDGE_CURVE('',#3007,#3008,#1848,.T.);
#3809=EDGE_CURVE('',#3008,#3006,#1849,.T.);
#3810=EDGE_CURVE('',#3009,#3007,#186,.T.);
#3811=EDGE_CURVE('',#3009,#3010,#1850,.T.);
#3812=EDGE_CURVE('',#3010,#3008,#187,.T.);
#3813=EDGE_CURVE('',#3011,#3009,#188,.T.);
#3814=EDGE_CURVE('',#3011,#3012,#1851,.T.);
#3815=EDGE_CURVE('',#3012,#3010,#189,.T.);
#3816=EDGE_CURVE('',#3013,#3011,#190,.T.);
#3817=EDGE_CURVE('',#3013,#3014,#1852,.T.);
#3818=EDGE_CURVE('',#3014,#3012,#191,.T.);
#3819=EDGE_CURVE('',#3015,#3013,#192,.T.);
#3820=EDGE_CURVE('',#3015,#3016,#1853,.T.);
#3821=EDGE_CURVE('',#3016,#3014,#193,.T.);
#3822=EDGE_CURVE('',#3017,#3015,#194,.T.);
#3823=EDGE_CURVE('',#3017,#3018,#1854,.T.);
#3824=EDGE_CURVE('',#3018,#3016,#195,.T.);
#3825=EDGE_CURVE('',#3019,#3017,#1855,.T.);
#3826=EDGE_CURVE('',#3019,#3020,#1856,.T.);
#3827=EDGE_CURVE('',#3020,#3018,#1857,.T.);
#3828=EDGE_CURVE('',#3021,#3019,#1858,.T.);
#3829=EDGE_CURVE('',#3021,#3022,#1859,.T.);
#3830=EDGE_CURVE('',#3022,#3020,#1860,.T.);
#3831=EDGE_CURVE('',#3023,#3021,#1861,.T.);
#3832=EDGE_CURVE('',#3023,#3024,#1862,.T.);
#3833=EDGE_CURVE('',#3024,#3022,#1863,.T.);
#3834=EDGE_CURVE('',#3025,#3023,#196,.T.);
#3835=EDGE_CURVE('',#3025,#3026,#1864,.T.);
#3836=EDGE_CURVE('',#3026,#3024,#197,.T.);
#3837=EDGE_CURVE('',#3027,#3025,#198,.T.);
#3838=EDGE_CURVE('',#3027,#3028,#1865,.T.);
#3839=EDGE_CURVE('',#3028,#3026,#199,.T.);
#3840=EDGE_CURVE('',#3029,#3027,#200,.T.);
#3841=EDGE_CURVE('',#3029,#3030,#1866,.T.);
#3842=EDGE_CURVE('',#3030,#3028,#201,.T.);
#3843=EDGE_CURVE('',#3031,#3029,#202,.T.);
#3844=EDGE_CURVE('',#3031,#3032,#1867,.T.);
#3845=EDGE_CURVE('',#3032,#3030,#203,.T.);
#3846=EDGE_CURVE('',#3033,#3031,#204,.T.);
#3847=EDGE_CURVE('',#3033,#3034,#1868,.T.);
#3848=EDGE_CURVE('',#3034,#3032,#205,.T.);
#3849=EDGE_CURVE('',#3035,#3033,#206,.T.);
#3850=EDGE_CURVE('',#3035,#3036,#1869,.T.);
#3851=EDGE_CURVE('',#3036,#3034,#207,.T.);
#3852=EDGE_CURVE('',#3037,#3035,#208,.T.);
#3853=EDGE_CURVE('',#3037,#3038,#1870,.T.);
#3854=EDGE_CURVE('',#3038,#3036,#209,.T.);
#3855=EDGE_CURVE('',#3039,#3037,#1871,.T.);
#3856=EDGE_CURVE('',#3039,#3040,#1872,.T.);
#3857=EDGE_CURVE('',#3040,#3038,#1873,.T.);
#3858=EDGE_CURVE('',#3041,#3039,#1874,.T.);
#3859=EDGE_CURVE('',#3041,#3042,#1875,.T.);
#3860=EDGE_CURVE('',#3042,#3040,#1876,.T.);
#3861=EDGE_CURVE('',#3043,#3041,#1877,.T.);
#3862=EDGE_CURVE('',#3043,#3044,#1878,.T.);
#3863=EDGE_CURVE('',#3044,#3042,#1879,.T.);
#3864=EDGE_CURVE('',#2990,#3043,#1880,.T.);
#3865=EDGE_CURVE('',#2992,#3044,#1881,.T.);
#3866=EDGE_CURVE('',#3045,#3046,#210,.T.);
#3867=EDGE_CURVE('',#3045,#3047,#1882,.T.);
#3868=EDGE_CURVE('',#3047,#3048,#211,.T.);
#3869=EDGE_CURVE('',#3046,#3048,#1883,.T.);
#3870=EDGE_CURVE('',#3049,#3045,#212,.T.);
#3871=EDGE_CURVE('',#3049,#3050,#1884,.T.);
#3872=EDGE_CURVE('',#3050,#3047,#213,.T.);
#3873=EDGE_CURVE('',#3051,#3049,#214,.T.);
#3874=EDGE_CURVE('',#3051,#3052,#1885,.T.);
#3875=EDGE_CURVE('',#3052,#3050,#215,.T.);
#3876=EDGE_CURVE('',#3053,#3051,#216,.T.);
#3877=EDGE_CURVE('',#3053,#3054,#1886,.T.);
#3878=EDGE_CURVE('',#3054,#3052,#217,.T.);
#3879=EDGE_CURVE('',#3055,#3053,#218,.T.);
#3880=EDGE_CURVE('',#3055,#3056,#1887,.T.);
#3881=EDGE_CURVE('',#3056,#3054,#219,.T.);
#3882=EDGE_CURVE('',#3057,#3055,#220,.T.);
#3883=EDGE_CURVE('',#3057,#3058,#1888,.T.);
#3884=EDGE_CURVE('',#3058,#3056,#221,.T.);
#3885=EDGE_CURVE('',#3059,#3057,#222,.T.);
#3886=EDGE_CURVE('',#3059,#3060,#1889,.T.);
#3887=EDGE_CURVE('',#3060,#3058,#223,.T.);
#3888=EDGE_CURVE('',#3046,#3059,#224,.T.);
#3889=EDGE_CURVE('',#3048,#3060,#225,.T.);
#3890=EDGE_CURVE('',#3061,#3062,#1890,.T.);
#3891=EDGE_CURVE('',#3061,#3063,#1891,.T.);
#3892=EDGE_CURVE('',#3063,#3064,#1892,.T.);
#3893=EDGE_CURVE('',#3062,#3064,#1893,.T.);
#3894=EDGE_CURVE('',#3065,#3061,#1894,.T.);
#3895=EDGE_CURVE('',#3065,#3066,#1895,.T.);
#3896=EDGE_CURVE('',#3066,#3063,#1896,.T.);
#3897=EDGE_CURVE('',#3067,#3065,#1897,.T.);
#3898=EDGE_CURVE('',#3067,#3068,#1898,.T.);
#3899=EDGE_CURVE('',#3068,#3066,#1899,.T.);
#3900=EDGE_CURVE('',#3069,#3067,#226,.T.);
#3901=EDGE_CURVE('',#3069,#3070,#1900,.T.);
#3902=EDGE_CURVE('',#3070,#3068,#227,.T.);
#3903=EDGE_CURVE('',#3071,#3069,#228,.T.);
#3904=EDGE_CURVE('',#3071,#3072,#1901,.T.);
#3905=EDGE_CURVE('',#3072,#3070,#229,.T.);
#3906=EDGE_CURVE('',#3073,#3071,#230,.T.);
#3907=EDGE_CURVE('',#3073,#3074,#1902,.T.);
#3908=EDGE_CURVE('',#3074,#3072,#231,.T.);
#3909=EDGE_CURVE('',#3075,#3073,#232,.T.);
#3910=EDGE_CURVE('',#3075,#3076,#1903,.T.);
#3911=EDGE_CURVE('',#3076,#3074,#233,.T.);
#3912=EDGE_CURVE('',#3077,#3075,#234,.T.);
#3913=EDGE_CURVE('',#3077,#3078,#1904,.T.);
#3914=EDGE_CURVE('',#3078,#3076,#235,.T.);
#3915=EDGE_CURVE('',#3079,#3077,#236,.T.);
#3916=EDGE_CURVE('',#3079,#3080,#1905,.T.);
#3917=EDGE_CURVE('',#3080,#3078,#237,.T.);
#3918=EDGE_CURVE('',#3081,#3079,#238,.T.);
#3919=EDGE_CURVE('',#3081,#3082,#1906,.T.);
#3920=EDGE_CURVE('',#3082,#3080,#239,.T.);
#3921=EDGE_CURVE('',#3083,#3081,#240,.T.);
#3922=EDGE_CURVE('',#3083,#3084,#1907,.T.);
#3923=EDGE_CURVE('',#3084,#3082,#241,.T.);
#3924=EDGE_CURVE('',#3085,#3083,#242,.T.);
#3925=EDGE_CURVE('',#3085,#3086,#1908,.T.);
#3926=EDGE_CURVE('',#3086,#3084,#243,.T.);
#3927=EDGE_CURVE('',#3087,#3085,#1909,.T.);
#3928=EDGE_CURVE('',#3087,#3088,#1910,.T.);
#3929=EDGE_CURVE('',#3088,#3086,#1911,.T.);
#3930=EDGE_CURVE('',#3062,#3087,#1912,.T.);
#3931=EDGE_CURVE('',#3064,#3088,#1913,.T.);
#3932=EDGE_CURVE('',#3089,#3090,#1914,.T.);
#3933=EDGE_CURVE('',#3089,#3091,#1915,.T.);
#3934=EDGE_CURVE('',#3091,#3092,#1916,.T.);
#3935=EDGE_CURVE('',#3090,#3092,#1917,.T.);
#3936=EDGE_CURVE('',#3093,#3089,#244,.T.);
#3937=EDGE_CURVE('',#3093,#3094,#1918,.T.);
#3938=EDGE_CURVE('',#3094,#3091,#245,.T.);
#3939=EDGE_CURVE('',#3095,#3093,#246,.T.);
#3940=EDGE_CURVE('',#3095,#3096,#1919,.T.);
#3941=EDGE_CURVE('',#3096,#3094,#247,.T.);
#3942=EDGE_CURVE('',#3097,#3095,#248,.T.);
#3943=EDGE_CURVE('',#3097,#3098,#1920,.T.);
#3944=EDGE_CURVE('',#3098,#3096,#249,.T.);
#3945=EDGE_CURVE('',#3099,#3097,#250,.T.);
#3946=EDGE_CURVE('',#3099,#3100,#1921,.T.);
#3947=EDGE_CURVE('',#3100,#3098,#251,.T.);
#3948=EDGE_CURVE('',#3101,#3099,#1922,.T.);
#3949=EDGE_CURVE('',#3101,#3102,#1923,.T.);
#3950=EDGE_CURVE('',#3102,#3100,#1924,.T.);
#3951=EDGE_CURVE('',#3103,#3101,#252,.T.);
#3952=EDGE_CURVE('',#3103,#3104,#1925,.T.);
#3953=EDGE_CURVE('',#3104,#3102,#253,.T.);
#3954=EDGE_CURVE('',#3105,#3103,#254,.T.);
#3955=EDGE_CURVE('',#3105,#3106,#1926,.T.);
#3956=EDGE_CURVE('',#3106,#3104,#255,.T.);
#3957=EDGE_CURVE('',#3107,#3105,#256,.T.);
#3958=EDGE_CURVE('',#3107,#3108,#1927,.T.);
#3959=EDGE_CURVE('',#3108,#3106,#257,.T.);
#3960=EDGE_CURVE('',#3109,#3107,#1928,.T.);
#3961=EDGE_CURVE('',#3109,#3110,#1929,.T.);
#3962=EDGE_CURVE('',#3110,#3108,#1930,.T.);
#3963=EDGE_CURVE('',#3111,#3109,#1931,.T.);
#3964=EDGE_CURVE('',#3111,#3112,#1932,.T.);
#3965=EDGE_CURVE('',#3112,#3110,#1933,.T.);
#3966=EDGE_CURVE('',#3113,#3111,#1934,.T.);
#3967=EDGE_CURVE('',#3113,#3114,#1935,.T.);
#3968=EDGE_CURVE('',#3114,#3112,#1936,.T.);
#3969=EDGE_CURVE('',#3090,#3113,#1937,.T.);
#3970=EDGE_CURVE('',#3092,#3114,#1938,.T.);
#3971=EDGE_CURVE('',#3115,#3116,#258,.T.);
#3972=EDGE_CURVE('',#3115,#3117,#1939,.T.);
#3973=EDGE_CURVE('',#3117,#3118,#259,.T.);
#3974=EDGE_CURVE('',#3116,#3118,#1940,.T.);
#3975=EDGE_CURVE('',#3119,#3115,#260,.T.);
#3976=EDGE_CURVE('',#3119,#3120,#1941,.T.);
#3977=EDGE_CURVE('',#3120,#3117,#261,.T.);
#3978=EDGE_CURVE('',#3121,#3119,#262,.T.);
#3979=EDGE_CURVE('',#3121,#3122,#1942,.T.);
#3980=EDGE_CURVE('',#3122,#3120,#263,.T.);
#3981=EDGE_CURVE('',#3123,#3121,#264,.T.);
#3982=EDGE_CURVE('',#3123,#3124,#1943,.T.);
#3983=EDGE_CURVE('',#3124,#3122,#265,.T.);
#3984=EDGE_CURVE('',#3125,#3123,#266,.T.);
#3985=EDGE_CURVE('',#3125,#3126,#1944,.T.);
#3986=EDGE_CURVE('',#3126,#3124,#267,.T.);
#3987=EDGE_CURVE('',#3127,#3125,#268,.T.);
#3988=EDGE_CURVE('',#3127,#3128,#1945,.T.);
#3989=EDGE_CURVE('',#3128,#3126,#269,.T.);
#3990=EDGE_CURVE('',#3129,#3127,#270,.T.);
#3991=EDGE_CURVE('',#3129,#3130,#1946,.T.);
#3992=EDGE_CURVE('',#3130,#3128,#271,.T.);
#3993=EDGE_CURVE('',#3116,#3129,#272,.T.);
#3994=EDGE_CURVE('',#3118,#3130,#273,.T.);
#3995=EDGE_CURVE('',#3131,#3132,#274,.T.);
#3996=EDGE_CURVE('',#3131,#3133,#1947,.T.);
#3997=EDGE_CURVE('',#3133,#3134,#275,.T.);
#3998=EDGE_CURVE('',#3132,#3134,#1948,.T.);
#3999=EDGE_CURVE('',#3135,#3131,#276,.T.);
#4000=EDGE_CURVE('',#3135,#3136,#1949,.T.);
#4001=EDGE_CURVE('',#3136,#3133,#277,.T.);
#4002=EDGE_CURVE('',#3137,#3135,#278,.T.);
#4003=EDGE_CURVE('',#3137,#3138,#1950,.T.);
#4004=EDGE_CURVE('',#3138,#3136,#279,.T.);
#4005=EDGE_CURVE('',#3139,#3137,#280,.T.);
#4006=EDGE_CURVE('',#3139,#3140,#1951,.T.);
#4007=EDGE_CURVE('',#3140,#3138,#281,.T.);
#4008=EDGE_CURVE('',#3141,#3139,#282,.T.);
#4009=EDGE_CURVE('',#3141,#3142,#1952,.T.);
#4010=EDGE_CURVE('',#3142,#3140,#283,.T.);
#4011=EDGE_CURVE('',#3143,#3141,#284,.T.);
#4012=EDGE_CURVE('',#3143,#3144,#1953,.T.);
#4013=EDGE_CURVE('',#3144,#3142,#285,.T.);
#4014=EDGE_CURVE('',#3145,#3143,#286,.T.);
#4015=EDGE_CURVE('',#3145,#3146,#1954,.T.);
#4016=EDGE_CURVE('',#3146,#3144,#287,.T.);
#4017=EDGE_CURVE('',#3147,#3145,#288,.T.);
#4018=EDGE_CURVE('',#3147,#3148,#1955,.T.);
#4019=EDGE_CURVE('',#3148,#3146,#289,.T.);
#4020=EDGE_CURVE('',#3149,#3147,#1956,.T.);
#4021=EDGE_CURVE('',#3149,#3150,#1957,.T.);
#4022=EDGE_CURVE('',#3150,#3148,#1958,.T.);
#4023=EDGE_CURVE('',#3151,#3149,#1959,.T.);
#4024=EDGE_CURVE('',#3151,#3152,#1960,.T.);
#4025=EDGE_CURVE('',#3152,#3150,#1961,.T.);
#4026=EDGE_CURVE('',#3153,#3151,#1962,.T.);
#4027=EDGE_CURVE('',#3153,#3154,#1963,.T.);
#4028=EDGE_CURVE('',#3154,#3152,#1964,.T.);
#4029=EDGE_CURVE('',#3155,#3153,#1965,.T.);
#4030=EDGE_CURVE('',#3155,#3156,#1966,.T.);
#4031=EDGE_CURVE('',#3156,#3154,#1967,.T.);
#4032=EDGE_CURVE('',#3132,#3155,#1968,.T.);
#4033=EDGE_CURVE('',#3134,#3156,#1969,.T.);
#4034=EDGE_CURVE('',#3157,#3158,#290,.T.);
#4035=EDGE_CURVE('',#3157,#3159,#1970,.T.);
#4036=EDGE_CURVE('',#3159,#3160,#291,.T.);
#4037=EDGE_CURVE('',#3158,#3160,#1971,.T.);
#4038=EDGE_CURVE('',#3161,#3157,#292,.T.);
#4039=EDGE_CURVE('',#3161,#3162,#1972,.T.);
#4040=EDGE_CURVE('',#3162,#3159,#293,.T.);
#4041=EDGE_CURVE('',#3163,#3161,#294,.T.);
#4042=EDGE_CURVE('',#3163,#3164,#1973,.T.);
#4043=EDGE_CURVE('',#3164,#3162,#295,.T.);
#4044=EDGE_CURVE('',#3165,#3163,#296,.T.);
#4045=EDGE_CURVE('',#3165,#3166,#1974,.T.);
#4046=EDGE_CURVE('',#3166,#3164,#297,.T.);
#4047=EDGE_CURVE('',#3167,#3165,#298,.T.);
#4048=EDGE_CURVE('',#3167,#3168,#1975,.T.);
#4049=EDGE_CURVE('',#3168,#3166,#299,.T.);
#4050=EDGE_CURVE('',#3169,#3167,#300,.T.);
#4051=EDGE_CURVE('',#3169,#3170,#1976,.T.);
#4052=EDGE_CURVE('',#3170,#3168,#301,.T.);
#4053=EDGE_CURVE('',#3171,#3169,#302,.T.);
#4054=EDGE_CURVE('',#3171,#3172,#1977,.T.);
#4055=EDGE_CURVE('',#3172,#3170,#303,.T.);
#4056=EDGE_CURVE('',#3173,#3171,#304,.T.);
#4057=EDGE_CURVE('',#3173,#3174,#1978,.T.);
#4058=EDGE_CURVE('',#3174,#3172,#305,.T.);
#4059=EDGE_CURVE('',#3175,#3173,#306,.T.);
#4060=EDGE_CURVE('',#3175,#3176,#1979,.T.);
#4061=EDGE_CURVE('',#3176,#3174,#307,.T.);
#4062=EDGE_CURVE('',#3158,#3175,#1980,.T.);
#4063=EDGE_CURVE('',#3160,#3176,#1981,.T.);
#4064=EDGE_CURVE('',#3177,#3178,#1982,.T.);
#4065=EDGE_CURVE('',#3177,#3179,#1983,.T.);
#4066=EDGE_CURVE('',#3179,#3180,#1984,.T.);
#4067=EDGE_CURVE('',#3178,#3180,#1985,.T.);
#4068=EDGE_CURVE('',#3181,#3177,#308,.T.);
#4069=EDGE_CURVE('',#3181,#3182,#1986,.T.);
#4070=EDGE_CURVE('',#3182,#3179,#309,.T.);
#4071=EDGE_CURVE('',#3183,#3181,#310,.T.);
#4072=EDGE_CURVE('',#3183,#3184,#1987,.T.);
#4073=EDGE_CURVE('',#3184,#3182,#311,.T.);
#4074=EDGE_CURVE('',#3185,#3183,#1988,.T.);
#4075=EDGE_CURVE('',#3185,#3186,#1989,.T.);
#4076=EDGE_CURVE('',#3186,#3184,#1990,.T.);
#4077=EDGE_CURVE('',#3187,#3185,#312,.T.);
#4078=EDGE_CURVE('',#3187,#3188,#1991,.T.);
#4079=EDGE_CURVE('',#3188,#3186,#313,.T.);
#4080=EDGE_CURVE('',#3189,#3187,#314,.T.);
#4081=EDGE_CURVE('',#3189,#3190,#1992,.T.);
#4082=EDGE_CURVE('',#3190,#3188,#315,.T.);
#4083=EDGE_CURVE('',#3191,#3189,#316,.T.);
#4084=EDGE_CURVE('',#3191,#3192,#1993,.T.);
#4085=EDGE_CURVE('',#3192,#3190,#317,.T.);
#4086=EDGE_CURVE('',#3193,#3191,#318,.T.);
#4087=EDGE_CURVE('',#3193,#3194,#1994,.T.);
#4088=EDGE_CURVE('',#3194,#3192,#319,.T.);
#4089=EDGE_CURVE('',#3195,#3193,#320,.T.);
#4090=EDGE_CURVE('',#3195,#3196,#1995,.T.);
#4091=EDGE_CURVE('',#3196,#3194,#321,.T.);
#4092=EDGE_CURVE('',#3197,#3195,#322,.T.);
#4093=EDGE_CURVE('',#3197,#3198,#1996,.T.);
#4094=EDGE_CURVE('',#3198,#3196,#323,.T.);
#4095=EDGE_CURVE('',#3199,#3197,#324,.T.);
#4096=EDGE_CURVE('',#3199,#3200,#1997,.T.);
#4097=EDGE_CURVE('',#3200,#3198,#325,.T.);
#4098=EDGE_CURVE('',#3201,#3199,#1998,.T.);
#4099=EDGE_CURVE('',#3201,#3202,#1999,.T.);
#4100=EDGE_CURVE('',#3202,#3200,#2000,.T.);
#4101=EDGE_CURVE('',#3203,#3201,#326,.T.);
#4102=EDGE_CURVE('',#3203,#3204,#2001,.T.);
#4103=EDGE_CURVE('',#3204,#3202,#327,.T.);
#4104=EDGE_CURVE('',#3205,#3203,#328,.T.);
#4105=EDGE_CURVE('',#3205,#3206,#2002,.T.);
#4106=EDGE_CURVE('',#3206,#3204,#329,.T.);
#4107=EDGE_CURVE('',#3207,#3205,#330,.T.);
#4108=EDGE_CURVE('',#3207,#3208,#2003,.T.);
#4109=EDGE_CURVE('',#3208,#3206,#331,.T.);
#4110=EDGE_CURVE('',#3209,#3207,#332,.T.);
#4111=EDGE_CURVE('',#3209,#3210,#2004,.T.);
#4112=EDGE_CURVE('',#3210,#3208,#333,.T.);
#4113=EDGE_CURVE('',#3211,#3209,#334,.T.);
#4114=EDGE_CURVE('',#3211,#3212,#2005,.T.);
#4115=EDGE_CURVE('',#3212,#3210,#335,.T.);
#4116=EDGE_CURVE('',#3213,#3211,#336,.T.);
#4117=EDGE_CURVE('',#3213,#3214,#2006,.T.);
#4118=EDGE_CURVE('',#3214,#3212,#337,.T.);
#4119=EDGE_CURVE('',#3215,#3213,#338,.T.);
#4120=EDGE_CURVE('',#3215,#3216,#2007,.T.);
#4121=EDGE_CURVE('',#3216,#3214,#339,.T.);
#4122=EDGE_CURVE('',#3217,#3215,#340,.T.);
#4123=EDGE_CURVE('',#3217,#3218,#2008,.T.);
#4124=EDGE_CURVE('',#3218,#3216,#341,.T.);
#4125=EDGE_CURVE('',#3219,#3217,#342,.T.);
#4126=EDGE_CURVE('',#3219,#3220,#2009,.T.);
#4127=EDGE_CURVE('',#3220,#3218,#343,.T.);
#4128=EDGE_CURVE('',#3221,#3219,#344,.T.);
#4129=EDGE_CURVE('',#3221,#3222,#2010,.T.);
#4130=EDGE_CURVE('',#3222,#3220,#345,.T.);
#4131=EDGE_CURVE('',#3223,#3221,#346,.T.);
#4132=EDGE_CURVE('',#3223,#3224,#2011,.T.);
#4133=EDGE_CURVE('',#3224,#3222,#347,.T.);
#4134=EDGE_CURVE('',#3225,#3223,#348,.T.);
#4135=EDGE_CURVE('',#3225,#3226,#2012,.T.);
#4136=EDGE_CURVE('',#3226,#3224,#349,.T.);
#4137=EDGE_CURVE('',#3227,#3225,#350,.T.);
#4138=EDGE_CURVE('',#3227,#3228,#2013,.T.);
#4139=EDGE_CURVE('',#3228,#3226,#351,.T.);
#4140=EDGE_CURVE('',#3229,#3227,#352,.T.);
#4141=EDGE_CURVE('',#3229,#3230,#2014,.T.);
#4142=EDGE_CURVE('',#3230,#3228,#353,.T.);
#4143=EDGE_CURVE('',#3178,#3229,#354,.T.);
#4144=EDGE_CURVE('',#3180,#3230,#355,.T.);
#4145=EDGE_CURVE('',#3231,#3232,#2015,.T.);
#4146=EDGE_CURVE('',#3231,#3233,#2016,.T.);
#4147=EDGE_CURVE('',#3233,#3234,#2017,.T.);
#4148=EDGE_CURVE('',#3232,#3234,#2018,.T.);
#4149=EDGE_CURVE('',#3235,#3231,#356,.T.);
#4150=EDGE_CURVE('',#3235,#3236,#2019,.T.);
#4151=EDGE_CURVE('',#3236,#3233,#357,.T.);
#4152=EDGE_CURVE('',#3237,#3235,#358,.T.);
#4153=EDGE_CURVE('',#3237,#3238,#2020,.T.);
#4154=EDGE_CURVE('',#3238,#3236,#359,.T.);
#4155=EDGE_CURVE('',#3239,#3237,#360,.T.);
#4156=EDGE_CURVE('',#3239,#3240,#2021,.T.);
#4157=EDGE_CURVE('',#3240,#3238,#361,.T.);
#4158=EDGE_CURVE('',#3241,#3239,#362,.T.);
#4159=EDGE_CURVE('',#3241,#3242,#2022,.T.);
#4160=EDGE_CURVE('',#3242,#3240,#363,.T.);
#4161=EDGE_CURVE('',#3243,#3241,#2023,.T.);
#4162=EDGE_CURVE('',#3243,#3244,#2024,.T.);
#4163=EDGE_CURVE('',#3244,#3242,#2025,.T.);
#4164=EDGE_CURVE('',#3245,#3243,#364,.T.);
#4165=EDGE_CURVE('',#3245,#3246,#2026,.T.);
#4166=EDGE_CURVE('',#3246,#3244,#365,.T.);
#4167=EDGE_CURVE('',#3247,#3245,#366,.T.);
#4168=EDGE_CURVE('',#3247,#3248,#2027,.T.);
#4169=EDGE_CURVE('',#3248,#3246,#367,.T.);
#4170=EDGE_CURVE('',#3249,#3247,#368,.T.);
#4171=EDGE_CURVE('',#3249,#3250,#2028,.T.);
#4172=EDGE_CURVE('',#3250,#3248,#369,.T.);
#4173=EDGE_CURVE('',#3251,#3249,#2029,.T.);
#4174=EDGE_CURVE('',#3251,#3252,#2030,.T.);
#4175=EDGE_CURVE('',#3252,#3250,#2031,.T.);
#4176=EDGE_CURVE('',#3253,#3251,#2032,.T.);
#4177=EDGE_CURVE('',#3253,#3254,#2033,.T.);
#4178=EDGE_CURVE('',#3254,#3252,#2034,.T.);
#4179=EDGE_CURVE('',#3255,#3253,#2035,.T.);
#4180=EDGE_CURVE('',#3255,#3256,#2036,.T.);
#4181=EDGE_CURVE('',#3256,#3254,#2037,.T.);
#4182=EDGE_CURVE('',#3232,#3255,#2038,.T.);
#4183=EDGE_CURVE('',#3234,#3256,#2039,.T.);
#4184=EDGE_CURVE('',#3257,#3258,#370,.T.);
#4185=EDGE_CURVE('',#3257,#3259,#2040,.T.);
#4186=EDGE_CURVE('',#3259,#3260,#371,.T.);
#4187=EDGE_CURVE('',#3258,#3260,#2041,.T.);
#4188=EDGE_CURVE('',#3261,#3257,#372,.T.);
#4189=EDGE_CURVE('',#3261,#3262,#2042,.T.);
#4190=EDGE_CURVE('',#3262,#3259,#373,.T.);
#4191=EDGE_CURVE('',#3263,#3261,#374,.T.);
#4192=EDGE_CURVE('',#3263,#3264,#2043,.T.);
#4193=EDGE_CURVE('',#3264,#3262,#375,.T.);
#4194=EDGE_CURVE('',#3265,#3263,#376,.T.);
#4195=EDGE_CURVE('',#3265,#3266,#2044,.T.);
#4196=EDGE_CURVE('',#3266,#3264,#377,.T.);
#4197=EDGE_CURVE('',#3267,#3265,#378,.T.);
#4198=EDGE_CURVE('',#3267,#3268,#2045,.T.);
#4199=EDGE_CURVE('',#3268,#3266,#379,.T.);
#4200=EDGE_CURVE('',#3269,#3267,#380,.T.);
#4201=EDGE_CURVE('',#3269,#3270,#2046,.T.);
#4202=EDGE_CURVE('',#3270,#3268,#381,.T.);
#4203=EDGE_CURVE('',#3271,#3269,#382,.T.);
#4204=EDGE_CURVE('',#3271,#3272,#2047,.T.);
#4205=EDGE_CURVE('',#3272,#3270,#383,.T.);
#4206=EDGE_CURVE('',#3258,#3271,#384,.T.);
#4207=EDGE_CURVE('',#3260,#3272,#385,.T.);
#4208=EDGE_CURVE('',#3273,#3274,#386,.T.);
#4209=EDGE_CURVE('',#3273,#3275,#2048,.T.);
#4210=EDGE_CURVE('',#3275,#3276,#387,.T.);
#4211=EDGE_CURVE('',#3274,#3276,#2049,.T.);
#4212=EDGE_CURVE('',#3277,#3273,#388,.T.);
#4213=EDGE_CURVE('',#3277,#3278,#2050,.T.);
#4214=EDGE_CURVE('',#3278,#3275,#389,.T.);
#4215=EDGE_CURVE('',#3279,#3277,#390,.T.);
#4216=EDGE_CURVE('',#3279,#3280,#2051,.T.);
#4217=EDGE_CURVE('',#3280,#3278,#391,.T.);
#4218=EDGE_CURVE('',#3281,#3279,#392,.T.);
#4219=EDGE_CURVE('',#3281,#3282,#2052,.T.);
#4220=EDGE_CURVE('',#3282,#3280,#393,.T.);
#4221=EDGE_CURVE('',#3283,#3281,#394,.T.);
#4222=EDGE_CURVE('',#3283,#3284,#2053,.T.);
#4223=EDGE_CURVE('',#3284,#3282,#395,.T.);
#4224=EDGE_CURVE('',#3285,#3283,#396,.T.);
#4225=EDGE_CURVE('',#3285,#3286,#2054,.T.);
#4226=EDGE_CURVE('',#3286,#3284,#397,.T.);
#4227=EDGE_CURVE('',#3287,#3285,#398,.T.);
#4228=EDGE_CURVE('',#3287,#3288,#2055,.T.);
#4229=EDGE_CURVE('',#3288,#3286,#399,.T.);
#4230=EDGE_CURVE('',#3289,#3287,#400,.T.);
#4231=EDGE_CURVE('',#3289,#3290,#2056,.T.);
#4232=EDGE_CURVE('',#3290,#3288,#401,.T.);
#4233=EDGE_CURVE('',#3274,#3289,#402,.T.);
#4234=EDGE_CURVE('',#3276,#3290,#403,.T.);
#4235=EDGE_CURVE('',#3291,#3292,#404,.T.);
#4236=EDGE_CURVE('',#3291,#3293,#2057,.T.);
#4237=EDGE_CURVE('',#3293,#3294,#405,.T.);
#4238=EDGE_CURVE('',#3292,#3294,#2058,.T.);
#4239=EDGE_CURVE('',#3295,#3291,#406,.T.);
#4240=EDGE_CURVE('',#3295,#3296,#2059,.T.);
#4241=EDGE_CURVE('',#3296,#3293,#407,.T.);
#4242=EDGE_CURVE('',#3297,#3295,#408,.T.);
#4243=EDGE_CURVE('',#3297,#3298,#2060,.T.);
#4244=EDGE_CURVE('',#3298,#3296,#409,.T.);
#4245=EDGE_CURVE('',#3299,#3297,#410,.T.);
#4246=EDGE_CURVE('',#3299,#3300,#2061,.T.);
#4247=EDGE_CURVE('',#3300,#3298,#411,.T.);
#4248=EDGE_CURVE('',#3301,#3299,#412,.T.);
#4249=EDGE_CURVE('',#3301,#3302,#2062,.T.);
#4250=EDGE_CURVE('',#3302,#3300,#413,.T.);
#4251=EDGE_CURVE('',#3303,#3301,#414,.T.);
#4252=EDGE_CURVE('',#3303,#3304,#2063,.T.);
#4253=EDGE_CURVE('',#3304,#3302,#415,.T.);
#4254=EDGE_CURVE('',#3305,#3303,#416,.T.);
#4255=EDGE_CURVE('',#3305,#3306,#2064,.T.);
#4256=EDGE_CURVE('',#3306,#3304,#417,.T.);
#4257=EDGE_CURVE('',#3292,#3305,#418,.T.);
#4258=EDGE_CURVE('',#3294,#3306,#419,.T.);
#4259=EDGE_CURVE('',#3307,#3308,#420,.T.);
#4260=EDGE_CURVE('',#3307,#3309,#2065,.T.);
#4261=EDGE_CURVE('',#3309,#3310,#421,.T.);
#4262=EDGE_CURVE('',#3308,#3310,#2066,.T.);
#4263=EDGE_CURVE('',#3311,#3307,#422,.T.);
#4264=EDGE_CURVE('',#3311,#3312,#2067,.T.);
#4265=EDGE_CURVE('',#3312,#3309,#423,.T.);
#4266=EDGE_CURVE('',#3313,#3311,#424,.T.);
#4267=EDGE_CURVE('',#3313,#3314,#2068,.T.);
#4268=EDGE_CURVE('',#3314,#3312,#425,.T.);
#4269=EDGE_CURVE('',#3315,#3313,#426,.T.);
#4270=EDGE_CURVE('',#3315,#3316,#2069,.T.);
#4271=EDGE_CURVE('',#3316,#3314,#427,.T.);
#4272=EDGE_CURVE('',#3317,#3315,#428,.T.);
#4273=EDGE_CURVE('',#3317,#3318,#2070,.T.);
#4274=EDGE_CURVE('',#3318,#3316,#429,.T.);
#4275=EDGE_CURVE('',#3319,#3317,#430,.T.);
#4276=EDGE_CURVE('',#3319,#3320,#2071,.T.);
#4277=EDGE_CURVE('',#3320,#3318,#431,.T.);
#4278=EDGE_CURVE('',#3321,#3319,#432,.T.);
#4279=EDGE_CURVE('',#3321,#3322,#2072,.T.);
#4280=EDGE_CURVE('',#3322,#3320,#433,.T.);
#4281=EDGE_CURVE('',#3323,#3321,#434,.T.);
#4282=EDGE_CURVE('',#3323,#3324,#2073,.T.);
#4283=EDGE_CURVE('',#3324,#3322,#435,.T.);
#4284=EDGE_CURVE('',#3308,#3323,#436,.T.);
#4285=EDGE_CURVE('',#3310,#3324,#437,.T.);
#4286=EDGE_CURVE('',#3325,#3326,#438,.T.);
#4287=EDGE_CURVE('',#3325,#3327,#2074,.T.);
#4288=EDGE_CURVE('',#3327,#3328,#439,.T.);
#4289=EDGE_CURVE('',#3326,#3328,#2075,.T.);
#4290=EDGE_CURVE('',#3329,#3325,#440,.T.);
#4291=EDGE_CURVE('',#3329,#3330,#2076,.T.);
#4292=EDGE_CURVE('',#3330,#3327,#441,.T.);
#4293=EDGE_CURVE('',#3331,#3329,#442,.T.);
#4294=EDGE_CURVE('',#3331,#3332,#2077,.T.);
#4295=EDGE_CURVE('',#3332,#3330,#443,.T.);
#4296=EDGE_CURVE('',#3333,#3331,#444,.T.);
#4297=EDGE_CURVE('',#3333,#3334,#2078,.T.);
#4298=EDGE_CURVE('',#3334,#3332,#445,.T.);
#4299=EDGE_CURVE('',#3335,#3333,#446,.T.);
#4300=EDGE_CURVE('',#3335,#3336,#2079,.T.);
#4301=EDGE_CURVE('',#3336,#3334,#447,.T.);
#4302=EDGE_CURVE('',#3337,#3335,#448,.T.);
#4303=EDGE_CURVE('',#3337,#3338,#2080,.T.);
#4304=EDGE_CURVE('',#3338,#3336,#449,.T.);
#4305=EDGE_CURVE('',#3339,#3337,#450,.T.);
#4306=EDGE_CURVE('',#3339,#3340,#2081,.T.);
#4307=EDGE_CURVE('',#3340,#3338,#451,.T.);
#4308=EDGE_CURVE('',#3341,#3339,#2082,.T.);
#4309=EDGE_CURVE('',#3341,#3342,#2083,.T.);
#4310=EDGE_CURVE('',#3342,#3340,#2084,.T.);
#4311=EDGE_CURVE('',#3343,#3341,#452,.T.);
#4312=EDGE_CURVE('',#3343,#3344,#2085,.T.);
#4313=EDGE_CURVE('',#3344,#3342,#453,.T.);
#4314=EDGE_CURVE('',#3345,#3343,#454,.T.);
#4315=EDGE_CURVE('',#3345,#3346,#2086,.T.);
#4316=EDGE_CURVE('',#3346,#3344,#455,.T.);
#4317=EDGE_CURVE('',#3347,#3345,#456,.T.);
#4318=EDGE_CURVE('',#3347,#3348,#2087,.T.);
#4319=EDGE_CURVE('',#3348,#3346,#457,.T.);
#4320=EDGE_CURVE('',#3349,#3347,#458,.T.);
#4321=EDGE_CURVE('',#3349,#3350,#2088,.T.);
#4322=EDGE_CURVE('',#3350,#3348,#459,.T.);
#4323=EDGE_CURVE('',#3351,#3349,#460,.T.);
#4324=EDGE_CURVE('',#3351,#3352,#2089,.T.);
#4325=EDGE_CURVE('',#3352,#3350,#461,.T.);
#4326=EDGE_CURVE('',#3353,#3351,#462,.T.);
#4327=EDGE_CURVE('',#3353,#3354,#2090,.T.);
#4328=EDGE_CURVE('',#3354,#3352,#463,.T.);
#4329=EDGE_CURVE('',#3355,#3353,#464,.T.);
#4330=EDGE_CURVE('',#3355,#3356,#2091,.T.);
#4331=EDGE_CURVE('',#3356,#3354,#465,.T.);
#4332=EDGE_CURVE('',#3357,#3355,#466,.T.);
#4333=EDGE_CURVE('',#3357,#3358,#2092,.T.);
#4334=EDGE_CURVE('',#3358,#3356,#467,.T.);
#4335=EDGE_CURVE('',#3359,#3357,#468,.T.);
#4336=EDGE_CURVE('',#3359,#3360,#2093,.T.);
#4337=EDGE_CURVE('',#3360,#3358,#469,.T.);
#4338=EDGE_CURVE('',#3361,#3359,#2094,.T.);
#4339=EDGE_CURVE('',#3361,#3362,#2095,.T.);
#4340=EDGE_CURVE('',#3362,#3360,#2096,.T.);
#4341=EDGE_CURVE('',#3326,#3361,#470,.T.);
#4342=EDGE_CURVE('',#3328,#3362,#471,.T.);
#4343=EDGE_CURVE('',#3363,#3364,#472,.T.);
#4344=EDGE_CURVE('',#3363,#3365,#2097,.T.);
#4345=EDGE_CURVE('',#3365,#3366,#473,.T.);
#4346=EDGE_CURVE('',#3364,#3366,#2098,.T.);
#4347=EDGE_CURVE('',#3367,#3363,#474,.T.);
#4348=EDGE_CURVE('',#3367,#3368,#2099,.T.);
#4349=EDGE_CURVE('',#3368,#3365,#475,.T.);
#4350=EDGE_CURVE('',#3369,#3367,#476,.T.);
#4351=EDGE_CURVE('',#3369,#3370,#2100,.T.);
#4352=EDGE_CURVE('',#3370,#3368,#477,.T.);
#4353=EDGE_CURVE('',#3371,#3369,#478,.T.);
#4354=EDGE_CURVE('',#3371,#3372,#2101,.T.);
#4355=EDGE_CURVE('',#3372,#3370,#479,.T.);
#4356=EDGE_CURVE('',#3373,#3371,#480,.T.);
#4357=EDGE_CURVE('',#3373,#3374,#2102,.T.);
#4358=EDGE_CURVE('',#3374,#3372,#481,.T.);
#4359=EDGE_CURVE('',#3375,#3373,#482,.T.);
#4360=EDGE_CURVE('',#3375,#3376,#2103,.T.);
#4361=EDGE_CURVE('',#3376,#3374,#483,.T.);
#4362=EDGE_CURVE('',#3377,#3375,#484,.T.);
#4363=EDGE_CURVE('',#3377,#3378,#2104,.T.);
#4364=EDGE_CURVE('',#3378,#3376,#485,.T.);
#4365=EDGE_CURVE('',#3379,#3377,#486,.T.);
#4366=EDGE_CURVE('',#3379,#3380,#2105,.T.);
#4367=EDGE_CURVE('',#3380,#3378,#487,.T.);
#4368=EDGE_CURVE('',#3381,#3379,#488,.T.);
#4369=EDGE_CURVE('',#3381,#3382,#2106,.T.);
#4370=EDGE_CURVE('',#3382,#3380,#489,.T.);
#4371=EDGE_CURVE('',#3364,#3381,#2107,.T.);
#4372=EDGE_CURVE('',#3366,#3382,#2108,.T.);
#4373=EDGE_CURVE('',#3383,#3384,#2109,.T.);
#4374=EDGE_CURVE('',#3383,#3385,#2110,.T.);
#4375=EDGE_CURVE('',#3385,#3386,#2111,.T.);
#4376=EDGE_CURVE('',#3384,#3386,#2112,.T.);
#4377=EDGE_CURVE('',#3387,#3383,#490,.T.);
#4378=EDGE_CURVE('',#3387,#3388,#2113,.T.);
#4379=EDGE_CURVE('',#3388,#3385,#491,.T.);
#4380=EDGE_CURVE('',#3389,#3387,#492,.T.);
#4381=EDGE_CURVE('',#3389,#3390,#2114,.T.);
#4382=EDGE_CURVE('',#3390,#3388,#493,.T.);
#4383=EDGE_CURVE('',#3391,#3389,#2115,.T.);
#4384=EDGE_CURVE('',#3391,#3392,#2116,.T.);
#4385=EDGE_CURVE('',#3392,#3390,#2117,.T.);
#4386=EDGE_CURVE('',#3393,#3391,#494,.T.);
#4387=EDGE_CURVE('',#3393,#3394,#2118,.T.);
#4388=EDGE_CURVE('',#3394,#3392,#495,.T.);
#4389=EDGE_CURVE('',#3395,#3393,#496,.T.);
#4390=EDGE_CURVE('',#3395,#3396,#2119,.T.);
#4391=EDGE_CURVE('',#3396,#3394,#497,.T.);
#4392=EDGE_CURVE('',#3397,#3395,#498,.T.);
#4393=EDGE_CURVE('',#3397,#3398,#2120,.T.);
#4394=EDGE_CURVE('',#3398,#3396,#499,.T.);
#4395=EDGE_CURVE('',#3399,#3397,#500,.T.);
#4396=EDGE_CURVE('',#3399,#3400,#2121,.T.);
#4397=EDGE_CURVE('',#3400,#3398,#501,.T.);
#4398=EDGE_CURVE('',#3401,#3399,#502,.T.);
#4399=EDGE_CURVE('',#3401,#3402,#2122,.T.);
#4400=EDGE_CURVE('',#3402,#3400,#503,.T.);
#4401=EDGE_CURVE('',#3403,#3401,#504,.T.);
#4402=EDGE_CURVE('',#3403,#3404,#2123,.T.);
#4403=EDGE_CURVE('',#3404,#3402,#505,.T.);
#4404=EDGE_CURVE('',#3405,#3403,#506,.T.);
#4405=EDGE_CURVE('',#3405,#3406,#2124,.T.);
#4406=EDGE_CURVE('',#3406,#3404,#507,.T.);
#4407=EDGE_CURVE('',#3407,#3405,#2125,.T.);
#4408=EDGE_CURVE('',#3407,#3408,#2126,.T.);
#4409=EDGE_CURVE('',#3408,#3406,#2127,.T.);
#4410=EDGE_CURVE('',#3409,#3407,#508,.T.);
#4411=EDGE_CURVE('',#3409,#3410,#2128,.T.);
#4412=EDGE_CURVE('',#3410,#3408,#509,.T.);
#4413=EDGE_CURVE('',#3411,#3409,#510,.T.);
#4414=EDGE_CURVE('',#3411,#3412,#2129,.T.);
#4415=EDGE_CURVE('',#3412,#3410,#511,.T.);
#4416=EDGE_CURVE('',#3413,#3411,#512,.T.);
#4417=EDGE_CURVE('',#3413,#3414,#2130,.T.);
#4418=EDGE_CURVE('',#3414,#3412,#513,.T.);
#4419=EDGE_CURVE('',#3415,#3413,#514,.T.);
#4420=EDGE_CURVE('',#3415,#3416,#2131,.T.);
#4421=EDGE_CURVE('',#3416,#3414,#515,.T.);
#4422=EDGE_CURVE('',#3417,#3415,#516,.T.);
#4423=EDGE_CURVE('',#3417,#3418,#2132,.T.);
#4424=EDGE_CURVE('',#3418,#3416,#517,.T.);
#4425=EDGE_CURVE('',#3419,#3417,#518,.T.);
#4426=EDGE_CURVE('',#3419,#3420,#2133,.T.);
#4427=EDGE_CURVE('',#3420,#3418,#519,.T.);
#4428=EDGE_CURVE('',#3421,#3419,#520,.T.);
#4429=EDGE_CURVE('',#3421,#3422,#2134,.T.);
#4430=EDGE_CURVE('',#3422,#3420,#521,.T.);
#4431=EDGE_CURVE('',#3423,#3421,#522,.T.);
#4432=EDGE_CURVE('',#3423,#3424,#2135,.T.);
#4433=EDGE_CURVE('',#3424,#3422,#523,.T.);
#4434=EDGE_CURVE('',#3425,#3423,#524,.T.);
#4435=EDGE_CURVE('',#3425,#3426,#2136,.T.);
#4436=EDGE_CURVE('',#3426,#3424,#525,.T.);
#4437=EDGE_CURVE('',#3427,#3425,#526,.T.);
#4438=EDGE_CURVE('',#3427,#3428,#2137,.T.);
#4439=EDGE_CURVE('',#3428,#3426,#527,.T.);
#4440=EDGE_CURVE('',#3429,#3427,#528,.T.);
#4441=EDGE_CURVE('',#3429,#3430,#2138,.T.);
#4442=EDGE_CURVE('',#3430,#3428,#529,.T.);
#4443=EDGE_CURVE('',#3431,#3429,#530,.T.);
#4444=EDGE_CURVE('',#3431,#3432,#2139,.T.);
#4445=EDGE_CURVE('',#3432,#3430,#531,.T.);
#4446=EDGE_CURVE('',#3433,#3431,#532,.T.);
#4447=EDGE_CURVE('',#3433,#3434,#2140,.T.);
#4448=EDGE_CURVE('',#3434,#3432,#533,.T.);
#4449=EDGE_CURVE('',#3435,#3433,#534,.T.);
#4450=EDGE_CURVE('',#3435,#3436,#2141,.T.);
#4451=EDGE_CURVE('',#3436,#3434,#535,.T.);
#4452=EDGE_CURVE('',#3384,#3435,#536,.T.);
#4453=EDGE_CURVE('',#3386,#3436,#537,.T.);
#4454=EDGE_CURVE('',#3437,#3438,#538,.T.);
#4455=EDGE_CURVE('',#3437,#3439,#2142,.T.);
#4456=EDGE_CURVE('',#3439,#3440,#539,.T.);
#4457=EDGE_CURVE('',#3438,#3440,#2143,.T.);
#4458=EDGE_CURVE('',#3441,#3437,#540,.T.);
#4459=EDGE_CURVE('',#3441,#3442,#2144,.T.);
#4460=EDGE_CURVE('',#3442,#3439,#541,.T.);
#4461=EDGE_CURVE('',#3443,#3441,#542,.T.);
#4462=EDGE_CURVE('',#3443,#3444,#2145,.T.);
#4463=EDGE_CURVE('',#3444,#3442,#543,.T.);
#4464=EDGE_CURVE('',#3445,#3443,#544,.T.);
#4465=EDGE_CURVE('',#3445,#3446,#2146,.T.);
#4466=EDGE_CURVE('',#3446,#3444,#545,.T.);
#4467=EDGE_CURVE('',#3447,#3445,#546,.T.);
#4468=EDGE_CURVE('',#3447,#3448,#2147,.T.);
#4469=EDGE_CURVE('',#3448,#3446,#547,.T.);
#4470=EDGE_CURVE('',#3449,#3447,#548,.T.);
#4471=EDGE_CURVE('',#3449,#3450,#2148,.T.);
#4472=EDGE_CURVE('',#3450,#3448,#549,.T.);
#4473=EDGE_CURVE('',#3451,#3449,#550,.T.);
#4474=EDGE_CURVE('',#3451,#3452,#2149,.T.);
#4475=EDGE_CURVE('',#3452,#3450,#551,.T.);
#4476=EDGE_CURVE('',#3453,#3451,#552,.T.);
#4477=EDGE_CURVE('',#3453,#3454,#2150,.T.);
#4478=EDGE_CURVE('',#3454,#3452,#553,.T.);
#4479=EDGE_CURVE('',#3455,#3453,#554,.T.);
#4480=EDGE_CURVE('',#3455,#3456,#2151,.T.);
#4481=EDGE_CURVE('',#3456,#3454,#555,.T.);
#4482=EDGE_CURVE('',#3457,#3455,#556,.T.);
#4483=EDGE_CURVE('',#3457,#3458,#2152,.T.);
#4484=EDGE_CURVE('',#3458,#3456,#557,.T.);
#4485=EDGE_CURVE('',#3459,#3457,#558,.T.);
#4486=EDGE_CURVE('',#3459,#3460,#2153,.T.);
#4487=EDGE_CURVE('',#3460,#3458,#559,.T.);
#4488=EDGE_CURVE('',#3461,#3459,#560,.T.);
#4489=EDGE_CURVE('',#3461,#3462,#2154,.T.);
#4490=EDGE_CURVE('',#3462,#3460,#561,.T.);
#4491=EDGE_CURVE('',#3463,#3461,#562,.T.);
#4492=EDGE_CURVE('',#3463,#3464,#2155,.T.);
#4493=EDGE_CURVE('',#3464,#3462,#563,.T.);
#4494=EDGE_CURVE('',#3465,#3463,#564,.T.);
#4495=EDGE_CURVE('',#3465,#3466,#2156,.T.);
#4496=EDGE_CURVE('',#3466,#3464,#565,.T.);
#4497=EDGE_CURVE('',#3467,#3465,#2157,.T.);
#4498=EDGE_CURVE('',#3467,#3468,#2158,.T.);
#4499=EDGE_CURVE('',#3468,#3466,#2159,.T.);
#4500=EDGE_CURVE('',#3469,#3467,#566,.T.);
#4501=EDGE_CURVE('',#3469,#3470,#2160,.T.);
#4502=EDGE_CURVE('',#3470,#3468,#567,.T.);
#4503=EDGE_CURVE('',#3471,#3469,#568,.T.);
#4504=EDGE_CURVE('',#3471,#3472,#2161,.T.);
#4505=EDGE_CURVE('',#3472,#3470,#569,.T.);
#4506=EDGE_CURVE('',#3473,#3471,#570,.T.);
#4507=EDGE_CURVE('',#3473,#3474,#2162,.T.);
#4508=EDGE_CURVE('',#3474,#3472,#571,.T.);
#4509=EDGE_CURVE('',#3475,#3473,#572,.T.);
#4510=EDGE_CURVE('',#3475,#3476,#2163,.T.);
#4511=EDGE_CURVE('',#3476,#3474,#573,.T.);
#4512=EDGE_CURVE('',#3477,#3475,#574,.T.);
#4513=EDGE_CURVE('',#3477,#3478,#2164,.T.);
#4514=EDGE_CURVE('',#3478,#3476,#575,.T.);
#4515=EDGE_CURVE('',#3479,#3477,#576,.T.);
#4516=EDGE_CURVE('',#3479,#3480,#2165,.T.);
#4517=EDGE_CURVE('',#3480,#3478,#577,.T.);
#4518=EDGE_CURVE('',#3481,#3479,#578,.T.);
#4519=EDGE_CURVE('',#3481,#3482,#2166,.T.);
#4520=EDGE_CURVE('',#3482,#3480,#579,.T.);
#4521=EDGE_CURVE('',#3483,#3481,#580,.T.);
#4522=EDGE_CURVE('',#3483,#3484,#2167,.T.);
#4523=EDGE_CURVE('',#3484,#3482,#581,.T.);
#4524=EDGE_CURVE('',#3485,#3483,#582,.T.);
#4525=EDGE_CURVE('',#3485,#3486,#2168,.T.);
#4526=EDGE_CURVE('',#3486,#3484,#583,.T.);
#4527=EDGE_CURVE('',#3487,#3485,#584,.T.);
#4528=EDGE_CURVE('',#3487,#3488,#2169,.T.);
#4529=EDGE_CURVE('',#3488,#3486,#585,.T.);
#4530=EDGE_CURVE('',#3489,#3487,#586,.T.);
#4531=EDGE_CURVE('',#3489,#3490,#2170,.T.);
#4532=EDGE_CURVE('',#3490,#3488,#587,.T.);
#4533=EDGE_CURVE('',#3491,#3489,#588,.T.);
#4534=EDGE_CURVE('',#3491,#3492,#2171,.T.);
#4535=EDGE_CURVE('',#3492,#3490,#589,.T.);
#4536=EDGE_CURVE('',#3493,#3491,#590,.T.);
#4537=EDGE_CURVE('',#3493,#3494,#2172,.T.);
#4538=EDGE_CURVE('',#3494,#3492,#591,.T.);
#4539=EDGE_CURVE('',#3495,#3493,#592,.T.);
#4540=EDGE_CURVE('',#3495,#3496,#2173,.T.);
#4541=EDGE_CURVE('',#3496,#3494,#593,.T.);
#4542=EDGE_CURVE('',#3497,#3495,#594,.T.);
#4543=EDGE_CURVE('',#3497,#3498,#2174,.T.);
#4544=EDGE_CURVE('',#3498,#3496,#595,.T.);
#4545=EDGE_CURVE('',#3499,#3497,#596,.T.);
#4546=EDGE_CURVE('',#3499,#3500,#2175,.T.);
#4547=EDGE_CURVE('',#3500,#3498,#597,.T.);
#4548=EDGE_CURVE('',#3501,#3499,#2176,.T.);
#4549=EDGE_CURVE('',#3501,#3502,#2177,.T.);
#4550=EDGE_CURVE('',#3502,#3500,#2178,.T.);
#4551=EDGE_CURVE('',#3438,#3501,#598,.T.);
#4552=EDGE_CURVE('',#3440,#3502,#599,.T.);
#4553=EDGE_CURVE('',#3503,#3504,#600,.T.);
#4554=EDGE_CURVE('',#3503,#3505,#2179,.T.);
#4555=EDGE_CURVE('',#3505,#3506,#601,.T.);
#4556=EDGE_CURVE('',#3504,#3506,#2180,.T.);
#4557=EDGE_CURVE('',#3507,#3503,#602,.T.);
#4558=EDGE_CURVE('',#3507,#3508,#2181,.T.);
#4559=EDGE_CURVE('',#3508,#3505,#603,.T.);
#4560=EDGE_CURVE('',#3509,#3507,#604,.T.);
#4561=EDGE_CURVE('',#3509,#3510,#2182,.T.);
#4562=EDGE_CURVE('',#3510,#3508,#605,.T.);
#4563=EDGE_CURVE('',#3511,#3509,#2183,.T.);
#4564=EDGE_CURVE('',#3511,#3512,#2184,.T.);
#4565=EDGE_CURVE('',#3512,#3510,#2185,.T.);
#4566=EDGE_CURVE('',#3504,#3511,#606,.T.);
#4567=EDGE_CURVE('',#3506,#3512,#607,.T.);
#4568=EDGE_CURVE('',#3513,#3514,#608,.T.);
#4569=EDGE_CURVE('',#3513,#3515,#2186,.T.);
#4570=EDGE_CURVE('',#3515,#3516,#609,.T.);
#4571=EDGE_CURVE('',#3514,#3516,#2187,.T.);
#4572=EDGE_CURVE('',#3517,#3513,#610,.T.);
#4573=EDGE_CURVE('',#3517,#3518,#2188,.T.);
#4574=EDGE_CURVE('',#3518,#3515,#611,.T.);
#4575=EDGE_CURVE('',#3519,#3517,#612,.T.);
#4576=EDGE_CURVE('',#3519,#3520,#2189,.T.);
#4577=EDGE_CURVE('',#3520,#3518,#613,.T.);
#4578=EDGE_CURVE('',#3521,#3519,#2190,.T.);
#4579=EDGE_CURVE('',#3521,#3522,#2191,.T.);
#4580=EDGE_CURVE('',#3522,#3520,#2192,.T.);
#4581=EDGE_CURVE('',#3523,#3521,#614,.T.);
#4582=EDGE_CURVE('',#3523,#3524,#2193,.T.);
#4583=EDGE_CURVE('',#3524,#3522,#615,.T.);
#4584=EDGE_CURVE('',#3525,#3523,#616,.T.);
#4585=EDGE_CURVE('',#3525,#3526,#2194,.T.);
#4586=EDGE_CURVE('',#3526,#3524,#617,.T.);
#4587=EDGE_CURVE('',#3527,#3525,#618,.T.);
#4588=EDGE_CURVE('',#3527,#3528,#2195,.T.);
#4589=EDGE_CURVE('',#3528,#3526,#619,.T.);
#4590=EDGE_CURVE('',#3529,#3527,#620,.T.);
#4591=EDGE_CURVE('',#3529,#3530,#2196,.T.);
#4592=EDGE_CURVE('',#3530,#3528,#621,.T.);
#4593=EDGE_CURVE('',#3531,#3529,#622,.T.);
#4594=EDGE_CURVE('',#3531,#3532,#2197,.T.);
#4595=EDGE_CURVE('',#3532,#3530,#623,.T.);
#4596=EDGE_CURVE('',#3533,#3531,#624,.T.);
#4597=EDGE_CURVE('',#3533,#3534,#2198,.T.);
#4598=EDGE_CURVE('',#3534,#3532,#625,.T.);
#4599=EDGE_CURVE('',#3535,#3533,#626,.T.);
#4600=EDGE_CURVE('',#3535,#3536,#2199,.T.);
#4601=EDGE_CURVE('',#3536,#3534,#627,.T.);
#4602=EDGE_CURVE('',#3537,#3535,#628,.T.);
#4603=EDGE_CURVE('',#3537,#3538,#2200,.T.);
#4604=EDGE_CURVE('',#3538,#3536,#629,.T.);
#4605=EDGE_CURVE('',#3539,#3537,#630,.T.);
#4606=EDGE_CURVE('',#3539,#3540,#2201,.T.);
#4607=EDGE_CURVE('',#3540,#3538,#631,.T.);
#4608=EDGE_CURVE('',#3541,#3539,#2202,.T.);
#4609=EDGE_CURVE('',#3541,#3542,#2203,.T.);
#4610=EDGE_CURVE('',#3542,#3540,#2204,.T.);
#4611=EDGE_CURVE('',#3514,#3541,#632,.T.);
#4612=EDGE_CURVE('',#3516,#3542,#633,.T.);
#4613=EDGE_CURVE('',#3543,#3544,#634,.T.);
#4614=EDGE_CURVE('',#3543,#3545,#2205,.T.);
#4615=EDGE_CURVE('',#3545,#3546,#635,.T.);
#4616=EDGE_CURVE('',#3544,#3546,#2206,.T.);
#4617=EDGE_CURVE('',#3547,#3543,#636,.T.);
#4618=EDGE_CURVE('',#3547,#3548,#2207,.T.);
#4619=EDGE_CURVE('',#3548,#3545,#637,.T.);
#4620=EDGE_CURVE('',#3549,#3547,#638,.T.);
#4621=EDGE_CURVE('',#3549,#3550,#2208,.T.);
#4622=EDGE_CURVE('',#3550,#3548,#639,.T.);
#4623=EDGE_CURVE('',#3551,#3549,#640,.T.);
#4624=EDGE_CURVE('',#3551,#3552,#2209,.T.);
#4625=EDGE_CURVE('',#3552,#3550,#641,.T.);
#4626=EDGE_CURVE('',#3553,#3551,#642,.T.);
#4627=EDGE_CURVE('',#3553,#3554,#2210,.T.);
#4628=EDGE_CURVE('',#3554,#3552,#643,.T.);
#4629=EDGE_CURVE('',#3555,#3553,#644,.T.);
#4630=EDGE_CURVE('',#3555,#3556,#2211,.T.);
#4631=EDGE_CURVE('',#3556,#3554,#645,.T.);
#4632=EDGE_CURVE('',#3557,#3555,#646,.T.);
#4633=EDGE_CURVE('',#3557,#3558,#2212,.T.);
#4634=EDGE_CURVE('',#3558,#3556,#647,.T.);
#4635=EDGE_CURVE('',#3544,#3557,#648,.T.);
#4636=EDGE_CURVE('',#3546,#3558,#649,.T.);
#4637=EDGE_CURVE('',#3559,#3560,#2213,.T.);
#4638=EDGE_CURVE('',#3559,#3561,#2214,.T.);
#4639=EDGE_CURVE('',#3561,#3562,#2215,.T.);
#4640=EDGE_CURVE('',#3560,#3562,#2216,.T.);
#4641=EDGE_CURVE('',#3563,#3559,#2217,.T.);
#4642=EDGE_CURVE('',#3563,#3564,#2218,.T.);
#4643=EDGE_CURVE('',#3564,#3561,#2219,.T.);
#4644=EDGE_CURVE('',#3565,#3563,#2220,.T.);
#4645=EDGE_CURVE('',#3565,#3566,#2221,.T.);
#4646=EDGE_CURVE('',#3566,#3564,#2222,.T.);
#4647=EDGE_CURVE('',#3567,#3565,#650,.T.);
#4648=EDGE_CURVE('',#3567,#3568,#2223,.T.);
#4649=EDGE_CURVE('',#3568,#3566,#651,.T.);
#4650=EDGE_CURVE('',#3569,#3567,#652,.T.);
#4651=EDGE_CURVE('',#3569,#3570,#2224,.T.);
#4652=EDGE_CURVE('',#3570,#3568,#653,.T.);
#4653=EDGE_CURVE('',#3571,#3569,#654,.T.);
#4654=EDGE_CURVE('',#3571,#3572,#2225,.T.);
#4655=EDGE_CURVE('',#3572,#3570,#655,.T.);
#4656=EDGE_CURVE('',#3573,#3571,#656,.T.);
#4657=EDGE_CURVE('',#3573,#3574,#2226,.T.);
#4658=EDGE_CURVE('',#3574,#3572,#657,.T.);
#4659=EDGE_CURVE('',#3575,#3573,#658,.T.);
#4660=EDGE_CURVE('',#3575,#3576,#2227,.T.);
#4661=EDGE_CURVE('',#3576,#3574,#659,.T.);
#4662=EDGE_CURVE('',#3577,#3575,#660,.T.);
#4663=EDGE_CURVE('',#3577,#3578,#2228,.T.);
#4664=EDGE_CURVE('',#3578,#3576,#661,.T.);
#4665=EDGE_CURVE('',#3579,#3577,#662,.T.);
#4666=EDGE_CURVE('',#3579,#3580,#2229,.T.);
#4667=EDGE_CURVE('',#3580,#3578,#663,.T.);
#4668=EDGE_CURVE('',#3581,#3579,#664,.T.);
#4669=EDGE_CURVE('',#3581,#3582,#2230,.T.);
#4670=EDGE_CURVE('',#3582,#3580,#665,.T.);
#4671=EDGE_CURVE('',#3583,#3581,#2231,.T.);
#4672=EDGE_CURVE('',#3583,#3584,#2232,.T.);
#4673=EDGE_CURVE('',#3584,#3582,#2233,.T.);
#4674=EDGE_CURVE('',#3560,#3583,#2234,.T.);
#4675=EDGE_CURVE('',#3562,#3584,#2235,.T.);
#4676=EDGE_CURVE('',#3585,#3586,#47,.T.);
#4677=EDGE_CURVE('',#3585,#3587,#2236,.T.);
#4678=EDGE_CURVE('',#3588,#3587,#48,.T.);
#4679=EDGE_CURVE('',#3588,#3589,#2237,.T.);
#4680=EDGE_CURVE('',#3590,#3589,#49,.T.);
#4681=EDGE_CURVE('',#3590,#3591,#2238,.T.);
#4682=EDGE_CURVE('',#3592,#3591,#50,.T.);
#4683=EDGE_CURVE('',#3592,#3593,#2239,.T.);
#4684=EDGE_CURVE('',#3594,#3593,#2240,.T.);
#4685=EDGE_CURVE('',#3595,#3594,#2241,.T.);
#4686=EDGE_CURVE('',#3596,#3595,#2242,.T.);
#4687=EDGE_CURVE('',#3596,#3586,#2243,.T.);
#4688=EDGE_CURVE('',#3597,#3598,#51,.T.);
#4689=EDGE_CURVE('',#3599,#3597,#2244,.T.);
#4690=EDGE_CURVE('',#3600,#3599,#52,.T.);
#4691=EDGE_CURVE('',#3601,#3600,#2245,.T.);
#4692=EDGE_CURVE('',#3602,#3601,#53,.T.);
#4693=EDGE_CURVE('',#3603,#3602,#2246,.T.);
#4694=EDGE_CURVE('',#3604,#3603,#54,.T.);
#4695=EDGE_CURVE('',#3598,#3604,#2247,.T.);
#4696=EDGE_CURVE('',#3605,#3606,#55,.T.);
#4697=EDGE_CURVE('',#3607,#3605,#2248,.T.);
#4698=EDGE_CURVE('',#3608,#3607,#56,.T.);
#4699=EDGE_CURVE('',#3609,#3608,#2249,.T.);
#4700=EDGE_CURVE('',#3610,#3609,#57,.T.);
#4701=EDGE_CURVE('',#3611,#3610,#2250,.T.);
#4702=EDGE_CURVE('',#3612,#3611,#58,.T.);
#4703=EDGE_CURVE('',#3606,#3612,#2251,.T.);
#4704=EDGE_CURVE('',#3613,#3614,#59,.T.);
#4705=EDGE_CURVE('',#3615,#3613,#2252,.T.);
#4706=EDGE_CURVE('',#3616,#3615,#60,.T.);
#4707=EDGE_CURVE('',#3617,#3616,#2253,.T.);
#4708=EDGE_CURVE('',#3618,#3617,#61,.T.);
#4709=EDGE_CURVE('',#3619,#3618,#2254,.T.);
#4710=EDGE_CURVE('',#3620,#3619,#62,.T.);
#4711=EDGE_CURVE('',#3614,#3620,#2255,.T.);
#4712=EDGE_CURVE('',#3621,#3622,#63,.T.);
#4713=EDGE_CURVE('',#3623,#3621,#2256,.T.);
#4714=EDGE_CURVE('',#3624,#3623,#64,.T.);
#4715=EDGE_CURVE('',#3625,#3624,#2257,.T.);
#4716=EDGE_CURVE('',#3626,#3625,#65,.T.);
#4717=EDGE_CURVE('',#3627,#3626,#2258,.T.);
#4718=EDGE_CURVE('',#3628,#3627,#66,.T.);
#4719=EDGE_CURVE('',#3622,#3628,#2259,.T.);
#4720=EDGE_CURVE('',#3629,#3629,#67,.T.);
#4721=EDGE_CURVE('',#3630,#3631,#68,.T.);
#4722=EDGE_CURVE('',#3632,#3630,#2260,.T.);
#4723=EDGE_CURVE('',#3633,#3632,#69,.T.);
#4724=EDGE_CURVE('',#3634,#3633,#2261,.T.);
#4725=EDGE_CURVE('',#3635,#3634,#70,.T.);
#4726=EDGE_CURVE('',#3636,#3635,#2262,.T.);
#4727=EDGE_CURVE('',#3637,#3636,#71,.T.);
#4728=EDGE_CURVE('',#3631,#3637,#2263,.T.);
#4729=EDGE_CURVE('',#3638,#3638,#72,.T.);
#4730=EDGE_CURVE('',#3639,#3640,#73,.T.);
#4731=EDGE_CURVE('',#3641,#3639,#2264,.T.);
#4732=EDGE_CURVE('',#3642,#3641,#74,.T.);
#4733=EDGE_CURVE('',#3643,#3642,#2265,.T.);
#4734=EDGE_CURVE('',#3644,#3643,#75,.T.);
#4735=EDGE_CURVE('',#3645,#3644,#2266,.T.);
#4736=EDGE_CURVE('',#3646,#3645,#76,.T.);
#4737=EDGE_CURVE('',#3640,#3646,#2267,.T.);
#4738=EDGE_CURVE('',#3647,#3647,#77,.T.);
#4739=EDGE_CURVE('',#3648,#3648,#78,.T.);
#4740=EDGE_CURVE('',#3649,#3650,#79,.T.);
#4741=EDGE_CURVE('',#3650,#3585,#2268,.T.);
#4742=EDGE_CURVE('',#3586,#3649,#2269,.T.);
#4743=EDGE_CURVE('',#3596,#3651,#2270,.T.);
#4744=EDGE_CURVE('',#3649,#3651,#2271,.T.);
#4745=EDGE_CURVE('',#3652,#3653,#80,.T.);
#4746=EDGE_CURVE('',#3653,#3592,#2272,.T.);
#4747=EDGE_CURVE('',#3591,#3652,#2273,.T.);
#4748=EDGE_CURVE('',#3654,#3590,#2274,.T.);
#4749=EDGE_CURVE('',#3652,#3654,#2275,.T.);
#4750=EDGE_CURVE('',#3655,#3656,#81,.T.);
#4751=EDGE_CURVE('',#3656,#3588,#2276,.T.);
#4752=EDGE_CURVE('',#3587,#3655,#2277,.T.);
#4753=EDGE_CURVE('',#3655,#3650,#2278,.T.);
#4754=EDGE_CURVE('',#3657,#3654,#82,.T.);
#4755=EDGE_CURVE('',#3589,#3657,#2279,.T.);
#4756=EDGE_CURVE('',#3658,#3658,#83,.T.);
#4757=EDGE_CURVE('',#3658,#3648,#2280,.T.);
#4758=EDGE_CURVE('',#3659,#3659,#84,.T.);
#4759=EDGE_CURVE('',#3659,#3647,#2281,.T.);
#4760=EDGE_CURVE('',#3639,#3660,#2282,.T.);
#4761=EDGE_CURVE('',#3661,#3660,#2283,.T.);
#4762=EDGE_CURVE('',#3641,#3661,#2284,.T.);
#4763=EDGE_CURVE('',#3662,#3661,#85,.T.);
#4764=EDGE_CURVE('',#3642,#3662,#2285,.T.);
#4765=EDGE_CURVE('',#3663,#3662,#2286,.T.);
#4766=EDGE_CURVE('',#3643,#3663,#2287,.T.);
#4767=EDGE_CURVE('',#3664,#3663,#86,.T.);
#4768=EDGE_CURVE('',#3644,#3664,#2288,.T.);
#4769=EDGE_CURVE('',#3665,#3664,#2289,.T.);
#4770=EDGE_CURVE('',#3645,#3665,#2290,.T.);
#4771=EDGE_CURVE('',#3666,#3665,#87,.T.);
#4772=EDGE_CURVE('',#3646,#3666,#2291,.T.);
#4773=EDGE_CURVE('',#3667,#3666,#2292,.T.);
#4774=EDGE_CURVE('',#3640,#3667,#2293,.T.);
#4775=EDGE_CURVE('',#3660,#3667,#88,.T.);
#4776=EDGE_CURVE('',#3668,#3668,#89,.T.);
#4777=EDGE_CURVE('',#3668,#3638,#2294,.T.);
#4778=EDGE_CURVE('',#3630,#3669,#2295,.T.);
#4779=EDGE_CURVE('',#3670,#3669,#2296,.T.);
#4780=EDGE_CURVE('',#3632,#3670,#2297,.T.);
#4781=EDGE_CURVE('',#3671,#3670,#90,.T.);
#4782=EDGE_CURVE('',#3633,#3671,#2298,.T.);
#4783=EDGE_CURVE('',#3672,#3671,#2299,.T.);
#4784=EDGE_CURVE('',#3634,#3672,#2300,.T.);
#4785=EDGE_CURVE('',#3673,#3672,#91,.T.);
#4786=EDGE_CURVE('',#3635,#3673,#2301,.T.);
#4787=EDGE_CURVE('',#3674,#3673,#2302,.T.);
#4788=EDGE_CURVE('',#3636,#3674,#2303,.T.);
#4789=EDGE_CURVE('',#3675,#3674,#92,.T.);
#4790=EDGE_CURVE('',#3637,#3675,#2304,.T.);
#4791=EDGE_CURVE('',#3676,#3675,#2305,.T.);
#4792=EDGE_CURVE('',#3631,#3676,#2306,.T.);
#4793=EDGE_CURVE('',#3669,#3676,#93,.T.);
#4794=EDGE_CURVE('',#3677,#3677,#94,.T.);
#4795=EDGE_CURVE('',#3677,#3629,#2307,.T.);
#4796=EDGE_CURVE('',#3621,#3678,#2308,.T.);
#4797=EDGE_CURVE('',#3679,#3678,#2309,.T.);
#4798=EDGE_CURVE('',#3623,#3679,#2310,.T.);
#4799=EDGE_CURVE('',#3680,#3679,#95,.T.);
#4800=EDGE_CURVE('',#3624,#3680,#2311,.T.);
#4801=EDGE_CURVE('',#3681,#3680,#2312,.T.);
#4802=EDGE_CURVE('',#3625,#3681,#2313,.T.);
#4803=EDGE_CURVE('',#3682,#3681,#96,.T.);
#4804=EDGE_CURVE('',#3626,#3682,#2314,.T.);
#4805=EDGE_CURVE('',#3683,#3682,#2315,.T.);
#4806=EDGE_CURVE('',#3627,#3683,#2316,.T.);
#4807=EDGE_CURVE('',#3684,#3683,#97,.T.);
#4808=EDGE_CURVE('',#3628,#3684,#2317,.T.);
#4809=EDGE_CURVE('',#3685,#3684,#2318,.T.);
#4810=EDGE_CURVE('',#3622,#3685,#2319,.T.);
#4811=EDGE_CURVE('',#3678,#3685,#98,.T.);
#4812=EDGE_CURVE('',#3613,#3686,#2320,.T.);
#4813=EDGE_CURVE('',#3687,#3686,#2321,.T.);
#4814=EDGE_CURVE('',#3615,#3687,#2322,.T.);
#4815=EDGE_CURVE('',#3688,#3687,#99,.T.);
#4816=EDGE_CURVE('',#3616,#3688,#2323,.T.);
#4817=EDGE_CURVE('',#3689,#3688,#2324,.T.);
#4818=EDGE_CURVE('',#3617,#3689,#2325,.T.);
#4819=EDGE_CURVE('',#3690,#3689,#100,.T.);
#4820=EDGE_CURVE('',#3618,#3690,#2326,.T.);
#4821=EDGE_CURVE('',#3691,#3690,#2327,.T.);
#4822=EDGE_CURVE('',#3619,#3691,#2328,.T.);
#4823=EDGE_CURVE('',#3692,#3691,#101,.T.);
#4824=EDGE_CURVE('',#3620,#3692,#2329,.T.);
#4825=EDGE_CURVE('',#3693,#3692,#2330,.T.);
#4826=EDGE_CURVE('',#3614,#3693,#2331,.T.);
#4827=EDGE_CURVE('',#3686,#3693,#102,.T.);
#4828=EDGE_CURVE('',#3605,#3694,#2332,.T.);
#4829=EDGE_CURVE('',#3695,#3694,#2333,.T.);
#4830=EDGE_CURVE('',#3607,#3695,#2334,.T.);
#4831=EDGE_CURVE('',#3696,#3695,#103,.T.);
#4832=EDGE_CURVE('',#3608,#3696,#2335,.T.);
#4833=EDGE_CURVE('',#3697,#3696,#2336,.T.);
#4834=EDGE_CURVE('',#3609,#3697,#2337,.T.);
#4835=EDGE_CURVE('',#3698,#3697,#104,.T.);
#4836=EDGE_CURVE('',#3610,#3698,#2338,.T.);
#4837=EDGE_CURVE('',#3699,#3698,#2339,.T.);
#4838=EDGE_CURVE('',#3611,#3699,#2340,.T.);
#4839=EDGE_CURVE('',#3700,#3699,#105,.T.);
#4840=EDGE_CURVE('',#3612,#3700,#2341,.T.);
#4841=EDGE_CURVE('',#3701,#3700,#2342,.T.);
#4842=EDGE_CURVE('',#3606,#3701,#2343,.T.);
#4843=EDGE_CURVE('',#3694,#3701,#106,.T.);
#4844=EDGE_CURVE('',#3597,#3702,#2344,.T.);
#4845=EDGE_CURVE('',#3703,#3702,#2345,.T.);
#4846=EDGE_CURVE('',#3599,#3703,#2346,.T.);
#4847=EDGE_CURVE('',#3704,#3703,#107,.T.);
#4848=EDGE_CURVE('',#3600,#3704,#2347,.T.);
#4849=EDGE_CURVE('',#3705,#3704,#2348,.T.);
#4850=EDGE_CURVE('',#3601,#3705,#2349,.T.);
#4851=EDGE_CURVE('',#3706,#3705,#108,.T.);
#4852=EDGE_CURVE('',#3602,#3706,#2350,.T.);
#4853=EDGE_CURVE('',#3707,#3706,#2351,.T.);
#4854=EDGE_CURVE('',#3603,#3707,#2352,.T.);
#4855=EDGE_CURVE('',#3708,#3707,#109,.T.);
#4856=EDGE_CURVE('',#3604,#3708,#2353,.T.);
#4857=EDGE_CURVE('',#3709,#3708,#2354,.T.);
#4858=EDGE_CURVE('',#3598,#3709,#2355,.T.);
#4859=EDGE_CURVE('',#3702,#3709,#110,.T.);
#4860=EDGE_CURVE('',#3657,#3656,#2356,.T.);
#4861=EDGE_CURVE('',#3710,#3653,#2357,.T.);
#4862=EDGE_CURVE('',#3593,#3710,#2358,.T.);
#4863=EDGE_CURVE('',#3711,#3710,#2359,.T.);
#4864=EDGE_CURVE('',#3594,#3711,#2360,.T.);
#4865=EDGE_CURVE('',#3712,#3711,#2361,.T.);
#4866=EDGE_CURVE('',#3595,#3712,#2362,.T.);
#4867=EDGE_CURVE('',#3651,#3712,#2363,.T.);
#4868=ORIENTED_EDGE('',*,*,#3713,.F.);
#4869=ORIENTED_EDGE('',*,*,#3714,.T.);
#4870=ORIENTED_EDGE('',*,*,#3715,.T.);
#4871=ORIENTED_EDGE('',*,*,#3716,.F.);
#4872=ORIENTED_EDGE('',*,*,#3717,.F.);
#4873=ORIENTED_EDGE('',*,*,#3718,.T.);
#4874=ORIENTED_EDGE('',*,*,#3719,.T.);
#4875=ORIENTED_EDGE('',*,*,#3714,.F.);
#4876=ORIENTED_EDGE('',*,*,#3720,.F.);
#4877=ORIENTED_EDGE('',*,*,#3721,.T.);
#4878=ORIENTED_EDGE('',*,*,#3722,.T.);
#4879=ORIENTED_EDGE('',*,*,#3718,.F.);
#4880=ORIENTED_EDGE('',*,*,#3723,.F.);
#4881=ORIENTED_EDGE('',*,*,#3724,.T.);
#4882=ORIENTED_EDGE('',*,*,#3725,.T.);
#4883=ORIENTED_EDGE('',*,*,#3721,.F.);
#4884=ORIENTED_EDGE('',*,*,#3726,.F.);
#4885=ORIENTED_EDGE('',*,*,#3727,.T.);
#4886=ORIENTED_EDGE('',*,*,#3728,.T.);
#4887=ORIENTED_EDGE('',*,*,#3724,.F.);
#4888=ORIENTED_EDGE('',*,*,#3729,.F.);
#4889=ORIENTED_EDGE('',*,*,#3730,.T.);
#4890=ORIENTED_EDGE('',*,*,#3731,.T.);
#4891=ORIENTED_EDGE('',*,*,#3727,.F.);
#4892=ORIENTED_EDGE('',*,*,#3732,.F.);
#4893=ORIENTED_EDGE('',*,*,#3733,.T.);
#4894=ORIENTED_EDGE('',*,*,#3734,.T.);
#4895=ORIENTED_EDGE('',*,*,#3730,.F.);
#4896=ORIENTED_EDGE('',*,*,#3735,.F.);
#4897=ORIENTED_EDGE('',*,*,#3736,.T.);
#4898=ORIENTED_EDGE('',*,*,#3737,.T.);
#4899=ORIENTED_EDGE('',*,*,#3733,.F.);
#4900=ORIENTED_EDGE('',*,*,#3738,.F.);
#4901=ORIENTED_EDGE('',*,*,#3739,.T.);
#4902=ORIENTED_EDGE('',*,*,#3740,.T.);
#4903=ORIENTED_EDGE('',*,*,#3736,.F.);
#4904=ORIENTED_EDGE('',*,*,#3741,.F.);
#4905=ORIENTED_EDGE('',*,*,#3742,.T.);
#4906=ORIENTED_EDGE('',*,*,#3743,.T.);
#4907=ORIENTED_EDGE('',*,*,#3739,.F.);
#4908=ORIENTED_EDGE('',*,*,#3744,.F.);
#4909=ORIENTED_EDGE('',*,*,#3745,.T.);
#4910=ORIENTED_EDGE('',*,*,#3746,.T.);
#4911=ORIENTED_EDGE('',*,*,#3742,.F.);
#4912=ORIENTED_EDGE('',*,*,#3747,.F.);
#4913=ORIENTED_EDGE('',*,*,#3748,.T.);
#4914=ORIENTED_EDGE('',*,*,#3749,.T.);
#4915=ORIENTED_EDGE('',*,*,#3745,.F.);
#4916=ORIENTED_EDGE('',*,*,#3750,.F.);
#4917=ORIENTED_EDGE('',*,*,#3751,.T.);
#4918=ORIENTED_EDGE('',*,*,#3752,.T.);
#4919=ORIENTED_EDGE('',*,*,#3748,.F.);
#4920=ORIENTED_EDGE('',*,*,#3753,.F.);
#4921=ORIENTED_EDGE('',*,*,#3754,.T.);
#4922=ORIENTED_EDGE('',*,*,#3755,.T.);
#4923=ORIENTED_EDGE('',*,*,#3751,.F.);
#4924=ORIENTED_EDGE('',*,*,#3756,.F.);
#4925=ORIENTED_EDGE('',*,*,#3757,.T.);
#4926=ORIENTED_EDGE('',*,*,#3758,.T.);
#4927=ORIENTED_EDGE('',*,*,#3754,.F.);
#4928=ORIENTED_EDGE('',*,*,#3759,.F.);
#4929=ORIENTED_EDGE('',*,*,#3760,.T.);
#4930=ORIENTED_EDGE('',*,*,#3761,.T.);
#4931=ORIENTED_EDGE('',*,*,#3757,.F.);
#4932=ORIENTED_EDGE('',*,*,#3762,.F.);
#4933=ORIENTED_EDGE('',*,*,#3763,.T.);
#4934=ORIENTED_EDGE('',*,*,#3764,.T.);
#4935=ORIENTED_EDGE('',*,*,#3760,.F.);
#4936=ORIENTED_EDGE('',*,*,#3765,.F.);
#4937=ORIENTED_EDGE('',*,*,#3766,.T.);
#4938=ORIENTED_EDGE('',*,*,#3767,.T.);
#4939=ORIENTED_EDGE('',*,*,#3763,.F.);
#4940=ORIENTED_EDGE('',*,*,#3768,.F.);
#4941=ORIENTED_EDGE('',*,*,#3716,.T.);
#4942=ORIENTED_EDGE('',*,*,#3769,.T.);
#4943=ORIENTED_EDGE('',*,*,#3766,.F.);
#4944=ORIENTED_EDGE('',*,*,#3769,.F.);
#4945=ORIENTED_EDGE('',*,*,#3715,.F.);
#4946=ORIENTED_EDGE('',*,*,#3719,.F.);
#4947=ORIENTED_EDGE('',*,*,#3722,.F.);
#4948=ORIENTED_EDGE('',*,*,#3725,.F.);
#4949=ORIENTED_EDGE('',*,*,#3728,.F.);
#4950=ORIENTED_EDGE('',*,*,#3731,.F.);
#4951=ORIENTED_EDGE('',*,*,#3734,.F.);
#4952=ORIENTED_EDGE('',*,*,#3737,.F.);
#4953=ORIENTED_EDGE('',*,*,#3740,.F.);
#4954=ORIENTED_EDGE('',*,*,#3743,.F.);
#4955=ORIENTED_EDGE('',*,*,#3746,.F.);
#4956=ORIENTED_EDGE('',*,*,#3749,.F.);
#4957=ORIENTED_EDGE('',*,*,#3752,.F.);
#4958=ORIENTED_EDGE('',*,*,#3755,.F.);
#4959=ORIENTED_EDGE('',*,*,#3758,.F.);
#4960=ORIENTED_EDGE('',*,*,#3761,.F.);
#4961=ORIENTED_EDGE('',*,*,#3764,.F.);
#4962=ORIENTED_EDGE('',*,*,#3767,.F.);
#4963=ORIENTED_EDGE('',*,*,#3770,.F.);
#4964=ORIENTED_EDGE('',*,*,#3771,.T.);
#4965=ORIENTED_EDGE('',*,*,#3772,.T.);
#4966=ORIENTED_EDGE('',*,*,#3773,.F.);
#4967=ORIENTED_EDGE('',*,*,#3774,.F.);
#4968=ORIENTED_EDGE('',*,*,#3775,.T.);
#4969=ORIENTED_EDGE('',*,*,#3776,.T.);
#4970=ORIENTED_EDGE('',*,*,#3771,.F.);
#4971=ORIENTED_EDGE('',*,*,#3777,.F.);
#4972=ORIENTED_EDGE('',*,*,#3778,.T.);
#4973=ORIENTED_EDGE('',*,*,#3779,.T.);
#4974=ORIENTED_EDGE('',*,*,#3775,.F.);
#4975=ORIENTED_EDGE('',*,*,#3780,.F.);
#4976=ORIENTED_EDGE('',*,*,#3773,.T.);
#4977=ORIENTED_EDGE('',*,*,#3781,.T.);
#4978=ORIENTED_EDGE('',*,*,#3778,.F.);
#4979=ORIENTED_EDGE('',*,*,#3781,.F.);
#4980=ORIENTED_EDGE('',*,*,#3772,.F.);
#4981=ORIENTED_EDGE('',*,*,#3776,.F.);
#4982=ORIENTED_EDGE('',*,*,#3779,.F.);
#4983=ORIENTED_EDGE('',*,*,#3782,.F.);
#4984=ORIENTED_EDGE('',*,*,#3783,.T.);
#4985=ORIENTED_EDGE('',*,*,#3784,.T.);
#4986=ORIENTED_EDGE('',*,*,#3785,.F.);
#4987=ORIENTED_EDGE('',*,*,#3786,.F.);
#4988=ORIENTED_EDGE('',*,*,#3787,.T.);
#4989=ORIENTED_EDGE('',*,*,#3788,.T.);
#4990=ORIENTED_EDGE('',*,*,#3783,.F.);
#4991=ORIENTED_EDGE('',*,*,#3789,.F.);
#4992=ORIENTED_EDGE('',*,*,#3790,.T.);
#4993=ORIENTED_EDGE('',*,*,#3791,.T.);
#4994=ORIENTED_EDGE('',*,*,#3787,.F.);
#4995=ORIENTED_EDGE('',*,*,#3792,.F.);
#4996=ORIENTED_EDGE('',*,*,#3793,.T.);
#4997=ORIENTED_EDGE('',*,*,#3794,.T.);
#4998=ORIENTED_EDGE('',*,*,#3790,.F.);
#4999=ORIENTED_EDGE('',*,*,#3795,.F.);
#5000=ORIENTED_EDGE('',*,*,#3796,.T.);
#5001=ORIENTED_EDGE('',*,*,#3797,.T.);
#5002=ORIENTED_EDGE('',*,*,#3793,.F.);
#5003=ORIENTED_EDGE('',*,*,#3798,.F.);
#5004=ORIENTED_EDGE('',*,*,#3799,.T.);
#5005=ORIENTED_EDGE('',*,*,#3800,.T.);
#5006=ORIENTED_EDGE('',*,*,#3796,.F.);
#5007=ORIENTED_EDGE('',*,*,#3801,.F.);
#5008=ORIENTED_EDGE('',*,*,#3802,.T.);
#5009=ORIENTED_EDGE('',*,*,#3803,.T.);
#5010=ORIENTED_EDGE('',*,*,#3799,.F.);
#5011=ORIENTED_EDGE('',*,*,#3804,.F.);
#5012=ORIENTED_EDGE('',*,*,#3805,.T.);
#5013=ORIENTED_EDGE('',*,*,#3806,.T.);
#5014=ORIENTED_EDGE('',*,*,#3802,.F.);
#5015=ORIENTED_EDGE('',*,*,#3807,.F.);
#5016=ORIENTED_EDGE('',*,*,#3808,.T.);
#5017=ORIENTED_EDGE('',*,*,#3809,.T.);
#5018=ORIENTED_EDGE('',*,*,#3805,.F.);
#5019=ORIENTED_EDGE('',*,*,#3810,.F.);
#5020=ORIENTED_EDGE('',*,*,#3811,.T.);
#5021=ORIENTED_EDGE('',*,*,#3812,.T.);
#5022=ORIENTED_EDGE('',*,*,#3808,.F.);
#5023=ORIENTED_EDGE('',*,*,#3813,.F.);
#5024=ORIENTED_EDGE('',*,*,#3814,.T.);
#5025=ORIENTED_EDGE('',*,*,#3815,.T.);
#5026=ORIENTED_EDGE('',*,*,#3811,.F.);
#5027=ORIENTED_EDGE('',*,*,#3816,.F.);
#5028=ORIENTED_EDGE('',*,*,#3817,.T.);
#5029=ORIENTED_EDGE('',*,*,#3818,.T.);
#5030=ORIENTED_EDGE('',*,*,#3814,.F.);
#5031=ORIENTED_EDGE('',*,*,#3819,.F.);
#5032=ORIENTED_EDGE('',*,*,#3820,.T.);
#5033=ORIENTED_EDGE('',*,*,#3821,.T.);
#5034=ORIENTED_EDGE('',*,*,#3817,.F.);
#5035=ORIENTED_EDGE('',*,*,#3822,.F.);
#5036=ORIENTED_EDGE('',*,*,#3823,.T.);
#5037=ORIENTED_EDGE('',*,*,#3824,.T.);
#5038=ORIENTED_EDGE('',*,*,#3820,.F.);
#5039=ORIENTED_EDGE('',*,*,#3825,.F.);
#5040=ORIENTED_EDGE('',*,*,#3826,.T.);
#5041=ORIENTED_EDGE('',*,*,#3827,.T.);
#5042=ORIENTED_EDGE('',*,*,#3823,.F.);
#5043=ORIENTED_EDGE('',*,*,#3828,.F.);
#5044=ORIENTED_EDGE('',*,*,#3829,.T.);
#5045=ORIENTED_EDGE('',*,*,#3830,.T.);
#5046=ORIENTED_EDGE('',*,*,#3826,.F.);
#5047=ORIENTED_EDGE('',*,*,#3831,.F.);
#5048=ORIENTED_EDGE('',*,*,#3832,.T.);
#5049=ORIENTED_EDGE('',*,*,#3833,.T.);
#5050=ORIENTED_EDGE('',*,*,#3829,.F.);
#5051=ORIENTED_EDGE('',*,*,#3834,.F.);
#5052=ORIENTED_EDGE('',*,*,#3835,.T.);
#5053=ORIENTED_EDGE('',*,*,#3836,.T.);
#5054=ORIENTED_EDGE('',*,*,#3832,.F.);
#5055=ORIENTED_EDGE('',*,*,#3837,.F.);
#5056=ORIENTED_EDGE('',*,*,#3838,.T.);
#5057=ORIENTED_EDGE('',*,*,#3839,.T.);
#5058=ORIENTED_EDGE('',*,*,#3835,.F.);
#5059=ORIENTED_EDGE('',*,*,#3840,.F.);
#5060=ORIENTED_EDGE('',*,*,#3841,.T.);
#5061=ORIENTED_EDGE('',*,*,#3842,.T.);
#5062=ORIENTED_EDGE('',*,*,#3838,.F.);
#5063=ORIENTED_EDGE('',*,*,#3843,.F.);
#5064=ORIENTED_EDGE('',*,*,#3844,.T.);
#5065=ORIENTED_EDGE('',*,*,#3845,.T.);
#5066=ORIENTED_EDGE('',*,*,#3841,.F.);
#5067=ORIENTED_EDGE('',*,*,#3846,.F.);
#5068=ORIENTED_EDGE('',*,*,#3847,.T.);
#5069=ORIENTED_EDGE('',*,*,#3848,.T.);
#5070=ORIENTED_EDGE('',*,*,#3844,.F.);
#5071=ORIENTED_EDGE('',*,*,#3849,.F.);
#5072=ORIENTED_EDGE('',*,*,#3850,.T.);
#5073=ORIENTED_EDGE('',*,*,#3851,.T.);
#5074=ORIENTED_EDGE('',*,*,#3847,.F.);
#5075=ORIENTED_EDGE('',*,*,#3852,.F.);
#5076=ORIENTED_EDGE('',*,*,#3853,.T.);
#5077=ORIENTED_EDGE('',*,*,#3854,.T.);
#5078=ORIENTED_EDGE('',*,*,#3850,.F.);
#5079=ORIENTED_EDGE('',*,*,#3855,.F.);
#5080=ORIENTED_EDGE('',*,*,#3856,.T.);
#5081=ORIENTED_EDGE('',*,*,#3857,.T.);
#5082=ORIENTED_EDGE('',*,*,#3853,.F.);
#5083=ORIENTED_EDGE('',*,*,#3858,.F.);
#5084=ORIENTED_EDGE('',*,*,#3859,.T.);
#5085=ORIENTED_EDGE('',*,*,#3860,.T.);
#5086=ORIENTED_EDGE('',*,*,#3856,.F.);
#5087=ORIENTED_EDGE('',*,*,#3861,.F.);
#5088=ORIENTED_EDGE('',*,*,#3862,.T.);
#5089=ORIENTED_EDGE('',*,*,#3863,.T.);
#5090=ORIENTED_EDGE('',*,*,#3859,.F.);
#5091=ORIENTED_EDGE('',*,*,#3864,.F.);
#5092=ORIENTED_EDGE('',*,*,#3785,.T.);
#5093=ORIENTED_EDGE('',*,*,#3865,.T.);
#5094=ORIENTED_EDGE('',*,*,#3862,.F.);
#5095=ORIENTED_EDGE('',*,*,#3865,.F.);
#5096=ORIENTED_EDGE('',*,*,#3784,.F.);
#5097=ORIENTED_EDGE('',*,*,#3788,.F.);
#5098=ORIENTED_EDGE('',*,*,#3791,.F.);
#5099=ORIENTED_EDGE('',*,*,#3794,.F.);
#5100=ORIENTED_EDGE('',*,*,#3797,.F.);
#5101=ORIENTED_EDGE('',*,*,#3800,.F.);
#5102=ORIENTED_EDGE('',*,*,#3803,.F.);
#5103=ORIENTED_EDGE('',*,*,#3806,.F.);
#5104=ORIENTED_EDGE('',*,*,#3809,.F.);
#5105=ORIENTED_EDGE('',*,*,#3812,.F.);
#5106=ORIENTED_EDGE('',*,*,#3815,.F.);
#5107=ORIENTED_EDGE('',*,*,#3818,.F.);
#5108=ORIENTED_EDGE('',*,*,#3821,.F.);
#5109=ORIENTED_EDGE('',*,*,#3824,.F.);
#5110=ORIENTED_EDGE('',*,*,#3827,.F.);
#5111=ORIENTED_EDGE('',*,*,#3830,.F.);
#5112=ORIENTED_EDGE('',*,*,#3833,.F.);
#5113=ORIENTED_EDGE('',*,*,#3836,.F.);
#5114=ORIENTED_EDGE('',*,*,#3839,.F.);
#5115=ORIENTED_EDGE('',*,*,#3842,.F.);
#5116=ORIENTED_EDGE('',*,*,#3845,.F.);
#5117=ORIENTED_EDGE('',*,*,#3848,.F.);
#5118=ORIENTED_EDGE('',*,*,#3851,.F.);
#5119=ORIENTED_EDGE('',*,*,#3854,.F.);
#5120=ORIENTED_EDGE('',*,*,#3857,.F.);
#5121=ORIENTED_EDGE('',*,*,#3860,.F.);
#5122=ORIENTED_EDGE('',*,*,#3863,.F.);
#5123=ORIENTED_EDGE('',*,*,#3866,.F.);
#5124=ORIENTED_EDGE('',*,*,#3867,.T.);
#5125=ORIENTED_EDGE('',*,*,#3868,.T.);
#5126=ORIENTED_EDGE('',*,*,#3869,.F.);
#5127=ORIENTED_EDGE('',*,*,#3870,.F.);
#5128=ORIENTED_EDGE('',*,*,#3871,.T.);
#5129=ORIENTED_EDGE('',*,*,#3872,.T.);
#5130=ORIENTED_EDGE('',*,*,#3867,.F.);
#5131=ORIENTED_EDGE('',*,*,#3873,.F.);
#5132=ORIENTED_EDGE('',*,*,#3874,.T.);
#5133=ORIENTED_EDGE('',*,*,#3875,.T.);
#5134=ORIENTED_EDGE('',*,*,#3871,.F.);
#5135=ORIENTED_EDGE('',*,*,#3876,.F.);
#5136=ORIENTED_EDGE('',*,*,#3877,.T.);
#5137=ORIENTED_EDGE('',*,*,#3878,.T.);
#5138=ORIENTED_EDGE('',*,*,#3874,.F.);
#5139=ORIENTED_EDGE('',*,*,#3879,.F.);
#5140=ORIENTED_EDGE('',*,*,#3880,.T.);
#5141=ORIENTED_EDGE('',*,*,#3881,.T.);
#5142=ORIENTED_EDGE('',*,*,#3877,.F.);
#5143=ORIENTED_EDGE('',*,*,#3882,.F.);
#5144=ORIENTED_EDGE('',*,*,#3883,.T.);
#5145=ORIENTED_EDGE('',*,*,#3884,.T.);
#5146=ORIENTED_EDGE('',*,*,#3880,.F.);
#5147=ORIENTED_EDGE('',*,*,#3885,.F.);
#5148=ORIENTED_EDGE('',*,*,#3886,.T.);
#5149=ORIENTED_EDGE('',*,*,#3887,.T.);
#5150=ORIENTED_EDGE('',*,*,#3883,.F.);
#5151=ORIENTED_EDGE('',*,*,#3888,.F.);
#5152=ORIENTED_EDGE('',*,*,#3869,.T.);
#5153=ORIENTED_EDGE('',*,*,#3889,.T.);
#5154=ORIENTED_EDGE('',*,*,#3886,.F.);
#5155=ORIENTED_EDGE('',*,*,#3890,.F.);
#5156=ORIENTED_EDGE('',*,*,#3891,.T.);
#5157=ORIENTED_EDGE('',*,*,#3892,.T.);
#5158=ORIENTED_EDGE('',*,*,#3893,.F.);
#5159=ORIENTED_EDGE('',*,*,#3894,.F.);
#5160=ORIENTED_EDGE('',*,*,#3895,.T.);
#5161=ORIENTED_EDGE('',*,*,#3896,.T.);
#5162=ORIENTED_EDGE('',*,*,#3891,.F.);
#5163=ORIENTED_EDGE('',*,*,#3897,.F.);
#5164=ORIENTED_EDGE('',*,*,#3898,.T.);
#5165=ORIENTED_EDGE('',*,*,#3899,.T.);
#5166=ORIENTED_EDGE('',*,*,#3895,.F.);
#5167=ORIENTED_EDGE('',*,*,#3900,.F.);
#5168=ORIENTED_EDGE('',*,*,#3901,.T.);
#5169=ORIENTED_EDGE('',*,*,#3902,.T.);
#5170=ORIENTED_EDGE('',*,*,#3898,.F.);
#5171=ORIENTED_EDGE('',*,*,#3903,.F.);
#5172=ORIENTED_EDGE('',*,*,#3904,.T.);
#5173=ORIENTED_EDGE('',*,*,#3905,.T.);
#5174=ORIENTED_EDGE('',*,*,#3901,.F.);
#5175=ORIENTED_EDGE('',*,*,#3906,.F.);
#5176=ORIENTED_EDGE('',*,*,#3907,.T.);
#5177=ORIENTED_EDGE('',*,*,#3908,.T.);
#5178=ORIENTED_EDGE('',*,*,#3904,.F.);
#5179=ORIENTED_EDGE('',*,*,#3909,.F.);
#5180=ORIENTED_EDGE('',*,*,#3910,.T.);
#5181=ORIENTED_EDGE('',*,*,#3911,.T.);
#5182=ORIENTED_EDGE('',*,*,#3907,.F.);
#5183=ORIENTED_EDGE('',*,*,#3912,.F.);
#5184=ORIENTED_EDGE('',*,*,#3913,.T.);
#5185=ORIENTED_EDGE('',*,*,#3914,.T.);
#5186=ORIENTED_EDGE('',*,*,#3910,.F.);
#5187=ORIENTED_EDGE('',*,*,#3915,.F.);
#5188=ORIENTED_EDGE('',*,*,#3916,.T.);
#5189=ORIENTED_EDGE('',*,*,#3917,.T.);
#5190=ORIENTED_EDGE('',*,*,#3913,.F.);
#5191=ORIENTED_EDGE('',*,*,#3918,.F.);
#5192=ORIENTED_EDGE('',*,*,#3919,.T.);
#5193=ORIENTED_EDGE('',*,*,#3920,.T.);
#5194=ORIENTED_EDGE('',*,*,#3916,.F.);
#5195=ORIENTED_EDGE('',*,*,#3921,.F.);
#5196=ORIENTED_EDGE('',*,*,#3922,.T.);
#5197=ORIENTED_EDGE('',*,*,#3923,.T.);
#5198=ORIENTED_EDGE('',*,*,#3919,.F.);
#5199=ORIENTED_EDGE('',*,*,#3924,.F.);
#5200=ORIENTED_EDGE('',*,*,#3925,.T.);
#5201=ORIENTED_EDGE('',*,*,#3926,.T.);
#5202=ORIENTED_EDGE('',*,*,#3922,.F.);
#5203=ORIENTED_EDGE('',*,*,#3927,.F.);
#5204=ORIENTED_EDGE('',*,*,#3928,.T.);
#5205=ORIENTED_EDGE('',*,*,#3929,.T.);
#5206=ORIENTED_EDGE('',*,*,#3925,.F.);
#5207=ORIENTED_EDGE('',*,*,#3930,.F.);
#5208=ORIENTED_EDGE('',*,*,#3893,.T.);
#5209=ORIENTED_EDGE('',*,*,#3931,.T.);
#5210=ORIENTED_EDGE('',*,*,#3928,.F.);
#5211=ORIENTED_EDGE('',*,*,#3931,.F.);
#5212=ORIENTED_EDGE('',*,*,#3892,.F.);
#5213=ORIENTED_EDGE('',*,*,#3896,.F.);
#5214=ORIENTED_EDGE('',*,*,#3899,.F.);
#5215=ORIENTED_EDGE('',*,*,#3902,.F.);
#5216=ORIENTED_EDGE('',*,*,#3905,.F.);
#5217=ORIENTED_EDGE('',*,*,#3908,.F.);
#5218=ORIENTED_EDGE('',*,*,#3911,.F.);
#5219=ORIENTED_EDGE('',*,*,#3914,.F.);
#5220=ORIENTED_EDGE('',*,*,#3917,.F.);
#5221=ORIENTED_EDGE('',*,*,#3920,.F.);
#5222=ORIENTED_EDGE('',*,*,#3923,.F.);
#5223=ORIENTED_EDGE('',*,*,#3926,.F.);
#5224=ORIENTED_EDGE('',*,*,#3929,.F.);
#5225=ORIENTED_EDGE('',*,*,#3889,.F.);
#5226=ORIENTED_EDGE('',*,*,#3868,.F.);
#5227=ORIENTED_EDGE('',*,*,#3872,.F.);
#5228=ORIENTED_EDGE('',*,*,#3875,.F.);
#5229=ORIENTED_EDGE('',*,*,#3878,.F.);
#5230=ORIENTED_EDGE('',*,*,#3881,.F.);
#5231=ORIENTED_EDGE('',*,*,#3884,.F.);
#5232=ORIENTED_EDGE('',*,*,#3887,.F.);
#5233=ORIENTED_EDGE('',*,*,#3932,.F.);
#5234=ORIENTED_EDGE('',*,*,#3933,.T.);
#5235=ORIENTED_EDGE('',*,*,#3934,.T.);
#5236=ORIENTED_EDGE('',*,*,#3935,.F.);
#5237=ORIENTED_EDGE('',*,*,#3936,.F.);
#5238=ORIENTED_EDGE('',*,*,#3937,.T.);
#5239=ORIENTED_EDGE('',*,*,#3938,.T.);
#5240=ORIENTED_EDGE('',*,*,#3933,.F.);
#5241=ORIENTED_EDGE('',*,*,#3939,.F.);
#5242=ORIENTED_EDGE('',*,*,#3940,.T.);
#5243=ORIENTED_EDGE('',*,*,#3941,.T.);
#5244=ORIENTED_EDGE('',*,*,#3937,.F.);
#5245=ORIENTED_EDGE('',*,*,#3942,.F.);
#5246=ORIENTED_EDGE('',*,*,#3943,.T.);
#5247=ORIENTED_EDGE('',*,*,#3944,.T.);
#5248=ORIENTED_EDGE('',*,*,#3940,.F.);
#5249=ORIENTED_EDGE('',*,*,#3945,.F.);
#5250=ORIENTED_EDGE('',*,*,#3946,.T.);
#5251=ORIENTED_EDGE('',*,*,#3947,.T.);
#5252=ORIENTED_EDGE('',*,*,#3943,.F.);
#5253=ORIENTED_EDGE('',*,*,#3948,.F.);
#5254=ORIENTED_EDGE('',*,*,#3949,.T.);
#5255=ORIENTED_EDGE('',*,*,#3950,.T.);
#5256=ORIENTED_EDGE('',*,*,#3946,.F.);
#5257=ORIENTED_EDGE('',*,*,#3951,.F.);
#5258=ORIENTED_EDGE('',*,*,#3952,.T.);
#5259=ORIENTED_EDGE('',*,*,#3953,.T.);
#5260=ORIENTED_EDGE('',*,*,#3949,.F.);
#5261=ORIENTED_EDGE('',*,*,#3954,.F.);
#5262=ORIENTED_EDGE('',*,*,#3955,.T.);
#5263=ORIENTED_EDGE('',*,*,#3956,.T.);
#5264=ORIENTED_EDGE('',*,*,#3952,.F.);
#5265=ORIENTED_EDGE('',*,*,#3957,.F.);
#5266=ORIENTED_EDGE('',*,*,#3958,.T.);
#5267=ORIENTED_EDGE('',*,*,#3959,.T.);
#5268=ORIENTED_EDGE('',*,*,#3955,.F.);
#5269=ORIENTED_EDGE('',*,*,#3960,.F.);
#5270=ORIENTED_EDGE('',*,*,#3961,.T.);
#5271=ORIENTED_EDGE('',*,*,#3962,.T.);
#5272=ORIENTED_EDGE('',*,*,#3958,.F.);
#5273=ORIENTED_EDGE('',*,*,#3963,.F.);
#5274=ORIENTED_EDGE('',*,*,#3964,.T.);
#5275=ORIENTED_EDGE('',*,*,#3965,.T.);
#5276=ORIENTED_EDGE('',*,*,#3961,.F.);
#5277=ORIENTED_EDGE('',*,*,#3966,.F.);
#5278=ORIENTED_EDGE('',*,*,#3967,.T.);
#5279=ORIENTED_EDGE('',*,*,#3968,.T.);
#5280=ORIENTED_EDGE('',*,*,#3964,.F.);
#5281=ORIENTED_EDGE('',*,*,#3969,.F.);
#5282=ORIENTED_EDGE('',*,*,#3935,.T.);
#5283=ORIENTED_EDGE('',*,*,#3970,.T.);
#5284=ORIENTED_EDGE('',*,*,#3967,.F.);
#5285=ORIENTED_EDGE('',*,*,#3970,.F.);
#5286=ORIENTED_EDGE('',*,*,#3934,.F.);
#5287=ORIENTED_EDGE('',*,*,#3938,.F.);
#5288=ORIENTED_EDGE('',*,*,#3941,.F.);
#5289=ORIENTED_EDGE('',*,*,#3944,.F.);
#5290=ORIENTED_EDGE('',*,*,#3947,.F.);
#5291=ORIENTED_EDGE('',*,*,#3950,.F.);
#5292=ORIENTED_EDGE('',*,*,#3953,.F.);
#5293=ORIENTED_EDGE('',*,*,#3956,.F.);
#5294=ORIENTED_EDGE('',*,*,#3959,.F.);
#5295=ORIENTED_EDGE('',*,*,#3962,.F.);
#5296=ORIENTED_EDGE('',*,*,#3965,.F.);
#5297=ORIENTED_EDGE('',*,*,#3968,.F.);
#5298=ORIENTED_EDGE('',*,*,#3971,.F.);
#5299=ORIENTED_EDGE('',*,*,#3972,.T.);
#5300=ORIENTED_EDGE('',*,*,#3973,.T.);
#5301=ORIENTED_EDGE('',*,*,#3974,.F.);
#5302=ORIENTED_EDGE('',*,*,#3975,.F.);
#5303=ORIENTED_EDGE('',*,*,#3976,.T.);
#5304=ORIENTED_EDGE('',*,*,#3977,.T.);
#5305=ORIENTED_EDGE('',*,*,#3972,.F.);
#5306=ORIENTED_EDGE('',*,*,#3978,.F.);
#5307=ORIENTED_EDGE('',*,*,#3979,.T.);
#5308=ORIENTED_EDGE('',*,*,#3980,.T.);
#5309=ORIENTED_EDGE('',*,*,#3976,.F.);
#5310=ORIENTED_EDGE('',*,*,#3981,.F.);
#5311=ORIENTED_EDGE('',*,*,#3982,.T.);
#5312=ORIENTED_EDGE('',*,*,#3983,.T.);
#5313=ORIENTED_EDGE('',*,*,#3979,.F.);
#5314=ORIENTED_EDGE('',*,*,#3984,.F.);
#5315=ORIENTED_EDGE('',*,*,#3985,.T.);
#5316=ORIENTED_EDGE('',*,*,#3986,.T.);
#5317=ORIENTED_EDGE('',*,*,#3982,.F.);
#5318=ORIENTED_EDGE('',*,*,#3987,.F.);
#5319=ORIENTED_EDGE('',*,*,#3988,.T.);
#5320=ORIENTED_EDGE('',*,*,#3989,.T.);
#5321=ORIENTED_EDGE('',*,*,#3985,.F.);
#5322=ORIENTED_EDGE('',*,*,#3990,.F.);
#5323=ORIENTED_EDGE('',*,*,#3991,.T.);
#5324=ORIENTED_EDGE('',*,*,#3992,.T.);
#5325=ORIENTED_EDGE('',*,*,#3988,.F.);
#5326=ORIENTED_EDGE('',*,*,#3993,.F.);
#5327=ORIENTED_EDGE('',*,*,#3974,.T.);
#5328=ORIENTED_EDGE('',*,*,#3994,.T.);
#5329=ORIENTED_EDGE('',*,*,#3991,.F.);
#5330=ORIENTED_EDGE('',*,*,#3995,.F.);
#5331=ORIENTED_EDGE('',*,*,#3996,.T.);
#5332=ORIENTED_EDGE('',*,*,#3997,.T.);
#5333=ORIENTED_EDGE('',*,*,#3998,.F.);
#5334=ORIENTED_EDGE('',*,*,#3999,.F.);
#5335=ORIENTED_EDGE('',*,*,#4000,.T.);
#5336=ORIENTED_EDGE('',*,*,#4001,.T.);
#5337=ORIENTED_EDGE('',*,*,#3996,.F.);
#5338=ORIENTED_EDGE('',*,*,#4002,.F.);
#5339=ORIENTED_EDGE('',*,*,#4003,.T.);
#5340=ORIENTED_EDGE('',*,*,#4004,.T.);
#5341=ORIENTED_EDGE('',*,*,#4000,.F.);
#5342=ORIENTED_EDGE('',*,*,#4005,.F.);
#5343=ORIENTED_EDGE('',*,*,#4006,.T.);
#5344=ORIENTED_EDGE('',*,*,#4007,.T.);
#5345=ORIENTED_EDGE('',*,*,#4003,.F.);
#5346=ORIENTED_EDGE('',*,*,#4008,.F.);
#5347=ORIENTED_EDGE('',*,*,#4009,.T.);
#5348=ORIENTED_EDGE('',*,*,#4010,.T.);
#5349=ORIENTED_EDGE('',*,*,#4006,.F.);
#5350=ORIENTED_EDGE('',*,*,#4011,.F.);
#5351=ORIENTED_EDGE('',*,*,#4012,.T.);
#5352=ORIENTED_EDGE('',*,*,#4013,.T.);
#5353=ORIENTED_EDGE('',*,*,#4009,.F.);
#5354=ORIENTED_EDGE('',*,*,#4014,.F.);
#5355=ORIENTED_EDGE('',*,*,#4015,.T.);
#5356=ORIENTED_EDGE('',*,*,#4016,.T.);
#5357=ORIENTED_EDGE('',*,*,#4012,.F.);
#5358=ORIENTED_EDGE('',*,*,#4017,.F.);
#5359=ORIENTED_EDGE('',*,*,#4018,.T.);
#5360=ORIENTED_EDGE('',*,*,#4019,.T.);
#5361=ORIENTED_EDGE('',*,*,#4015,.F.);
#5362=ORIENTED_EDGE('',*,*,#4020,.F.);
#5363=ORIENTED_EDGE('',*,*,#4021,.T.);
#5364=ORIENTED_EDGE('',*,*,#4022,.T.);
#5365=ORIENTED_EDGE('',*,*,#4018,.F.);
#5366=ORIENTED_EDGE('',*,*,#4023,.F.);
#5367=ORIENTED_EDGE('',*,*,#4024,.T.);
#5368=ORIENTED_EDGE('',*,*,#4025,.T.);
#5369=ORIENTED_EDGE('',*,*,#4021,.F.);
#5370=ORIENTED_EDGE('',*,*,#4026,.F.);
#5371=ORIENTED_EDGE('',*,*,#4027,.T.);
#5372=ORIENTED_EDGE('',*,*,#4028,.T.);
#5373=ORIENTED_EDGE('',*,*,#4024,.F.);
#5374=ORIENTED_EDGE('',*,*,#4029,.F.);
#5375=ORIENTED_EDGE('',*,*,#4030,.T.);
#5376=ORIENTED_EDGE('',*,*,#4031,.T.);
#5377=ORIENTED_EDGE('',*,*,#4027,.F.);
#5378=ORIENTED_EDGE('',*,*,#4032,.F.);
#5379=ORIENTED_EDGE('',*,*,#3998,.T.);
#5380=ORIENTED_EDGE('',*,*,#4033,.T.);
#5381=ORIENTED_EDGE('',*,*,#4030,.F.);
#5382=ORIENTED_EDGE('',*,*,#4033,.F.);
#5383=ORIENTED_EDGE('',*,*,#3997,.F.);
#5384=ORIENTED_EDGE('',*,*,#4001,.F.);
#5385=ORIENTED_EDGE('',*,*,#4004,.F.);
#5386=ORIENTED_EDGE('',*,*,#4007,.F.);
#5387=ORIENTED_EDGE('',*,*,#4010,.F.);
#5388=ORIENTED_EDGE('',*,*,#4013,.F.);
#5389=ORIENTED_EDGE('',*,*,#4016,.F.);
#5390=ORIENTED_EDGE('',*,*,#4019,.F.);
#5391=ORIENTED_EDGE('',*,*,#4022,.F.);
#5392=ORIENTED_EDGE('',*,*,#4025,.F.);
#5393=ORIENTED_EDGE('',*,*,#4028,.F.);
#5394=ORIENTED_EDGE('',*,*,#4031,.F.);
#5395=ORIENTED_EDGE('',*,*,#3994,.F.);
#5396=ORIENTED_EDGE('',*,*,#3973,.F.);
#5397=ORIENTED_EDGE('',*,*,#3977,.F.);
#5398=ORIENTED_EDGE('',*,*,#3980,.F.);
#5399=ORIENTED_EDGE('',*,*,#3983,.F.);
#5400=ORIENTED_EDGE('',*,*,#3986,.F.);
#5401=ORIENTED_EDGE('',*,*,#3989,.F.);
#5402=ORIENTED_EDGE('',*,*,#3992,.F.);
#5403=ORIENTED_EDGE('',*,*,#4034,.F.);
#5404=ORIENTED_EDGE('',*,*,#4035,.T.);
#5405=ORIENTED_EDGE('',*,*,#4036,.T.);
#5406=ORIENTED_EDGE('',*,*,#4037,.F.);
#5407=ORIENTED_EDGE('',*,*,#4038,.F.);
#5408=ORIENTED_EDGE('',*,*,#4039,.T.);
#5409=ORIENTED_EDGE('',*,*,#4040,.T.);
#5410=ORIENTED_EDGE('',*,*,#4035,.F.);
#5411=ORIENTED_EDGE('',*,*,#4041,.F.);
#5412=ORIENTED_EDGE('',*,*,#4042,.T.);
#5413=ORIENTED_EDGE('',*,*,#4043,.T.);
#5414=ORIENTED_EDGE('',*,*,#4039,.F.);
#5415=ORIENTED_EDGE('',*,*,#4044,.F.);
#5416=ORIENTED_EDGE('',*,*,#4045,.T.);
#5417=ORIENTED_EDGE('',*,*,#4046,.T.);
#5418=ORIENTED_EDGE('',*,*,#4042,.F.);
#5419=ORIENTED_EDGE('',*,*,#4047,.F.);
#5420=ORIENTED_EDGE('',*,*,#4048,.T.);
#5421=ORIENTED_EDGE('',*,*,#4049,.T.);
#5422=ORIENTED_EDGE('',*,*,#4045,.F.);
#5423=ORIENTED_EDGE('',*,*,#4050,.F.);
#5424=ORIENTED_EDGE('',*,*,#4051,.T.);
#5425=ORIENTED_EDGE('',*,*,#4052,.T.);
#5426=ORIENTED_EDGE('',*,*,#4048,.F.);
#5427=ORIENTED_EDGE('',*,*,#4053,.F.);
#5428=ORIENTED_EDGE('',*,*,#4054,.T.);
#5429=ORIENTED_EDGE('',*,*,#4055,.T.);
#5430=ORIENTED_EDGE('',*,*,#4051,.F.);
#5431=ORIENTED_EDGE('',*,*,#4056,.F.);
#5432=ORIENTED_EDGE('',*,*,#4057,.T.);
#5433=ORIENTED_EDGE('',*,*,#4058,.T.);
#5434=ORIENTED_EDGE('',*,*,#4054,.F.);
#5435=ORIENTED_EDGE('',*,*,#4059,.F.);
#5436=ORIENTED_EDGE('',*,*,#4060,.T.);
#5437=ORIENTED_EDGE('',*,*,#4061,.T.);
#5438=ORIENTED_EDGE('',*,*,#4057,.F.);
#5439=ORIENTED_EDGE('',*,*,#4062,.F.);
#5440=ORIENTED_EDGE('',*,*,#4037,.T.);
#5441=ORIENTED_EDGE('',*,*,#4063,.T.);
#5442=ORIENTED_EDGE('',*,*,#4060,.F.);
#5443=ORIENTED_EDGE('',*,*,#4064,.F.);
#5444=ORIENTED_EDGE('',*,*,#4065,.T.);
#5445=ORIENTED_EDGE('',*,*,#4066,.T.);
#5446=ORIENTED_EDGE('',*,*,#4067,.F.);
#5447=ORIENTED_EDGE('',*,*,#4068,.F.);
#5448=ORIENTED_EDGE('',*,*,#4069,.T.);
#5449=ORIENTED_EDGE('',*,*,#4070,.T.);
#5450=ORIENTED_EDGE('',*,*,#4065,.F.);
#5451=ORIENTED_EDGE('',*,*,#4071,.F.);
#5452=ORIENTED_EDGE('',*,*,#4072,.T.);
#5453=ORIENTED_EDGE('',*,*,#4073,.T.);
#5454=ORIENTED_EDGE('',*,*,#4069,.F.);
#5455=ORIENTED_EDGE('',*,*,#4074,.F.);
#5456=ORIENTED_EDGE('',*,*,#4075,.T.);
#5457=ORIENTED_EDGE('',*,*,#4076,.T.);
#5458=ORIENTED_EDGE('',*,*,#4072,.F.);
#5459=ORIENTED_EDGE('',*,*,#4077,.F.);
#5460=ORIENTED_EDGE('',*,*,#4078,.T.);
#5461=ORIENTED_EDGE('',*,*,#4079,.T.);
#5462=ORIENTED_EDGE('',*,*,#4075,.F.);
#5463=ORIENTED_EDGE('',*,*,#4080,.F.);
#5464=ORIENTED_EDGE('',*,*,#4081,.T.);
#5465=ORIENTED_EDGE('',*,*,#4082,.T.);
#5466=ORIENTED_EDGE('',*,*,#4078,.F.);
#5467=ORIENTED_EDGE('',*,*,#4083,.F.);
#5468=ORIENTED_EDGE('',*,*,#4084,.T.);
#5469=ORIENTED_EDGE('',*,*,#4085,.T.);
#5470=ORIENTED_EDGE('',*,*,#4081,.F.);
#5471=ORIENTED_EDGE('',*,*,#4086,.F.);
#5472=ORIENTED_EDGE('',*,*,#4087,.T.);
#5473=ORIENTED_EDGE('',*,*,#4088,.T.);
#5474=ORIENTED_EDGE('',*,*,#4084,.F.);
#5475=ORIENTED_EDGE('',*,*,#4089,.F.);
#5476=ORIENTED_EDGE('',*,*,#4090,.T.);
#5477=ORIENTED_EDGE('',*,*,#4091,.T.);
#5478=ORIENTED_EDGE('',*,*,#4087,.F.);
#5479=ORIENTED_EDGE('',*,*,#4092,.F.);
#5480=ORIENTED_EDGE('',*,*,#4093,.T.);
#5481=ORIENTED_EDGE('',*,*,#4094,.T.);
#5482=ORIENTED_EDGE('',*,*,#4090,.F.);
#5483=ORIENTED_EDGE('',*,*,#4095,.F.);
#5484=ORIENTED_EDGE('',*,*,#4096,.T.);
#5485=ORIENTED_EDGE('',*,*,#4097,.T.);
#5486=ORIENTED_EDGE('',*,*,#4093,.F.);
#5487=ORIENTED_EDGE('',*,*,#4098,.F.);
#5488=ORIENTED_EDGE('',*,*,#4099,.T.);
#5489=ORIENTED_EDGE('',*,*,#4100,.T.);
#5490=ORIENTED_EDGE('',*,*,#4096,.F.);
#5491=ORIENTED_EDGE('',*,*,#4101,.F.);
#5492=ORIENTED_EDGE('',*,*,#4102,.T.);
#5493=ORIENTED_EDGE('',*,*,#4103,.T.);
#5494=ORIENTED_EDGE('',*,*,#4099,.F.);
#5495=ORIENTED_EDGE('',*,*,#4104,.F.);
#5496=ORIENTED_EDGE('',*,*,#4105,.T.);
#5497=ORIENTED_EDGE('',*,*,#4106,.T.);
#5498=ORIENTED_EDGE('',*,*,#4102,.F.);
#5499=ORIENTED_EDGE('',*,*,#4107,.F.);
#5500=ORIENTED_EDGE('',*,*,#4108,.T.);
#5501=ORIENTED_EDGE('',*,*,#4109,.T.);
#5502=ORIENTED_EDGE('',*,*,#4105,.F.);
#5503=ORIENTED_EDGE('',*,*,#4110,.F.);
#5504=ORIENTED_EDGE('',*,*,#4111,.T.);
#5505=ORIENTED_EDGE('',*,*,#4112,.T.);
#5506=ORIENTED_EDGE('',*,*,#4108,.F.);
#5507=ORIENTED_EDGE('',*,*,#4113,.F.);
#5508=ORIENTED_EDGE('',*,*,#4114,.T.);
#5509=ORIENTED_EDGE('',*,*,#4115,.T.);
#5510=ORIENTED_EDGE('',*,*,#4111,.F.);
#5511=ORIENTED_EDGE('',*,*,#4116,.F.);
#5512=ORIENTED_EDGE('',*,*,#4117,.T.);
#5513=ORIENTED_EDGE('',*,*,#4118,.T.);
#5514=ORIENTED_EDGE('',*,*,#4114,.F.);
#5515=ORIENTED_EDGE('',*,*,#4119,.F.);
#5516=ORIENTED_EDGE('',*,*,#4120,.T.);
#5517=ORIENTED_EDGE('',*,*,#4121,.T.);
#5518=ORIENTED_EDGE('',*,*,#4117,.F.);
#5519=ORIENTED_EDGE('',*,*,#4122,.F.);
#5520=ORIENTED_EDGE('',*,*,#4123,.T.);
#5521=ORIENTED_EDGE('',*,*,#4124,.T.);
#5522=ORIENTED_EDGE('',*,*,#4120,.F.);
#5523=ORIENTED_EDGE('',*,*,#4125,.F.);
#5524=ORIENTED_EDGE('',*,*,#4126,.T.);
#5525=ORIENTED_EDGE('',*,*,#4127,.T.);
#5526=ORIENTED_EDGE('',*,*,#4123,.F.);
#5527=ORIENTED_EDGE('',*,*,#4128,.F.);
#5528=ORIENTED_EDGE('',*,*,#4129,.T.);
#5529=ORIENTED_EDGE('',*,*,#4130,.T.);
#5530=ORIENTED_EDGE('',*,*,#4126,.F.);
#5531=ORIENTED_EDGE('',*,*,#4131,.F.);
#5532=ORIENTED_EDGE('',*,*,#4132,.T.);
#5533=ORIENTED_EDGE('',*,*,#4133,.T.);
#5534=ORIENTED_EDGE('',*,*,#4129,.F.);
#5535=ORIENTED_EDGE('',*,*,#4134,.F.);
#5536=ORIENTED_EDGE('',*,*,#4135,.T.);
#5537=ORIENTED_EDGE('',*,*,#4136,.T.);
#5538=ORIENTED_EDGE('',*,*,#4132,.F.);
#5539=ORIENTED_EDGE('',*,*,#4137,.F.);
#5540=ORIENTED_EDGE('',*,*,#4138,.T.);
#5541=ORIENTED_EDGE('',*,*,#4139,.T.);
#5542=ORIENTED_EDGE('',*,*,#4135,.F.);
#5543=ORIENTED_EDGE('',*,*,#4140,.F.);
#5544=ORIENTED_EDGE('',*,*,#4141,.T.);
#5545=ORIENTED_EDGE('',*,*,#4142,.T.);
#5546=ORIENTED_EDGE('',*,*,#4138,.F.);
#5547=ORIENTED_EDGE('',*,*,#4143,.F.);
#5548=ORIENTED_EDGE('',*,*,#4067,.T.);
#5549=ORIENTED_EDGE('',*,*,#4144,.T.);
#5550=ORIENTED_EDGE('',*,*,#4141,.F.);
#5551=ORIENTED_EDGE('',*,*,#4144,.F.);
#5552=ORIENTED_EDGE('',*,*,#4066,.F.);
#5553=ORIENTED_EDGE('',*,*,#4070,.F.);
#5554=ORIENTED_EDGE('',*,*,#4073,.F.);
#5555=ORIENTED_EDGE('',*,*,#4076,.F.);
#5556=ORIENTED_EDGE('',*,*,#4079,.F.);
#5557=ORIENTED_EDGE('',*,*,#4082,.F.);
#5558=ORIENTED_EDGE('',*,*,#4085,.F.);
#5559=ORIENTED_EDGE('',*,*,#4088,.F.);
#5560=ORIENTED_EDGE('',*,*,#4091,.F.);
#5561=ORIENTED_EDGE('',*,*,#4094,.F.);
#5562=ORIENTED_EDGE('',*,*,#4097,.F.);
#5563=ORIENTED_EDGE('',*,*,#4100,.F.);
#5564=ORIENTED_EDGE('',*,*,#4103,.F.);
#5565=ORIENTED_EDGE('',*,*,#4106,.F.);
#5566=ORIENTED_EDGE('',*,*,#4109,.F.);
#5567=ORIENTED_EDGE('',*,*,#4112,.F.);
#5568=ORIENTED_EDGE('',*,*,#4115,.F.);
#5569=ORIENTED_EDGE('',*,*,#4118,.F.);
#5570=ORIENTED_EDGE('',*,*,#4121,.F.);
#5571=ORIENTED_EDGE('',*,*,#4124,.F.);
#5572=ORIENTED_EDGE('',*,*,#4127,.F.);
#5573=ORIENTED_EDGE('',*,*,#4130,.F.);
#5574=ORIENTED_EDGE('',*,*,#4133,.F.);
#5575=ORIENTED_EDGE('',*,*,#4136,.F.);
#5576=ORIENTED_EDGE('',*,*,#4139,.F.);
#5577=ORIENTED_EDGE('',*,*,#4142,.F.);
#5578=ORIENTED_EDGE('',*,*,#4063,.F.);
#5579=ORIENTED_EDGE('',*,*,#4036,.F.);
#5580=ORIENTED_EDGE('',*,*,#4040,.F.);
#5581=ORIENTED_EDGE('',*,*,#4043,.F.);
#5582=ORIENTED_EDGE('',*,*,#4046,.F.);
#5583=ORIENTED_EDGE('',*,*,#4049,.F.);
#5584=ORIENTED_EDGE('',*,*,#4052,.F.);
#5585=ORIENTED_EDGE('',*,*,#4055,.F.);
#5586=ORIENTED_EDGE('',*,*,#4058,.F.);
#5587=ORIENTED_EDGE('',*,*,#4061,.F.);
#5588=ORIENTED_EDGE('',*,*,#4145,.F.);
#5589=ORIENTED_EDGE('',*,*,#4146,.T.);
#5590=ORIENTED_EDGE('',*,*,#4147,.T.);
#5591=ORIENTED_EDGE('',*,*,#4148,.F.);
#5592=ORIENTED_EDGE('',*,*,#4149,.F.);
#5593=ORIENTED_EDGE('',*,*,#4150,.T.);
#5594=ORIENTED_EDGE('',*,*,#4151,.T.);
#5595=ORIENTED_EDGE('',*,*,#4146,.F.);
#5596=ORIENTED_EDGE('',*,*,#4152,.F.);
#5597=ORIENTED_EDGE('',*,*,#4153,.T.);
#5598=ORIENTED_EDGE('',*,*,#4154,.T.);
#5599=ORIENTED_EDGE('',*,*,#4150,.F.);
#5600=ORIENTED_EDGE('',*,*,#4155,.F.);
#5601=ORIENTED_EDGE('',*,*,#4156,.T.);
#5602=ORIENTED_EDGE('',*,*,#4157,.T.);
#5603=ORIENTED_EDGE('',*,*,#4153,.F.);
#5604=ORIENTED_EDGE('',*,*,#4158,.F.);
#5605=ORIENTED_EDGE('',*,*,#4159,.T.);
#5606=ORIENTED_EDGE('',*,*,#4160,.T.);
#5607=ORIENTED_EDGE('',*,*,#4156,.F.);
#5608=ORIENTED_EDGE('',*,*,#4161,.F.);
#5609=ORIENTED_EDGE('',*,*,#4162,.T.);
#5610=ORIENTED_EDGE('',*,*,#4163,.T.);
#5611=ORIENTED_EDGE('',*,*,#4159,.F.);
#5612=ORIENTED_EDGE('',*,*,#4164,.F.);
#5613=ORIENTED_EDGE('',*,*,#4165,.T.);
#5614=ORIENTED_EDGE('',*,*,#4166,.T.);
#5615=ORIENTED_EDGE('',*,*,#4162,.F.);
#5616=ORIENTED_EDGE('',*,*,#4167,.F.);
#5617=ORIENTED_EDGE('',*,*,#4168,.T.);
#5618=ORIENTED_EDGE('',*,*,#4169,.T.);
#5619=ORIENTED_EDGE('',*,*,#4165,.F.);
#5620=ORIENTED_EDGE('',*,*,#4170,.F.);
#5621=ORIENTED_EDGE('',*,*,#4171,.T.);
#5622=ORIENTED_EDGE('',*,*,#4172,.T.);
#5623=ORIENTED_EDGE('',*,*,#4168,.F.);
#5624=ORIENTED_EDGE('',*,*,#4173,.F.);
#5625=ORIENTED_EDGE('',*,*,#4174,.T.);
#5626=ORIENTED_EDGE('',*,*,#4175,.T.);
#5627=ORIENTED_EDGE('',*,*,#4171,.F.);
#5628=ORIENTED_EDGE('',*,*,#4176,.F.);
#5629=ORIENTED_EDGE('',*,*,#4177,.T.);
#5630=ORIENTED_EDGE('',*,*,#4178,.T.);
#5631=ORIENTED_EDGE('',*,*,#4174,.F.);
#5632=ORIENTED_EDGE('',*,*,#4179,.F.);
#5633=ORIENTED_EDGE('',*,*,#4180,.T.);
#5634=ORIENTED_EDGE('',*,*,#4181,.T.);
#5635=ORIENTED_EDGE('',*,*,#4177,.F.);
#5636=ORIENTED_EDGE('',*,*,#4182,.F.);
#5637=ORIENTED_EDGE('',*,*,#4148,.T.);
#5638=ORIENTED_EDGE('',*,*,#4183,.T.);
#5639=ORIENTED_EDGE('',*,*,#4180,.F.);
#5640=ORIENTED_EDGE('',*,*,#4183,.F.);
#5641=ORIENTED_EDGE('',*,*,#4147,.F.);
#5642=ORIENTED_EDGE('',*,*,#4151,.F.);
#5643=ORIENTED_EDGE('',*,*,#4154,.F.);
#5644=ORIENTED_EDGE('',*,*,#4157,.F.);
#5645=ORIENTED_EDGE('',*,*,#4160,.F.);
#5646=ORIENTED_EDGE('',*,*,#4163,.F.);
#5647=ORIENTED_EDGE('',*,*,#4166,.F.);
#5648=ORIENTED_EDGE('',*,*,#4169,.F.);
#5649=ORIENTED_EDGE('',*,*,#4172,.F.);
#5650=ORIENTED_EDGE('',*,*,#4175,.F.);
#5651=ORIENTED_EDGE('',*,*,#4178,.F.);
#5652=ORIENTED_EDGE('',*,*,#4181,.F.);
#5653=ORIENTED_EDGE('',*,*,#4184,.F.);
#5654=ORIENTED_EDGE('',*,*,#4185,.T.);
#5655=ORIENTED_EDGE('',*,*,#4186,.T.);
#5656=ORIENTED_EDGE('',*,*,#4187,.F.);
#5657=ORIENTED_EDGE('',*,*,#4188,.F.);
#5658=ORIENTED_EDGE('',*,*,#4189,.T.);
#5659=ORIENTED_EDGE('',*,*,#4190,.T.);
#5660=ORIENTED_EDGE('',*,*,#4185,.F.);
#5661=ORIENTED_EDGE('',*,*,#4191,.F.);
#5662=ORIENTED_EDGE('',*,*,#4192,.T.);
#5663=ORIENTED_EDGE('',*,*,#4193,.T.);
#5664=ORIENTED_EDGE('',*,*,#4189,.F.);
#5665=ORIENTED_EDGE('',*,*,#4194,.F.);
#5666=ORIENTED_EDGE('',*,*,#4195,.T.);
#5667=ORIENTED_EDGE('',*,*,#4196,.T.);
#5668=ORIENTED_EDGE('',*,*,#4192,.F.);
#5669=ORIENTED_EDGE('',*,*,#4197,.F.);
#5670=ORIENTED_EDGE('',*,*,#4198,.T.);
#5671=ORIENTED_EDGE('',*,*,#4199,.T.);
#5672=ORIENTED_EDGE('',*,*,#4195,.F.);
#5673=ORIENTED_EDGE('',*,*,#4200,.F.);
#5674=ORIENTED_EDGE('',*,*,#4201,.T.);
#5675=ORIENTED_EDGE('',*,*,#4202,.T.);
#5676=ORIENTED_EDGE('',*,*,#4198,.F.);
#5677=ORIENTED_EDGE('',*,*,#4203,.F.);
#5678=ORIENTED_EDGE('',*,*,#4204,.T.);
#5679=ORIENTED_EDGE('',*,*,#4205,.T.);
#5680=ORIENTED_EDGE('',*,*,#4201,.F.);
#5681=ORIENTED_EDGE('',*,*,#4206,.F.);
#5682=ORIENTED_EDGE('',*,*,#4187,.T.);
#5683=ORIENTED_EDGE('',*,*,#4207,.T.);
#5684=ORIENTED_EDGE('',*,*,#4204,.F.);
#5685=ORIENTED_EDGE('',*,*,#4208,.F.);
#5686=ORIENTED_EDGE('',*,*,#4209,.T.);
#5687=ORIENTED_EDGE('',*,*,#4210,.T.);
#5688=ORIENTED_EDGE('',*,*,#4211,.F.);
#5689=ORIENTED_EDGE('',*,*,#4212,.F.);
#5690=ORIENTED_EDGE('',*,*,#4213,.T.);
#5691=ORIENTED_EDGE('',*,*,#4214,.T.);
#5692=ORIENTED_EDGE('',*,*,#4209,.F.);
#5693=ORIENTED_EDGE('',*,*,#4215,.F.);
#5694=ORIENTED_EDGE('',*,*,#4216,.T.);
#5695=ORIENTED_EDGE('',*,*,#4217,.T.);
#5696=ORIENTED_EDGE('',*,*,#4213,.F.);
#5697=ORIENTED_EDGE('',*,*,#4218,.F.);
#5698=ORIENTED_EDGE('',*,*,#4219,.T.);
#5699=ORIENTED_EDGE('',*,*,#4220,.T.);
#5700=ORIENTED_EDGE('',*,*,#4216,.F.);
#5701=ORIENTED_EDGE('',*,*,#4221,.F.);
#5702=ORIENTED_EDGE('',*,*,#4222,.T.);
#5703=ORIENTED_EDGE('',*,*,#4223,.T.);
#5704=ORIENTED_EDGE('',*,*,#4219,.F.);
#5705=ORIENTED_EDGE('',*,*,#4224,.F.);
#5706=ORIENTED_EDGE('',*,*,#4225,.T.);
#5707=ORIENTED_EDGE('',*,*,#4226,.T.);
#5708=ORIENTED_EDGE('',*,*,#4222,.F.);
#5709=ORIENTED_EDGE('',*,*,#4227,.F.);
#5710=ORIENTED_EDGE('',*,*,#4228,.T.);
#5711=ORIENTED_EDGE('',*,*,#4229,.T.);
#5712=ORIENTED_EDGE('',*,*,#4225,.F.);
#5713=ORIENTED_EDGE('',*,*,#4230,.F.);
#5714=ORIENTED_EDGE('',*,*,#4231,.T.);
#5715=ORIENTED_EDGE('',*,*,#4232,.T.);
#5716=ORIENTED_EDGE('',*,*,#4228,.F.);
#5717=ORIENTED_EDGE('',*,*,#4233,.F.);
#5718=ORIENTED_EDGE('',*,*,#4211,.T.);
#5719=ORIENTED_EDGE('',*,*,#4234,.T.);
#5720=ORIENTED_EDGE('',*,*,#4231,.F.);
#5721=ORIENTED_EDGE('',*,*,#4234,.F.);
#5722=ORIENTED_EDGE('',*,*,#4210,.F.);
#5723=ORIENTED_EDGE('',*,*,#4214,.F.);
#5724=ORIENTED_EDGE('',*,*,#4217,.F.);
#5725=ORIENTED_EDGE('',*,*,#4220,.F.);
#5726=ORIENTED_EDGE('',*,*,#4223,.F.);
#5727=ORIENTED_EDGE('',*,*,#4226,.F.);
#5728=ORIENTED_EDGE('',*,*,#4229,.F.);
#5729=ORIENTED_EDGE('',*,*,#4232,.F.);
#5730=ORIENTED_EDGE('',*,*,#4207,.F.);
#5731=ORIENTED_EDGE('',*,*,#4186,.F.);
#5732=ORIENTED_EDGE('',*,*,#4190,.F.);
#5733=ORIENTED_EDGE('',*,*,#4193,.F.);
#5734=ORIENTED_EDGE('',*,*,#4196,.F.);
#5735=ORIENTED_EDGE('',*,*,#4199,.F.);
#5736=ORIENTED_EDGE('',*,*,#4202,.F.);
#5737=ORIENTED_EDGE('',*,*,#4205,.F.);
#5738=ORIENTED_EDGE('',*,*,#4235,.F.);
#5739=ORIENTED_EDGE('',*,*,#4236,.T.);
#5740=ORIENTED_EDGE('',*,*,#4237,.T.);
#5741=ORIENTED_EDGE('',*,*,#4238,.F.);
#5742=ORIENTED_EDGE('',*,*,#4239,.F.);
#5743=ORIENTED_EDGE('',*,*,#4240,.T.);
#5744=ORIENTED_EDGE('',*,*,#4241,.T.);
#5745=ORIENTED_EDGE('',*,*,#4236,.F.);
#5746=ORIENTED_EDGE('',*,*,#4242,.F.);
#5747=ORIENTED_EDGE('',*,*,#4243,.T.);
#5748=ORIENTED_EDGE('',*,*,#4244,.T.);
#5749=ORIENTED_EDGE('',*,*,#4240,.F.);
#5750=ORIENTED_EDGE('',*,*,#4245,.F.);
#5751=ORIENTED_EDGE('',*,*,#4246,.T.);
#5752=ORIENTED_EDGE('',*,*,#4247,.T.);
#5753=ORIENTED_EDGE('',*,*,#4243,.F.);
#5754=ORIENTED_EDGE('',*,*,#4248,.F.);
#5755=ORIENTED_EDGE('',*,*,#4249,.T.);
#5756=ORIENTED_EDGE('',*,*,#4250,.T.);
#5757=ORIENTED_EDGE('',*,*,#4246,.F.);
#5758=ORIENTED_EDGE('',*,*,#4251,.F.);
#5759=ORIENTED_EDGE('',*,*,#4252,.T.);
#5760=ORIENTED_EDGE('',*,*,#4253,.T.);
#5761=ORIENTED_EDGE('',*,*,#4249,.F.);
#5762=ORIENTED_EDGE('',*,*,#4254,.F.);
#5763=ORIENTED_EDGE('',*,*,#4255,.T.);
#5764=ORIENTED_EDGE('',*,*,#4256,.T.);
#5765=ORIENTED_EDGE('',*,*,#4252,.F.);
#5766=ORIENTED_EDGE('',*,*,#4257,.F.);
#5767=ORIENTED_EDGE('',*,*,#4238,.T.);
#5768=ORIENTED_EDGE('',*,*,#4258,.T.);
#5769=ORIENTED_EDGE('',*,*,#4255,.F.);
#5770=ORIENTED_EDGE('',*,*,#4259,.F.);
#5771=ORIENTED_EDGE('',*,*,#4260,.T.);
#5772=ORIENTED_EDGE('',*,*,#4261,.T.);
#5773=ORIENTED_EDGE('',*,*,#4262,.F.);
#5774=ORIENTED_EDGE('',*,*,#4263,.F.);
#5775=ORIENTED_EDGE('',*,*,#4264,.T.);
#5776=ORIENTED_EDGE('',*,*,#4265,.T.);
#5777=ORIENTED_EDGE('',*,*,#4260,.F.);
#5778=ORIENTED_EDGE('',*,*,#4266,.F.);
#5779=ORIENTED_EDGE('',*,*,#4267,.T.);
#5780=ORIENTED_EDGE('',*,*,#4268,.T.);
#5781=ORIENTED_EDGE('',*,*,#4264,.F.);
#5782=ORIENTED_EDGE('',*,*,#4269,.F.);
#5783=ORIENTED_EDGE('',*,*,#4270,.T.);
#5784=ORIENTED_EDGE('',*,*,#4271,.T.);
#5785=ORIENTED_EDGE('',*,*,#4267,.F.);
#5786=ORIENTED_EDGE('',*,*,#4272,.F.);
#5787=ORIENTED_EDGE('',*,*,#4273,.T.);
#5788=ORIENTED_EDGE('',*,*,#4274,.T.);
#5789=ORIENTED_EDGE('',*,*,#4270,.F.);
#5790=ORIENTED_EDGE('',*,*,#4275,.F.);
#5791=ORIENTED_EDGE('',*,*,#4276,.T.);
#5792=ORIENTED_EDGE('',*,*,#4277,.T.);
#5793=ORIENTED_EDGE('',*,*,#4273,.F.);
#5794=ORIENTED_EDGE('',*,*,#4278,.F.);
#5795=ORIENTED_EDGE('',*,*,#4279,.T.);
#5796=ORIENTED_EDGE('',*,*,#4280,.T.);
#5797=ORIENTED_EDGE('',*,*,#4276,.F.);
#5798=ORIENTED_EDGE('',*,*,#4281,.F.);
#5799=ORIENTED_EDGE('',*,*,#4282,.T.);
#5800=ORIENTED_EDGE('',*,*,#4283,.T.);
#5801=ORIENTED_EDGE('',*,*,#4279,.F.);
#5802=ORIENTED_EDGE('',*,*,#4284,.F.);
#5803=ORIENTED_EDGE('',*,*,#4262,.T.);
#5804=ORIENTED_EDGE('',*,*,#4285,.T.);
#5805=ORIENTED_EDGE('',*,*,#4282,.F.);
#5806=ORIENTED_EDGE('',*,*,#4285,.F.);
#5807=ORIENTED_EDGE('',*,*,#4261,.F.);
#5808=ORIENTED_EDGE('',*,*,#4265,.F.);
#5809=ORIENTED_EDGE('',*,*,#4268,.F.);
#5810=ORIENTED_EDGE('',*,*,#4271,.F.);
#5811=ORIENTED_EDGE('',*,*,#4274,.F.);
#5812=ORIENTED_EDGE('',*,*,#4277,.F.);
#5813=ORIENTED_EDGE('',*,*,#4280,.F.);
#5814=ORIENTED_EDGE('',*,*,#4283,.F.);
#5815=ORIENTED_EDGE('',*,*,#4258,.F.);
#5816=ORIENTED_EDGE('',*,*,#4237,.F.);
#5817=ORIENTED_EDGE('',*,*,#4241,.F.);
#5818=ORIENTED_EDGE('',*,*,#4244,.F.);
#5819=ORIENTED_EDGE('',*,*,#4247,.F.);
#5820=ORIENTED_EDGE('',*,*,#4250,.F.);
#5821=ORIENTED_EDGE('',*,*,#4253,.F.);
#5822=ORIENTED_EDGE('',*,*,#4256,.F.);
#5823=ORIENTED_EDGE('',*,*,#4286,.F.);
#5824=ORIENTED_EDGE('',*,*,#4287,.T.);
#5825=ORIENTED_EDGE('',*,*,#4288,.T.);
#5826=ORIENTED_EDGE('',*,*,#4289,.F.);
#5827=ORIENTED_EDGE('',*,*,#4290,.F.);
#5828=ORIENTED_EDGE('',*,*,#4291,.T.);
#5829=ORIENTED_EDGE('',*,*,#4292,.T.);
#5830=ORIENTED_EDGE('',*,*,#4287,.F.);
#5831=ORIENTED_EDGE('',*,*,#4293,.F.);
#5832=ORIENTED_EDGE('',*,*,#4294,.T.);
#5833=ORIENTED_EDGE('',*,*,#4295,.T.);
#5834=ORIENTED_EDGE('',*,*,#4291,.F.);
#5835=ORIENTED_EDGE('',*,*,#4296,.F.);
#5836=ORIENTED_EDGE('',*,*,#4297,.T.);
#5837=ORIENTED_EDGE('',*,*,#4298,.T.);
#5838=ORIENTED_EDGE('',*,*,#4294,.F.);
#5839=ORIENTED_EDGE('',*,*,#4299,.F.);
#5840=ORIENTED_EDGE('',*,*,#4300,.T.);
#5841=ORIENTED_EDGE('',*,*,#4301,.T.);
#5842=ORIENTED_EDGE('',*,*,#4297,.F.);
#5843=ORIENTED_EDGE('',*,*,#4302,.F.);
#5844=ORIENTED_EDGE('',*,*,#4303,.T.);
#5845=ORIENTED_EDGE('',*,*,#4304,.T.);
#5846=ORIENTED_EDGE('',*,*,#4300,.F.);
#5847=ORIENTED_EDGE('',*,*,#4305,.F.);
#5848=ORIENTED_EDGE('',*,*,#4306,.T.);
#5849=ORIENTED_EDGE('',*,*,#4307,.T.);
#5850=ORIENTED_EDGE('',*,*,#4303,.F.);
#5851=ORIENTED_EDGE('',*,*,#4308,.F.);
#5852=ORIENTED_EDGE('',*,*,#4309,.T.);
#5853=ORIENTED_EDGE('',*,*,#4310,.T.);
#5854=ORIENTED_EDGE('',*,*,#4306,.F.);
#5855=ORIENTED_EDGE('',*,*,#4311,.F.);
#5856=ORIENTED_EDGE('',*,*,#4312,.T.);
#5857=ORIENTED_EDGE('',*,*,#4313,.T.);
#5858=ORIENTED_EDGE('',*,*,#4309,.F.);
#5859=ORIENTED_EDGE('',*,*,#4314,.F.);
#5860=ORIENTED_EDGE('',*,*,#4315,.T.);
#5861=ORIENTED_EDGE('',*,*,#4316,.T.);
#5862=ORIENTED_EDGE('',*,*,#4312,.F.);
#5863=ORIENTED_EDGE('',*,*,#4317,.F.);
#5864=ORIENTED_EDGE('',*,*,#4318,.T.);
#5865=ORIENTED_EDGE('',*,*,#4319,.T.);
#5866=ORIENTED_EDGE('',*,*,#4315,.F.);
#5867=ORIENTED_EDGE('',*,*,#4320,.F.);
#5868=ORIENTED_EDGE('',*,*,#4321,.T.);
#5869=ORIENTED_EDGE('',*,*,#4322,.T.);
#5870=ORIENTED_EDGE('',*,*,#4318,.F.);
#5871=ORIENTED_EDGE('',*,*,#4323,.F.);
#5872=ORIENTED_EDGE('',*,*,#4324,.T.);
#5873=ORIENTED_EDGE('',*,*,#4325,.T.);
#5874=ORIENTED_EDGE('',*,*,#4321,.F.);
#5875=ORIENTED_EDGE('',*,*,#4326,.F.);
#5876=ORIENTED_EDGE('',*,*,#4327,.T.);
#5877=ORIENTED_EDGE('',*,*,#4328,.T.);
#5878=ORIENTED_EDGE('',*,*,#4324,.F.);
#5879=ORIENTED_EDGE('',*,*,#4329,.F.);
#5880=ORIENTED_EDGE('',*,*,#4330,.T.);
#5881=ORIENTED_EDGE('',*,*,#4331,.T.);
#5882=ORIENTED_EDGE('',*,*,#4327,.F.);
#5883=ORIENTED_EDGE('',*,*,#4332,.F.);
#5884=ORIENTED_EDGE('',*,*,#4333,.T.);
#5885=ORIENTED_EDGE('',*,*,#4334,.T.);
#5886=ORIENTED_EDGE('',*,*,#4330,.F.);
#5887=ORIENTED_EDGE('',*,*,#4335,.F.);
#5888=ORIENTED_EDGE('',*,*,#4336,.T.);
#5889=ORIENTED_EDGE('',*,*,#4337,.T.);
#5890=ORIENTED_EDGE('',*,*,#4333,.F.);
#5891=ORIENTED_EDGE('',*,*,#4338,.F.);
#5892=ORIENTED_EDGE('',*,*,#4339,.T.);
#5893=ORIENTED_EDGE('',*,*,#4340,.T.);
#5894=ORIENTED_EDGE('',*,*,#4336,.F.);
#5895=ORIENTED_EDGE('',*,*,#4341,.F.);
#5896=ORIENTED_EDGE('',*,*,#4289,.T.);
#5897=ORIENTED_EDGE('',*,*,#4342,.T.);
#5898=ORIENTED_EDGE('',*,*,#4339,.F.);
#5899=ORIENTED_EDGE('',*,*,#4342,.F.);
#5900=ORIENTED_EDGE('',*,*,#4288,.F.);
#5901=ORIENTED_EDGE('',*,*,#4292,.F.);
#5902=ORIENTED_EDGE('',*,*,#4295,.F.);
#5903=ORIENTED_EDGE('',*,*,#4298,.F.);
#5904=ORIENTED_EDGE('',*,*,#4301,.F.);
#5905=ORIENTED_EDGE('',*,*,#4304,.F.);
#5906=ORIENTED_EDGE('',*,*,#4307,.F.);
#5907=ORIENTED_EDGE('',*,*,#4310,.F.);
#5908=ORIENTED_EDGE('',*,*,#4313,.F.);
#5909=ORIENTED_EDGE('',*,*,#4316,.F.);
#5910=ORIENTED_EDGE('',*,*,#4319,.F.);
#5911=ORIENTED_EDGE('',*,*,#4322,.F.);
#5912=ORIENTED_EDGE('',*,*,#4325,.F.);
#5913=ORIENTED_EDGE('',*,*,#4328,.F.);
#5914=ORIENTED_EDGE('',*,*,#4331,.F.);
#5915=ORIENTED_EDGE('',*,*,#4334,.F.);
#5916=ORIENTED_EDGE('',*,*,#4337,.F.);
#5917=ORIENTED_EDGE('',*,*,#4340,.F.);
#5918=ORIENTED_EDGE('',*,*,#4343,.F.);
#5919=ORIENTED_EDGE('',*,*,#4344,.T.);
#5920=ORIENTED_EDGE('',*,*,#4345,.T.);
#5921=ORIENTED_EDGE('',*,*,#4346,.F.);
#5922=ORIENTED_EDGE('',*,*,#4347,.F.);
#5923=ORIENTED_EDGE('',*,*,#4348,.T.);
#5924=ORIENTED_EDGE('',*,*,#4349,.T.);
#5925=ORIENTED_EDGE('',*,*,#4344,.F.);
#5926=ORIENTED_EDGE('',*,*,#4350,.F.);
#5927=ORIENTED_EDGE('',*,*,#4351,.T.);
#5928=ORIENTED_EDGE('',*,*,#4352,.T.);
#5929=ORIENTED_EDGE('',*,*,#4348,.F.);
#5930=ORIENTED_EDGE('',*,*,#4353,.F.);
#5931=ORIENTED_EDGE('',*,*,#4354,.T.);
#5932=ORIENTED_EDGE('',*,*,#4355,.T.);
#5933=ORIENTED_EDGE('',*,*,#4351,.F.);
#5934=ORIENTED_EDGE('',*,*,#4356,.F.);
#5935=ORIENTED_EDGE('',*,*,#4357,.T.);
#5936=ORIENTED_EDGE('',*,*,#4358,.T.);
#5937=ORIENTED_EDGE('',*,*,#4354,.F.);
#5938=ORIENTED_EDGE('',*,*,#4359,.F.);
#5939=ORIENTED_EDGE('',*,*,#4360,.T.);
#5940=ORIENTED_EDGE('',*,*,#4361,.T.);
#5941=ORIENTED_EDGE('',*,*,#4357,.F.);
#5942=ORIENTED_EDGE('',*,*,#4362,.F.);
#5943=ORIENTED_EDGE('',*,*,#4363,.T.);
#5944=ORIENTED_EDGE('',*,*,#4364,.T.);
#5945=ORIENTED_EDGE('',*,*,#4360,.F.);
#5946=ORIENTED_EDGE('',*,*,#4365,.F.);
#5947=ORIENTED_EDGE('',*,*,#4366,.T.);
#5948=ORIENTED_EDGE('',*,*,#4367,.T.);
#5949=ORIENTED_EDGE('',*,*,#4363,.F.);
#5950=ORIENTED_EDGE('',*,*,#4368,.F.);
#5951=ORIENTED_EDGE('',*,*,#4369,.T.);
#5952=ORIENTED_EDGE('',*,*,#4370,.T.);
#5953=ORIENTED_EDGE('',*,*,#4366,.F.);
#5954=ORIENTED_EDGE('',*,*,#4371,.F.);
#5955=ORIENTED_EDGE('',*,*,#4346,.T.);
#5956=ORIENTED_EDGE('',*,*,#4372,.T.);
#5957=ORIENTED_EDGE('',*,*,#4369,.F.);
#5958=ORIENTED_EDGE('',*,*,#4373,.F.);
#5959=ORIENTED_EDGE('',*,*,#4374,.T.);
#5960=ORIENTED_EDGE('',*,*,#4375,.T.);
#5961=ORIENTED_EDGE('',*,*,#4376,.F.);
#5962=ORIENTED_EDGE('',*,*,#4377,.F.);
#5963=ORIENTED_EDGE('',*,*,#4378,.T.);
#5964=ORIENTED_EDGE('',*,*,#4379,.T.);
#5965=ORIENTED_EDGE('',*,*,#4374,.F.);
#5966=ORIENTED_EDGE('',*,*,#4380,.F.);
#5967=ORIENTED_EDGE('',*,*,#4381,.T.);
#5968=ORIENTED_EDGE('',*,*,#4382,.T.);
#5969=ORIENTED_EDGE('',*,*,#4378,.F.);
#5970=ORIENTED_EDGE('',*,*,#4383,.F.);
#5971=ORIENTED_EDGE('',*,*,#4384,.T.);
#5972=ORIENTED_EDGE('',*,*,#4385,.T.);
#5973=ORIENTED_EDGE('',*,*,#4381,.F.);
#5974=ORIENTED_EDGE('',*,*,#4386,.F.);
#5975=ORIENTED_EDGE('',*,*,#4387,.T.);
#5976=ORIENTED_EDGE('',*,*,#4388,.T.);
#5977=ORIENTED_EDGE('',*,*,#4384,.F.);
#5978=ORIENTED_EDGE('',*,*,#4389,.F.);
#5979=ORIENTED_EDGE('',*,*,#4390,.T.);
#5980=ORIENTED_EDGE('',*,*,#4391,.T.);
#5981=ORIENTED_EDGE('',*,*,#4387,.F.);
#5982=ORIENTED_EDGE('',*,*,#4392,.F.);
#5983=ORIENTED_EDGE('',*,*,#4393,.T.);
#5984=ORIENTED_EDGE('',*,*,#4394,.T.);
#5985=ORIENTED_EDGE('',*,*,#4390,.F.);
#5986=ORIENTED_EDGE('',*,*,#4395,.F.);
#5987=ORIENTED_EDGE('',*,*,#4396,.T.);
#5988=ORIENTED_EDGE('',*,*,#4397,.T.);
#5989=ORIENTED_EDGE('',*,*,#4393,.F.);
#5990=ORIENTED_EDGE('',*,*,#4398,.F.);
#5991=ORIENTED_EDGE('',*,*,#4399,.T.);
#5992=ORIENTED_EDGE('',*,*,#4400,.T.);
#5993=ORIENTED_EDGE('',*,*,#4396,.F.);
#5994=ORIENTED_EDGE('',*,*,#4401,.F.);
#5995=ORIENTED_EDGE('',*,*,#4402,.T.);
#5996=ORIENTED_EDGE('',*,*,#4403,.T.);
#5997=ORIENTED_EDGE('',*,*,#4399,.F.);
#5998=ORIENTED_EDGE('',*,*,#4404,.F.);
#5999=ORIENTED_EDGE('',*,*,#4405,.T.);
#6000=ORIENTED_EDGE('',*,*,#4406,.T.);
#6001=ORIENTED_EDGE('',*,*,#4402,.F.);
#6002=ORIENTED_EDGE('',*,*,#4407,.F.);
#6003=ORIENTED_EDGE('',*,*,#4408,.T.);
#6004=ORIENTED_EDGE('',*,*,#4409,.T.);
#6005=ORIENTED_EDGE('',*,*,#4405,.F.);
#6006=ORIENTED_EDGE('',*,*,#4410,.F.);
#6007=ORIENTED_EDGE('',*,*,#4411,.T.);
#6008=ORIENTED_EDGE('',*,*,#4412,.T.);
#6009=ORIENTED_EDGE('',*,*,#4408,.F.);
#6010=ORIENTED_EDGE('',*,*,#4413,.F.);
#6011=ORIENTED_EDGE('',*,*,#4414,.T.);
#6012=ORIENTED_EDGE('',*,*,#4415,.T.);
#6013=ORIENTED_EDGE('',*,*,#4411,.F.);
#6014=ORIENTED_EDGE('',*,*,#4416,.F.);
#6015=ORIENTED_EDGE('',*,*,#4417,.T.);
#6016=ORIENTED_EDGE('',*,*,#4418,.T.);
#6017=ORIENTED_EDGE('',*,*,#4414,.F.);
#6018=ORIENTED_EDGE('',*,*,#4419,.F.);
#6019=ORIENTED_EDGE('',*,*,#4420,.T.);
#6020=ORIENTED_EDGE('',*,*,#4421,.T.);
#6021=ORIENTED_EDGE('',*,*,#4417,.F.);
#6022=ORIENTED_EDGE('',*,*,#4422,.F.);
#6023=ORIENTED_EDGE('',*,*,#4423,.T.);
#6024=ORIENTED_EDGE('',*,*,#4424,.T.);
#6025=ORIENTED_EDGE('',*,*,#4420,.F.);
#6026=ORIENTED_EDGE('',*,*,#4425,.F.);
#6027=ORIENTED_EDGE('',*,*,#4426,.T.);
#6028=ORIENTED_EDGE('',*,*,#4427,.T.);
#6029=ORIENTED_EDGE('',*,*,#4423,.F.);
#6030=ORIENTED_EDGE('',*,*,#4428,.F.);
#6031=ORIENTED_EDGE('',*,*,#4429,.T.);
#6032=ORIENTED_EDGE('',*,*,#4430,.T.);
#6033=ORIENTED_EDGE('',*,*,#4426,.F.);
#6034=ORIENTED_EDGE('',*,*,#4431,.F.);
#6035=ORIENTED_EDGE('',*,*,#4432,.T.);
#6036=ORIENTED_EDGE('',*,*,#4433,.T.);
#6037=ORIENTED_EDGE('',*,*,#4429,.F.);
#6038=ORIENTED_EDGE('',*,*,#4434,.F.);
#6039=ORIENTED_EDGE('',*,*,#4435,.T.);
#6040=ORIENTED_EDGE('',*,*,#4436,.T.);
#6041=ORIENTED_EDGE('',*,*,#4432,.F.);
#6042=ORIENTED_EDGE('',*,*,#4437,.F.);
#6043=ORIENTED_EDGE('',*,*,#4438,.T.);
#6044=ORIENTED_EDGE('',*,*,#4439,.T.);
#6045=ORIENTED_EDGE('',*,*,#4435,.F.);
#6046=ORIENTED_EDGE('',*,*,#4440,.F.);
#6047=ORIENTED_EDGE('',*,*,#4441,.T.);
#6048=ORIENTED_EDGE('',*,*,#4442,.T.);
#6049=ORIENTED_EDGE('',*,*,#4438,.F.);
#6050=ORIENTED_EDGE('',*,*,#4443,.F.);
#6051=ORIENTED_EDGE('',*,*,#4444,.T.);
#6052=ORIENTED_EDGE('',*,*,#4445,.T.);
#6053=ORIENTED_EDGE('',*,*,#4441,.F.);
#6054=ORIENTED_EDGE('',*,*,#4446,.F.);
#6055=ORIENTED_EDGE('',*,*,#4447,.T.);
#6056=ORIENTED_EDGE('',*,*,#4448,.T.);
#6057=ORIENTED_EDGE('',*,*,#4444,.F.);
#6058=ORIENTED_EDGE('',*,*,#4449,.F.);
#6059=ORIENTED_EDGE('',*,*,#4450,.T.);
#6060=ORIENTED_EDGE('',*,*,#4451,.T.);
#6061=ORIENTED_EDGE('',*,*,#4447,.F.);
#6062=ORIENTED_EDGE('',*,*,#4452,.F.);
#6063=ORIENTED_EDGE('',*,*,#4376,.T.);
#6064=ORIENTED_EDGE('',*,*,#4453,.T.);
#6065=ORIENTED_EDGE('',*,*,#4450,.F.);
#6066=ORIENTED_EDGE('',*,*,#4453,.F.);
#6067=ORIENTED_EDGE('',*,*,#4375,.F.);
#6068=ORIENTED_EDGE('',*,*,#4379,.F.);
#6069=ORIENTED_EDGE('',*,*,#4382,.F.);
#6070=ORIENTED_EDGE('',*,*,#4385,.F.);
#6071=ORIENTED_EDGE('',*,*,#4388,.F.);
#6072=ORIENTED_EDGE('',*,*,#4391,.F.);
#6073=ORIENTED_EDGE('',*,*,#4394,.F.);
#6074=ORIENTED_EDGE('',*,*,#4397,.F.);
#6075=ORIENTED_EDGE('',*,*,#4400,.F.);
#6076=ORIENTED_EDGE('',*,*,#4403,.F.);
#6077=ORIENTED_EDGE('',*,*,#4406,.F.);
#6078=ORIENTED_EDGE('',*,*,#4409,.F.);
#6079=ORIENTED_EDGE('',*,*,#4412,.F.);
#6080=ORIENTED_EDGE('',*,*,#4415,.F.);
#6081=ORIENTED_EDGE('',*,*,#4418,.F.);
#6082=ORIENTED_EDGE('',*,*,#4421,.F.);
#6083=ORIENTED_EDGE('',*,*,#4424,.F.);
#6084=ORIENTED_EDGE('',*,*,#4427,.F.);
#6085=ORIENTED_EDGE('',*,*,#4430,.F.);
#6086=ORIENTED_EDGE('',*,*,#4433,.F.);
#6087=ORIENTED_EDGE('',*,*,#4436,.F.);
#6088=ORIENTED_EDGE('',*,*,#4439,.F.);
#6089=ORIENTED_EDGE('',*,*,#4442,.F.);
#6090=ORIENTED_EDGE('',*,*,#4445,.F.);
#6091=ORIENTED_EDGE('',*,*,#4448,.F.);
#6092=ORIENTED_EDGE('',*,*,#4451,.F.);
#6093=ORIENTED_EDGE('',*,*,#4372,.F.);
#6094=ORIENTED_EDGE('',*,*,#4345,.F.);
#6095=ORIENTED_EDGE('',*,*,#4349,.F.);
#6096=ORIENTED_EDGE('',*,*,#4352,.F.);
#6097=ORIENTED_EDGE('',*,*,#4355,.F.);
#6098=ORIENTED_EDGE('',*,*,#4358,.F.);
#6099=ORIENTED_EDGE('',*,*,#4361,.F.);
#6100=ORIENTED_EDGE('',*,*,#4364,.F.);
#6101=ORIENTED_EDGE('',*,*,#4367,.F.);
#6102=ORIENTED_EDGE('',*,*,#4370,.F.);
#6103=ORIENTED_EDGE('',*,*,#4454,.F.);
#6104=ORIENTED_EDGE('',*,*,#4455,.T.);
#6105=ORIENTED_EDGE('',*,*,#4456,.T.);
#6106=ORIENTED_EDGE('',*,*,#4457,.F.);
#6107=ORIENTED_EDGE('',*,*,#4458,.F.);
#6108=ORIENTED_EDGE('',*,*,#4459,.T.);
#6109=ORIENTED_EDGE('',*,*,#4460,.T.);
#6110=ORIENTED_EDGE('',*,*,#4455,.F.);
#6111=ORIENTED_EDGE('',*,*,#4461,.F.);
#6112=ORIENTED_EDGE('',*,*,#4462,.T.);
#6113=ORIENTED_EDGE('',*,*,#4463,.T.);
#6114=ORIENTED_EDGE('',*,*,#4459,.F.);
#6115=ORIENTED_EDGE('',*,*,#4464,.F.);
#6116=ORIENTED_EDGE('',*,*,#4465,.T.);
#6117=ORIENTED_EDGE('',*,*,#4466,.T.);
#6118=ORIENTED_EDGE('',*,*,#4462,.F.);
#6119=ORIENTED_EDGE('',*,*,#4467,.F.);
#6120=ORIENTED_EDGE('',*,*,#4468,.T.);
#6121=ORIENTED_EDGE('',*,*,#4469,.T.);
#6122=ORIENTED_EDGE('',*,*,#4465,.F.);
#6123=ORIENTED_EDGE('',*,*,#4470,.F.);
#6124=ORIENTED_EDGE('',*,*,#4471,.T.);
#6125=ORIENTED_EDGE('',*,*,#4472,.T.);
#6126=ORIENTED_EDGE('',*,*,#4468,.F.);
#6127=ORIENTED_EDGE('',*,*,#4473,.F.);
#6128=ORIENTED_EDGE('',*,*,#4474,.T.);
#6129=ORIENTED_EDGE('',*,*,#4475,.T.);
#6130=ORIENTED_EDGE('',*,*,#4471,.F.);
#6131=ORIENTED_EDGE('',*,*,#4476,.F.);
#6132=ORIENTED_EDGE('',*,*,#4477,.T.);
#6133=ORIENTED_EDGE('',*,*,#4478,.T.);
#6134=ORIENTED_EDGE('',*,*,#4474,.F.);
#6135=ORIENTED_EDGE('',*,*,#4479,.F.);
#6136=ORIENTED_EDGE('',*,*,#4480,.T.);
#6137=ORIENTED_EDGE('',*,*,#4481,.T.);
#6138=ORIENTED_EDGE('',*,*,#4477,.F.);
#6139=ORIENTED_EDGE('',*,*,#4482,.F.);
#6140=ORIENTED_EDGE('',*,*,#4483,.T.);
#6141=ORIENTED_EDGE('',*,*,#4484,.T.);
#6142=ORIENTED_EDGE('',*,*,#4480,.F.);
#6143=ORIENTED_EDGE('',*,*,#4485,.F.);
#6144=ORIENTED_EDGE('',*,*,#4486,.T.);
#6145=ORIENTED_EDGE('',*,*,#4487,.T.);
#6146=ORIENTED_EDGE('',*,*,#4483,.F.);
#6147=ORIENTED_EDGE('',*,*,#4488,.F.);
#6148=ORIENTED_EDGE('',*,*,#4489,.T.);
#6149=ORIENTED_EDGE('',*,*,#4490,.T.);
#6150=ORIENTED_EDGE('',*,*,#4486,.F.);
#6151=ORIENTED_EDGE('',*,*,#4491,.F.);
#6152=ORIENTED_EDGE('',*,*,#4492,.T.);
#6153=ORIENTED_EDGE('',*,*,#4493,.T.);
#6154=ORIENTED_EDGE('',*,*,#4489,.F.);
#6155=ORIENTED_EDGE('',*,*,#4494,.F.);
#6156=ORIENTED_EDGE('',*,*,#4495,.T.);
#6157=ORIENTED_EDGE('',*,*,#4496,.T.);
#6158=ORIENTED_EDGE('',*,*,#4492,.F.);
#6159=ORIENTED_EDGE('',*,*,#4497,.F.);
#6160=ORIENTED_EDGE('',*,*,#4498,.T.);
#6161=ORIENTED_EDGE('',*,*,#4499,.T.);
#6162=ORIENTED_EDGE('',*,*,#4495,.F.);
#6163=ORIENTED_EDGE('',*,*,#4500,.F.);
#6164=ORIENTED_EDGE('',*,*,#4501,.T.);
#6165=ORIENTED_EDGE('',*,*,#4502,.T.);
#6166=ORIENTED_EDGE('',*,*,#4498,.F.);
#6167=ORIENTED_EDGE('',*,*,#4503,.F.);
#6168=ORIENTED_EDGE('',*,*,#4504,.T.);
#6169=ORIENTED_EDGE('',*,*,#4505,.T.);
#6170=ORIENTED_EDGE('',*,*,#4501,.F.);
#6171=ORIENTED_EDGE('',*,*,#4506,.F.);
#6172=ORIENTED_EDGE('',*,*,#4507,.T.);
#6173=ORIENTED_EDGE('',*,*,#4508,.T.);
#6174=ORIENTED_EDGE('',*,*,#4504,.F.);
#6175=ORIENTED_EDGE('',*,*,#4509,.F.);
#6176=ORIENTED_EDGE('',*,*,#4510,.T.);
#6177=ORIENTED_EDGE('',*,*,#4511,.T.);
#6178=ORIENTED_EDGE('',*,*,#4507,.F.);
#6179=ORIENTED_EDGE('',*,*,#4512,.F.);
#6180=ORIENTED_EDGE('',*,*,#4513,.T.);
#6181=ORIENTED_EDGE('',*,*,#4514,.T.);
#6182=ORIENTED_EDGE('',*,*,#4510,.F.);
#6183=ORIENTED_EDGE('',*,*,#4515,.F.);
#6184=ORIENTED_EDGE('',*,*,#4516,.T.);
#6185=ORIENTED_EDGE('',*,*,#4517,.T.);
#6186=ORIENTED_EDGE('',*,*,#4513,.F.);
#6187=ORIENTED_EDGE('',*,*,#4518,.F.);
#6188=ORIENTED_EDGE('',*,*,#4519,.T.);
#6189=ORIENTED_EDGE('',*,*,#4520,.T.);
#6190=ORIENTED_EDGE('',*,*,#4516,.F.);
#6191=ORIENTED_EDGE('',*,*,#4521,.F.);
#6192=ORIENTED_EDGE('',*,*,#4522,.T.);
#6193=ORIENTED_EDGE('',*,*,#4523,.T.);
#6194=ORIENTED_EDGE('',*,*,#4519,.F.);
#6195=ORIENTED_EDGE('',*,*,#4524,.F.);
#6196=ORIENTED_EDGE('',*,*,#4525,.T.);
#6197=ORIENTED_EDGE('',*,*,#4526,.T.);
#6198=ORIENTED_EDGE('',*,*,#4522,.F.);
#6199=ORIENTED_EDGE('',*,*,#4527,.F.);
#6200=ORIENTED_EDGE('',*,*,#4528,.T.);
#6201=ORIENTED_EDGE('',*,*,#4529,.T.);
#6202=ORIENTED_EDGE('',*,*,#4525,.F.);
#6203=ORIENTED_EDGE('',*,*,#4530,.F.);
#6204=ORIENTED_EDGE('',*,*,#4531,.T.);
#6205=ORIENTED_EDGE('',*,*,#4532,.T.);
#6206=ORIENTED_EDGE('',*,*,#4528,.F.);
#6207=ORIENTED_EDGE('',*,*,#4533,.F.);
#6208=ORIENTED_EDGE('',*,*,#4534,.T.);
#6209=ORIENTED_EDGE('',*,*,#4535,.T.);
#6210=ORIENTED_EDGE('',*,*,#4531,.F.);
#6211=ORIENTED_EDGE('',*,*,#4536,.F.);
#6212=ORIENTED_EDGE('',*,*,#4537,.T.);
#6213=ORIENTED_EDGE('',*,*,#4538,.T.);
#6214=ORIENTED_EDGE('',*,*,#4534,.F.);
#6215=ORIENTED_EDGE('',*,*,#4539,.F.);
#6216=ORIENTED_EDGE('',*,*,#4540,.T.);
#6217=ORIENTED_EDGE('',*,*,#4541,.T.);
#6218=ORIENTED_EDGE('',*,*,#4537,.F.);
#6219=ORIENTED_EDGE('',*,*,#4542,.F.);
#6220=ORIENTED_EDGE('',*,*,#4543,.T.);
#6221=ORIENTED_EDGE('',*,*,#4544,.T.);
#6222=ORIENTED_EDGE('',*,*,#4540,.F.);
#6223=ORIENTED_EDGE('',*,*,#4545,.F.);
#6224=ORIENTED_EDGE('',*,*,#4546,.T.);
#6225=ORIENTED_EDGE('',*,*,#4547,.T.);
#6226=ORIENTED_EDGE('',*,*,#4543,.F.);
#6227=ORIENTED_EDGE('',*,*,#4548,.F.);
#6228=ORIENTED_EDGE('',*,*,#4549,.T.);
#6229=ORIENTED_EDGE('',*,*,#4550,.T.);
#6230=ORIENTED_EDGE('',*,*,#4546,.F.);
#6231=ORIENTED_EDGE('',*,*,#4551,.F.);
#6232=ORIENTED_EDGE('',*,*,#4457,.T.);
#6233=ORIENTED_EDGE('',*,*,#4552,.T.);
#6234=ORIENTED_EDGE('',*,*,#4549,.F.);
#6235=ORIENTED_EDGE('',*,*,#4552,.F.);
#6236=ORIENTED_EDGE('',*,*,#4456,.F.);
#6237=ORIENTED_EDGE('',*,*,#4460,.F.);
#6238=ORIENTED_EDGE('',*,*,#4463,.F.);
#6239=ORIENTED_EDGE('',*,*,#4466,.F.);
#6240=ORIENTED_EDGE('',*,*,#4469,.F.);
#6241=ORIENTED_EDGE('',*,*,#4472,.F.);
#6242=ORIENTED_EDGE('',*,*,#4475,.F.);
#6243=ORIENTED_EDGE('',*,*,#4478,.F.);
#6244=ORIENTED_EDGE('',*,*,#4481,.F.);
#6245=ORIENTED_EDGE('',*,*,#4484,.F.);
#6246=ORIENTED_EDGE('',*,*,#4487,.F.);
#6247=ORIENTED_EDGE('',*,*,#4490,.F.);
#6248=ORIENTED_EDGE('',*,*,#4493,.F.);
#6249=ORIENTED_EDGE('',*,*,#4496,.F.);
#6250=ORIENTED_EDGE('',*,*,#4499,.F.);
#6251=ORIENTED_EDGE('',*,*,#4502,.F.);
#6252=ORIENTED_EDGE('',*,*,#4505,.F.);
#6253=ORIENTED_EDGE('',*,*,#4508,.F.);
#6254=ORIENTED_EDGE('',*,*,#4511,.F.);
#6255=ORIENTED_EDGE('',*,*,#4514,.F.);
#6256=ORIENTED_EDGE('',*,*,#4517,.F.);
#6257=ORIENTED_EDGE('',*,*,#4520,.F.);
#6258=ORIENTED_EDGE('',*,*,#4523,.F.);
#6259=ORIENTED_EDGE('',*,*,#4526,.F.);
#6260=ORIENTED_EDGE('',*,*,#4529,.F.);
#6261=ORIENTED_EDGE('',*,*,#4532,.F.);
#6262=ORIENTED_EDGE('',*,*,#4535,.F.);
#6263=ORIENTED_EDGE('',*,*,#4538,.F.);
#6264=ORIENTED_EDGE('',*,*,#4541,.F.);
#6265=ORIENTED_EDGE('',*,*,#4544,.F.);
#6266=ORIENTED_EDGE('',*,*,#4547,.F.);
#6267=ORIENTED_EDGE('',*,*,#4550,.F.);
#6268=ORIENTED_EDGE('',*,*,#4553,.F.);
#6269=ORIENTED_EDGE('',*,*,#4554,.T.);
#6270=ORIENTED_EDGE('',*,*,#4555,.T.);
#6271=ORIENTED_EDGE('',*,*,#4556,.F.);
#6272=ORIENTED_EDGE('',*,*,#4557,.F.);
#6273=ORIENTED_EDGE('',*,*,#4558,.T.);
#6274=ORIENTED_EDGE('',*,*,#4559,.T.);
#6275=ORIENTED_EDGE('',*,*,#4554,.F.);
#6276=ORIENTED_EDGE('',*,*,#4560,.F.);
#6277=ORIENTED_EDGE('',*,*,#4561,.T.);
#6278=ORIENTED_EDGE('',*,*,#4562,.T.);
#6279=ORIENTED_EDGE('',*,*,#4558,.F.);
#6280=ORIENTED_EDGE('',*,*,#4563,.F.);
#6281=ORIENTED_EDGE('',*,*,#4564,.T.);
#6282=ORIENTED_EDGE('',*,*,#4565,.T.);
#6283=ORIENTED_EDGE('',*,*,#4561,.F.);
#6284=ORIENTED_EDGE('',*,*,#4566,.F.);
#6285=ORIENTED_EDGE('',*,*,#4556,.T.);
#6286=ORIENTED_EDGE('',*,*,#4567,.T.);
#6287=ORIENTED_EDGE('',*,*,#4564,.F.);
#6288=ORIENTED_EDGE('',*,*,#4568,.F.);
#6289=ORIENTED_EDGE('',*,*,#4569,.T.);
#6290=ORIENTED_EDGE('',*,*,#4570,.T.);
#6291=ORIENTED_EDGE('',*,*,#4571,.F.);
#6292=ORIENTED_EDGE('',*,*,#4572,.F.);
#6293=ORIENTED_EDGE('',*,*,#4573,.T.);
#6294=ORIENTED_EDGE('',*,*,#4574,.T.);
#6295=ORIENTED_EDGE('',*,*,#4569,.F.);
#6296=ORIENTED_EDGE('',*,*,#4575,.F.);
#6297=ORIENTED_EDGE('',*,*,#4576,.T.);
#6298=ORIENTED_EDGE('',*,*,#4577,.T.);
#6299=ORIENTED_EDGE('',*,*,#4573,.F.);
#6300=ORIENTED_EDGE('',*,*,#4578,.F.);
#6301=ORIENTED_EDGE('',*,*,#4579,.T.);
#6302=ORIENTED_EDGE('',*,*,#4580,.T.);
#6303=ORIENTED_EDGE('',*,*,#4576,.F.);
#6304=ORIENTED_EDGE('',*,*,#4581,.F.);
#6305=ORIENTED_EDGE('',*,*,#4582,.T.);
#6306=ORIENTED_EDGE('',*,*,#4583,.T.);
#6307=ORIENTED_EDGE('',*,*,#4579,.F.);
#6308=ORIENTED_EDGE('',*,*,#4584,.F.);
#6309=ORIENTED_EDGE('',*,*,#4585,.T.);
#6310=ORIENTED_EDGE('',*,*,#4586,.T.);
#6311=ORIENTED_EDGE('',*,*,#4582,.F.);
#6312=ORIENTED_EDGE('',*,*,#4587,.F.);
#6313=ORIENTED_EDGE('',*,*,#4588,.T.);
#6314=ORIENTED_EDGE('',*,*,#4589,.T.);
#6315=ORIENTED_EDGE('',*,*,#4585,.F.);
#6316=ORIENTED_EDGE('',*,*,#4590,.F.);
#6317=ORIENTED_EDGE('',*,*,#4591,.T.);
#6318=ORIENTED_EDGE('',*,*,#4592,.T.);
#6319=ORIENTED_EDGE('',*,*,#4588,.F.);
#6320=ORIENTED_EDGE('',*,*,#4593,.F.);
#6321=ORIENTED_EDGE('',*,*,#4594,.T.);
#6322=ORIENTED_EDGE('',*,*,#4595,.T.);
#6323=ORIENTED_EDGE('',*,*,#4591,.F.);
#6324=ORIENTED_EDGE('',*,*,#4596,.F.);
#6325=ORIENTED_EDGE('',*,*,#4597,.T.);
#6326=ORIENTED_EDGE('',*,*,#4598,.T.);
#6327=ORIENTED_EDGE('',*,*,#4594,.F.);
#6328=ORIENTED_EDGE('',*,*,#4599,.F.);
#6329=ORIENTED_EDGE('',*,*,#4600,.T.);
#6330=ORIENTED_EDGE('',*,*,#4601,.T.);
#6331=ORIENTED_EDGE('',*,*,#4597,.F.);
#6332=ORIENTED_EDGE('',*,*,#4602,.F.);
#6333=ORIENTED_EDGE('',*,*,#4603,.T.);
#6334=ORIENTED_EDGE('',*,*,#4604,.T.);
#6335=ORIENTED_EDGE('',*,*,#4600,.F.);
#6336=ORIENTED_EDGE('',*,*,#4605,.F.);
#6337=ORIENTED_EDGE('',*,*,#4606,.T.);
#6338=ORIENTED_EDGE('',*,*,#4607,.T.);
#6339=ORIENTED_EDGE('',*,*,#4603,.F.);
#6340=ORIENTED_EDGE('',*,*,#4608,.F.);
#6341=ORIENTED_EDGE('',*,*,#4609,.T.);
#6342=ORIENTED_EDGE('',*,*,#4610,.T.);
#6343=ORIENTED_EDGE('',*,*,#4606,.F.);
#6344=ORIENTED_EDGE('',*,*,#4611,.F.);
#6345=ORIENTED_EDGE('',*,*,#4571,.T.);
#6346=ORIENTED_EDGE('',*,*,#4612,.T.);
#6347=ORIENTED_EDGE('',*,*,#4609,.F.);
#6348=ORIENTED_EDGE('',*,*,#4612,.F.);
#6349=ORIENTED_EDGE('',*,*,#4570,.F.);
#6350=ORIENTED_EDGE('',*,*,#4574,.F.);
#6351=ORIENTED_EDGE('',*,*,#4577,.F.);
#6352=ORIENTED_EDGE('',*,*,#4580,.F.);
#6353=ORIENTED_EDGE('',*,*,#4583,.F.);
#6354=ORIENTED_EDGE('',*,*,#4586,.F.);
#6355=ORIENTED_EDGE('',*,*,#4589,.F.);
#6356=ORIENTED_EDGE('',*,*,#4592,.F.);
#6357=ORIENTED_EDGE('',*,*,#4595,.F.);
#6358=ORIENTED_EDGE('',*,*,#4598,.F.);
#6359=ORIENTED_EDGE('',*,*,#4601,.F.);
#6360=ORIENTED_EDGE('',*,*,#4604,.F.);
#6361=ORIENTED_EDGE('',*,*,#4607,.F.);
#6362=ORIENTED_EDGE('',*,*,#4610,.F.);
#6363=ORIENTED_EDGE('',*,*,#4567,.F.);
#6364=ORIENTED_EDGE('',*,*,#4555,.F.);
#6365=ORIENTED_EDGE('',*,*,#4559,.F.);
#6366=ORIENTED_EDGE('',*,*,#4562,.F.);
#6367=ORIENTED_EDGE('',*,*,#4565,.F.);
#6368=ORIENTED_EDGE('',*,*,#4613,.F.);
#6369=ORIENTED_EDGE('',*,*,#4614,.T.);
#6370=ORIENTED_EDGE('',*,*,#4615,.T.);
#6371=ORIENTED_EDGE('',*,*,#4616,.F.);
#6372=ORIENTED_EDGE('',*,*,#4617,.F.);
#6373=ORIENTED_EDGE('',*,*,#4618,.T.);
#6374=ORIENTED_EDGE('',*,*,#4619,.T.);
#6375=ORIENTED_EDGE('',*,*,#4614,.F.);
#6376=ORIENTED_EDGE('',*,*,#4620,.F.);
#6377=ORIENTED_EDGE('',*,*,#4621,.T.);
#6378=ORIENTED_EDGE('',*,*,#4622,.T.);
#6379=ORIENTED_EDGE('',*,*,#4618,.F.);
#6380=ORIENTED_EDGE('',*,*,#4623,.F.);
#6381=ORIENTED_EDGE('',*,*,#4624,.T.);
#6382=ORIENTED_EDGE('',*,*,#4625,.T.);
#6383=ORIENTED_EDGE('',*,*,#4621,.F.);
#6384=ORIENTED_EDGE('',*,*,#4626,.F.);
#6385=ORIENTED_EDGE('',*,*,#4627,.T.);
#6386=ORIENTED_EDGE('',*,*,#4628,.T.);
#6387=ORIENTED_EDGE('',*,*,#4624,.F.);
#6388=ORIENTED_EDGE('',*,*,#4629,.F.);
#6389=ORIENTED_EDGE('',*,*,#4630,.T.);
#6390=ORIENTED_EDGE('',*,*,#4631,.T.);
#6391=ORIENTED_EDGE('',*,*,#4627,.F.);
#6392=ORIENTED_EDGE('',*,*,#4632,.F.);
#6393=ORIENTED_EDGE('',*,*,#4633,.T.);
#6394=ORIENTED_EDGE('',*,*,#4634,.T.);
#6395=ORIENTED_EDGE('',*,*,#4630,.F.);
#6396=ORIENTED_EDGE('',*,*,#4635,.F.);
#6397=ORIENTED_EDGE('',*,*,#4616,.T.);
#6398=ORIENTED_EDGE('',*,*,#4636,.T.);
#6399=ORIENTED_EDGE('',*,*,#4633,.F.);
#6400=ORIENTED_EDGE('',*,*,#4637,.F.);
#6401=ORIENTED_EDGE('',*,*,#4638,.T.);
#6402=ORIENTED_EDGE('',*,*,#4639,.T.);
#6403=ORIENTED_EDGE('',*,*,#4640,.F.);
#6404=ORIENTED_EDGE('',*,*,#4641,.F.);
#6405=ORIENTED_EDGE('',*,*,#4642,.T.);
#6406=ORIENTED_EDGE('',*,*,#4643,.T.);
#6407=ORIENTED_EDGE('',*,*,#4638,.F.);
#6408=ORIENTED_EDGE('',*,*,#4644,.F.);
#6409=ORIENTED_EDGE('',*,*,#4645,.T.);
#6410=ORIENTED_EDGE('',*,*,#4646,.T.);
#6411=ORIENTED_EDGE('',*,*,#4642,.F.);
#6412=ORIENTED_EDGE('',*,*,#4647,.F.);
#6413=ORIENTED_EDGE('',*,*,#4648,.T.);
#6414=ORIENTED_EDGE('',*,*,#4649,.T.);
#6415=ORIENTED_EDGE('',*,*,#4645,.F.);
#6416=ORIENTED_EDGE('',*,*,#4650,.F.);
#6417=ORIENTED_EDGE('',*,*,#4651,.T.);
#6418=ORIENTED_EDGE('',*,*,#4652,.T.);
#6419=ORIENTED_EDGE('',*,*,#4648,.F.);
#6420=ORIENTED_EDGE('',*,*,#4653,.F.);
#6421=ORIENTED_EDGE('',*,*,#4654,.T.);
#6422=ORIENTED_EDGE('',*,*,#4655,.T.);
#6423=ORIENTED_EDGE('',*,*,#4651,.F.);
#6424=ORIENTED_EDGE('',*,*,#4656,.F.);
#6425=ORIENTED_EDGE('',*,*,#4657,.T.);
#6426=ORIENTED_EDGE('',*,*,#4658,.T.);
#6427=ORIENTED_EDGE('',*,*,#4654,.F.);
#6428=ORIENTED_EDGE('',*,*,#4659,.F.);
#6429=ORIENTED_EDGE('',*,*,#4660,.T.);
#6430=ORIENTED_EDGE('',*,*,#4661,.T.);
#6431=ORIENTED_EDGE('',*,*,#4657,.F.);
#6432=ORIENTED_EDGE('',*,*,#4662,.F.);
#6433=ORIENTED_EDGE('',*,*,#4663,.T.);
#6434=ORIENTED_EDGE('',*,*,#4664,.T.);
#6435=ORIENTED_EDGE('',*,*,#4660,.F.);
#6436=ORIENTED_EDGE('',*,*,#4665,.F.);
#6437=ORIENTED_EDGE('',*,*,#4666,.T.);
#6438=ORIENTED_EDGE('',*,*,#4667,.T.);
#6439=ORIENTED_EDGE('',*,*,#4663,.F.);
#6440=ORIENTED_EDGE('',*,*,#4668,.F.);
#6441=ORIENTED_EDGE('',*,*,#4669,.T.);
#6442=ORIENTED_EDGE('',*,*,#4670,.T.);
#6443=ORIENTED_EDGE('',*,*,#4666,.F.);
#6444=ORIENTED_EDGE('',*,*,#4671,.F.);
#6445=ORIENTED_EDGE('',*,*,#4672,.T.);
#6446=ORIENTED_EDGE('',*,*,#4673,.T.);
#6447=ORIENTED_EDGE('',*,*,#4669,.F.);
#6448=ORIENTED_EDGE('',*,*,#4674,.F.);
#6449=ORIENTED_EDGE('',*,*,#4640,.T.);
#6450=ORIENTED_EDGE('',*,*,#4675,.T.);
#6451=ORIENTED_EDGE('',*,*,#4672,.F.);
#6452=ORIENTED_EDGE('',*,*,#4675,.F.);
#6453=ORIENTED_EDGE('',*,*,#4639,.F.);
#6454=ORIENTED_EDGE('',*,*,#4643,.F.);
#6455=ORIENTED_EDGE('',*,*,#4646,.F.);
#6456=ORIENTED_EDGE('',*,*,#4649,.F.);
#6457=ORIENTED_EDGE('',*,*,#4652,.F.);
#6458=ORIENTED_EDGE('',*,*,#4655,.F.);
#6459=ORIENTED_EDGE('',*,*,#4658,.F.);
#6460=ORIENTED_EDGE('',*,*,#4661,.F.);
#6461=ORIENTED_EDGE('',*,*,#4664,.F.);
#6462=ORIENTED_EDGE('',*,*,#4667,.F.);
#6463=ORIENTED_EDGE('',*,*,#4670,.F.);
#6464=ORIENTED_EDGE('',*,*,#4673,.F.);
#6465=ORIENTED_EDGE('',*,*,#4636,.F.);
#6466=ORIENTED_EDGE('',*,*,#4615,.F.);
#6467=ORIENTED_EDGE('',*,*,#4619,.F.);
#6468=ORIENTED_EDGE('',*,*,#4622,.F.);
#6469=ORIENTED_EDGE('',*,*,#4625,.F.);
#6470=ORIENTED_EDGE('',*,*,#4628,.F.);
#6471=ORIENTED_EDGE('',*,*,#4631,.F.);
#6472=ORIENTED_EDGE('',*,*,#4634,.F.);
#6473=ORIENTED_EDGE('',*,*,#4676,.F.);
#6474=ORIENTED_EDGE('',*,*,#4677,.T.);
#6475=ORIENTED_EDGE('',*,*,#4678,.F.);
#6476=ORIENTED_EDGE('',*,*,#4679,.T.);
#6477=ORIENTED_EDGE('',*,*,#4680,.F.);
#6478=ORIENTED_EDGE('',*,*,#4681,.T.);
#6479=ORIENTED_EDGE('',*,*,#4682,.F.);
#6480=ORIENTED_EDGE('',*,*,#4683,.T.);
#6481=ORIENTED_EDGE('',*,*,#4684,.F.);
#6482=ORIENTED_EDGE('',*,*,#4685,.F.);
#6483=ORIENTED_EDGE('',*,*,#4686,.F.);
#6484=ORIENTED_EDGE('',*,*,#4687,.T.);
#6485=ORIENTED_EDGE('',*,*,#3713,.T.);
#6486=ORIENTED_EDGE('',*,*,#3768,.T.);
#6487=ORIENTED_EDGE('',*,*,#3765,.T.);
#6488=ORIENTED_EDGE('',*,*,#3762,.T.);
#6489=ORIENTED_EDGE('',*,*,#3759,.T.);
#6490=ORIENTED_EDGE('',*,*,#3756,.T.);
#6491=ORIENTED_EDGE('',*,*,#3753,.T.);
#6492=ORIENTED_EDGE('',*,*,#3750,.T.);
#6493=ORIENTED_EDGE('',*,*,#3747,.T.);
#6494=ORIENTED_EDGE('',*,*,#3744,.T.);
#6495=ORIENTED_EDGE('',*,*,#3741,.T.);
#6496=ORIENTED_EDGE('',*,*,#3738,.T.);
#6497=ORIENTED_EDGE('',*,*,#3735,.T.);
#6498=ORIENTED_EDGE('',*,*,#3732,.T.);
#6499=ORIENTED_EDGE('',*,*,#3729,.T.);
#6500=ORIENTED_EDGE('',*,*,#3726,.T.);
#6501=ORIENTED_EDGE('',*,*,#3723,.T.);
#6502=ORIENTED_EDGE('',*,*,#3720,.T.);
#6503=ORIENTED_EDGE('',*,*,#3717,.T.);
#6504=ORIENTED_EDGE('',*,*,#3770,.T.);
#6505=ORIENTED_EDGE('',*,*,#3780,.T.);
#6506=ORIENTED_EDGE('',*,*,#3777,.T.);
#6507=ORIENTED_EDGE('',*,*,#3774,.T.);
#6508=ORIENTED_EDGE('',*,*,#3782,.T.);
#6509=ORIENTED_EDGE('',*,*,#3864,.T.);
#6510=ORIENTED_EDGE('',*,*,#3861,.T.);
#6511=ORIENTED_EDGE('',*,*,#3858,.T.);
#6512=ORIENTED_EDGE('',*,*,#3855,.T.);
#6513=ORIENTED_EDGE('',*,*,#3852,.T.);
#6514=ORIENTED_EDGE('',*,*,#3849,.T.);
#6515=ORIENTED_EDGE('',*,*,#3846,.T.);
#6516=ORIENTED_EDGE('',*,*,#3843,.T.);
#6517=ORIENTED_EDGE('',*,*,#3840,.T.);
#6518=ORIENTED_EDGE('',*,*,#3837,.T.);
#6519=ORIENTED_EDGE('',*,*,#3834,.T.);
#6520=ORIENTED_EDGE('',*,*,#3831,.T.);
#6521=ORIENTED_EDGE('',*,*,#3828,.T.);
#6522=ORIENTED_EDGE('',*,*,#3825,.T.);
#6523=ORIENTED_EDGE('',*,*,#3822,.T.);
#6524=ORIENTED_EDGE('',*,*,#3819,.T.);
#6525=ORIENTED_EDGE('',*,*,#3816,.T.);
#6526=ORIENTED_EDGE('',*,*,#3813,.T.);
#6527=ORIENTED_EDGE('',*,*,#3810,.T.);
#6528=ORIENTED_EDGE('',*,*,#3807,.T.);
#6529=ORIENTED_EDGE('',*,*,#3804,.T.);
#6530=ORIENTED_EDGE('',*,*,#3801,.T.);
#6531=ORIENTED_EDGE('',*,*,#3798,.T.);
#6532=ORIENTED_EDGE('',*,*,#3795,.T.);
#6533=ORIENTED_EDGE('',*,*,#3792,.T.);
#6534=ORIENTED_EDGE('',*,*,#3789,.T.);
#6535=ORIENTED_EDGE('',*,*,#3786,.T.);
#6536=ORIENTED_EDGE('',*,*,#3890,.T.);
#6537=ORIENTED_EDGE('',*,*,#3930,.T.);
#6538=ORIENTED_EDGE('',*,*,#3927,.T.);
#6539=ORIENTED_EDGE('',*,*,#3924,.T.);
#6540=ORIENTED_EDGE('',*,*,#3921,.T.);
#6541=ORIENTED_EDGE('',*,*,#3918,.T.);
#6542=ORIENTED_EDGE('',*,*,#3915,.T.);
#6543=ORIENTED_EDGE('',*,*,#3912,.T.);
#6544=ORIENTED_EDGE('',*,*,#3909,.T.);
#6545=ORIENTED_EDGE('',*,*,#3906,.T.);
#6546=ORIENTED_EDGE('',*,*,#3903,.T.);
#6547=ORIENTED_EDGE('',*,*,#3900,.T.);
#6548=ORIENTED_EDGE('',*,*,#3897,.T.);
#6549=ORIENTED_EDGE('',*,*,#3894,.T.);
#6550=ORIENTED_EDGE('',*,*,#3932,.T.);
#6551=ORIENTED_EDGE('',*,*,#3969,.T.);
#6552=ORIENTED_EDGE('',*,*,#3966,.T.);
#6553=ORIENTED_EDGE('',*,*,#3963,.T.);
#6554=ORIENTED_EDGE('',*,*,#3960,.T.);
#6555=ORIENTED_EDGE('',*,*,#3957,.T.);
#6556=ORIENTED_EDGE('',*,*,#3954,.T.);
#6557=ORIENTED_EDGE('',*,*,#3951,.T.);
#6558=ORIENTED_EDGE('',*,*,#3948,.T.);
#6559=ORIENTED_EDGE('',*,*,#3945,.T.);
#6560=ORIENTED_EDGE('',*,*,#3942,.T.);
#6561=ORIENTED_EDGE('',*,*,#3939,.T.);
#6562=ORIENTED_EDGE('',*,*,#3936,.T.);
#6563=ORIENTED_EDGE('',*,*,#3995,.T.);
#6564=ORIENTED_EDGE('',*,*,#4032,.T.);
#6565=ORIENTED_EDGE('',*,*,#4029,.T.);
#6566=ORIENTED_EDGE('',*,*,#4026,.T.);
#6567=ORIENTED_EDGE('',*,*,#4023,.T.);
#6568=ORIENTED_EDGE('',*,*,#4020,.T.);
#6569=ORIENTED_EDGE('',*,*,#4017,.T.);
#6570=ORIENTED_EDGE('',*,*,#4014,.T.);
#6571=ORIENTED_EDGE('',*,*,#4011,.T.);
#6572=ORIENTED_EDGE('',*,*,#4008,.T.);
#6573=ORIENTED_EDGE('',*,*,#4005,.T.);
#6574=ORIENTED_EDGE('',*,*,#4002,.T.);
#6575=ORIENTED_EDGE('',*,*,#3999,.T.);
#6576=ORIENTED_EDGE('',*,*,#4064,.T.);
#6577=ORIENTED_EDGE('',*,*,#4143,.T.);
#6578=ORIENTED_EDGE('',*,*,#4140,.T.);
#6579=ORIENTED_EDGE('',*,*,#4137,.T.);
#6580=ORIENTED_EDGE('',*,*,#4134,.T.);
#6581=ORIENTED_EDGE('',*,*,#4131,.T.);
#6582=ORIENTED_EDGE('',*,*,#4128,.T.);
#6583=ORIENTED_EDGE('',*,*,#4125,.T.);
#6584=ORIENTED_EDGE('',*,*,#4122,.T.);
#6585=ORIENTED_EDGE('',*,*,#4119,.T.);
#6586=ORIENTED_EDGE('',*,*,#4116,.T.);
#6587=ORIENTED_EDGE('',*,*,#4113,.T.);
#6588=ORIENTED_EDGE('',*,*,#4110,.T.);
#6589=ORIENTED_EDGE('',*,*,#4107,.T.);
#6590=ORIENTED_EDGE('',*,*,#4104,.T.);
#6591=ORIENTED_EDGE('',*,*,#4101,.T.);
#6592=ORIENTED_EDGE('',*,*,#4098,.T.);
#6593=ORIENTED_EDGE('',*,*,#4095,.T.);
#6594=ORIENTED_EDGE('',*,*,#4092,.T.);
#6595=ORIENTED_EDGE('',*,*,#4089,.T.);
#6596=ORIENTED_EDGE('',*,*,#4086,.T.);
#6597=ORIENTED_EDGE('',*,*,#4083,.T.);
#6598=ORIENTED_EDGE('',*,*,#4080,.T.);
#6599=ORIENTED_EDGE('',*,*,#4077,.T.);
#6600=ORIENTED_EDGE('',*,*,#4074,.T.);
#6601=ORIENTED_EDGE('',*,*,#4071,.T.);
#6602=ORIENTED_EDGE('',*,*,#4068,.T.);
#6603=ORIENTED_EDGE('',*,*,#4145,.T.);
#6604=ORIENTED_EDGE('',*,*,#4182,.T.);
#6605=ORIENTED_EDGE('',*,*,#4179,.T.);
#6606=ORIENTED_EDGE('',*,*,#4176,.T.);
#6607=ORIENTED_EDGE('',*,*,#4173,.T.);
#6608=ORIENTED_EDGE('',*,*,#4170,.T.);
#6609=ORIENTED_EDGE('',*,*,#4167,.T.);
#6610=ORIENTED_EDGE('',*,*,#4164,.T.);
#6611=ORIENTED_EDGE('',*,*,#4161,.T.);
#6612=ORIENTED_EDGE('',*,*,#4158,.T.);
#6613=ORIENTED_EDGE('',*,*,#4155,.T.);
#6614=ORIENTED_EDGE('',*,*,#4152,.T.);
#6615=ORIENTED_EDGE('',*,*,#4149,.T.);
#6616=ORIENTED_EDGE('',*,*,#4208,.T.);
#6617=ORIENTED_EDGE('',*,*,#4233,.T.);
#6618=ORIENTED_EDGE('',*,*,#4230,.T.);
#6619=ORIENTED_EDGE('',*,*,#4227,.T.);
#6620=ORIENTED_EDGE('',*,*,#4224,.T.);
#6621=ORIENTED_EDGE('',*,*,#4221,.T.);
#6622=ORIENTED_EDGE('',*,*,#4218,.T.);
#6623=ORIENTED_EDGE('',*,*,#4215,.T.);
#6624=ORIENTED_EDGE('',*,*,#4212,.T.);
#6625=ORIENTED_EDGE('',*,*,#4259,.T.);
#6626=ORIENTED_EDGE('',*,*,#4284,.T.);
#6627=ORIENTED_EDGE('',*,*,#4281,.T.);
#6628=ORIENTED_EDGE('',*,*,#4278,.T.);
#6629=ORIENTED_EDGE('',*,*,#4275,.T.);
#6630=ORIENTED_EDGE('',*,*,#4272,.T.);
#6631=ORIENTED_EDGE('',*,*,#4269,.T.);
#6632=ORIENTED_EDGE('',*,*,#4266,.T.);
#6633=ORIENTED_EDGE('',*,*,#4263,.T.);
#6634=ORIENTED_EDGE('',*,*,#4286,.T.);
#6635=ORIENTED_EDGE('',*,*,#4341,.T.);
#6636=ORIENTED_EDGE('',*,*,#4338,.T.);
#6637=ORIENTED_EDGE('',*,*,#4335,.T.);
#6638=ORIENTED_EDGE('',*,*,#4332,.T.);
#6639=ORIENTED_EDGE('',*,*,#4329,.T.);
#6640=ORIENTED_EDGE('',*,*,#4326,.T.);
#6641=ORIENTED_EDGE('',*,*,#4323,.T.);
#6642=ORIENTED_EDGE('',*,*,#4320,.T.);
#6643=ORIENTED_EDGE('',*,*,#4317,.T.);
#6644=ORIENTED_EDGE('',*,*,#4314,.T.);
#6645=ORIENTED_EDGE('',*,*,#4311,.T.);
#6646=ORIENTED_EDGE('',*,*,#4308,.T.);
#6647=ORIENTED_EDGE('',*,*,#4305,.T.);
#6648=ORIENTED_EDGE('',*,*,#4302,.T.);
#6649=ORIENTED_EDGE('',*,*,#4299,.T.);
#6650=ORIENTED_EDGE('',*,*,#4296,.T.);
#6651=ORIENTED_EDGE('',*,*,#4293,.T.);
#6652=ORIENTED_EDGE('',*,*,#4290,.T.);
#6653=ORIENTED_EDGE('',*,*,#4373,.T.);
#6654=ORIENTED_EDGE('',*,*,#4452,.T.);
#6655=ORIENTED_EDGE('',*,*,#4449,.T.);
#6656=ORIENTED_EDGE('',*,*,#4446,.T.);
#6657=ORIENTED_EDGE('',*,*,#4443,.T.);
#6658=ORIENTED_EDGE('',*,*,#4440,.T.);
#6659=ORIENTED_EDGE('',*,*,#4437,.T.);
#6660=ORIENTED_EDGE('',*,*,#4434,.T.);
#6661=ORIENTED_EDGE('',*,*,#4431,.T.);
#6662=ORIENTED_EDGE('',*,*,#4428,.T.);
#6663=ORIENTED_EDGE('',*,*,#4425,.T.);
#6664=ORIENTED_EDGE('',*,*,#4422,.T.);
#6665=ORIENTED_EDGE('',*,*,#4419,.T.);
#6666=ORIENTED_EDGE('',*,*,#4416,.T.);
#6667=ORIENTED_EDGE('',*,*,#4413,.T.);
#6668=ORIENTED_EDGE('',*,*,#4410,.T.);
#6669=ORIENTED_EDGE('',*,*,#4407,.T.);
#6670=ORIENTED_EDGE('',*,*,#4404,.T.);
#6671=ORIENTED_EDGE('',*,*,#4401,.T.);
#6672=ORIENTED_EDGE('',*,*,#4398,.T.);
#6673=ORIENTED_EDGE('',*,*,#4395,.T.);
#6674=ORIENTED_EDGE('',*,*,#4392,.T.);
#6675=ORIENTED_EDGE('',*,*,#4389,.T.);
#6676=ORIENTED_EDGE('',*,*,#4386,.T.);
#6677=ORIENTED_EDGE('',*,*,#4383,.T.);
#6678=ORIENTED_EDGE('',*,*,#4380,.T.);
#6679=ORIENTED_EDGE('',*,*,#4377,.T.);
#6680=ORIENTED_EDGE('',*,*,#4454,.T.);
#6681=ORIENTED_EDGE('',*,*,#4551,.T.);
#6682=ORIENTED_EDGE('',*,*,#4548,.T.);
#6683=ORIENTED_EDGE('',*,*,#4545,.T.);
#6684=ORIENTED_EDGE('',*,*,#4542,.T.);
#6685=ORIENTED_EDGE('',*,*,#4539,.T.);
#6686=ORIENTED_EDGE('',*,*,#4536,.T.);
#6687=ORIENTED_EDGE('',*,*,#4533,.T.);
#6688=ORIENTED_EDGE('',*,*,#4530,.T.);
#6689=ORIENTED_EDGE('',*,*,#4527,.T.);
#6690=ORIENTED_EDGE('',*,*,#4524,.T.);
#6691=ORIENTED_EDGE('',*,*,#4521,.T.);
#6692=ORIENTED_EDGE('',*,*,#4518,.T.);
#6693=ORIENTED_EDGE('',*,*,#4515,.T.);
#6694=ORIENTED_EDGE('',*,*,#4512,.T.);
#6695=ORIENTED_EDGE('',*,*,#4509,.T.);
#6696=ORIENTED_EDGE('',*,*,#4506,.T.);
#6697=ORIENTED_EDGE('',*,*,#4503,.T.);
#6698=ORIENTED_EDGE('',*,*,#4500,.T.);
#6699=ORIENTED_EDGE('',*,*,#4497,.T.);
#6700=ORIENTED_EDGE('',*,*,#4494,.T.);
#6701=ORIENTED_EDGE('',*,*,#4491,.T.);
#6702=ORIENTED_EDGE('',*,*,#4488,.T.);
#6703=ORIENTED_EDGE('',*,*,#4485,.T.);
#6704=ORIENTED_EDGE('',*,*,#4482,.T.);
#6705=ORIENTED_EDGE('',*,*,#4479,.T.);
#6706=ORIENTED_EDGE('',*,*,#4476,.T.);
#6707=ORIENTED_EDGE('',*,*,#4473,.T.);
#6708=ORIENTED_EDGE('',*,*,#4470,.T.);
#6709=ORIENTED_EDGE('',*,*,#4467,.T.);
#6710=ORIENTED_EDGE('',*,*,#4464,.T.);
#6711=ORIENTED_EDGE('',*,*,#4461,.T.);
#6712=ORIENTED_EDGE('',*,*,#4458,.T.);
#6713=ORIENTED_EDGE('',*,*,#4568,.T.);
#6714=ORIENTED_EDGE('',*,*,#4611,.T.);
#6715=ORIENTED_EDGE('',*,*,#4608,.T.);
#6716=ORIENTED_EDGE('',*,*,#4605,.T.);
#6717=ORIENTED_EDGE('',*,*,#4602,.T.);
#6718=ORIENTED_EDGE('',*,*,#4599,.T.);
#6719=ORIENTED_EDGE('',*,*,#4596,.T.);
#6720=ORIENTED_EDGE('',*,*,#4593,.T.);
#6721=ORIENTED_EDGE('',*,*,#4590,.T.);
#6722=ORIENTED_EDGE('',*,*,#4587,.T.);
#6723=ORIENTED_EDGE('',*,*,#4584,.T.);
#6724=ORIENTED_EDGE('',*,*,#4581,.T.);
#6725=ORIENTED_EDGE('',*,*,#4578,.T.);
#6726=ORIENTED_EDGE('',*,*,#4575,.T.);
#6727=ORIENTED_EDGE('',*,*,#4572,.T.);
#6728=ORIENTED_EDGE('',*,*,#4637,.T.);
#6729=ORIENTED_EDGE('',*,*,#4674,.T.);
#6730=ORIENTED_EDGE('',*,*,#4671,.T.);
#6731=ORIENTED_EDGE('',*,*,#4668,.T.);
#6732=ORIENTED_EDGE('',*,*,#4665,.T.);
#6733=ORIENTED_EDGE('',*,*,#4662,.T.);
#6734=ORIENTED_EDGE('',*,*,#4659,.T.);
#6735=ORIENTED_EDGE('',*,*,#4656,.T.);
#6736=ORIENTED_EDGE('',*,*,#4653,.T.);
#6737=ORIENTED_EDGE('',*,*,#4650,.T.);
#6738=ORIENTED_EDGE('',*,*,#4647,.T.);
#6739=ORIENTED_EDGE('',*,*,#4644,.T.);
#6740=ORIENTED_EDGE('',*,*,#4641,.T.);
#6741=ORIENTED_EDGE('',*,*,#4688,.F.);
#6742=ORIENTED_EDGE('',*,*,#4689,.F.);
#6743=ORIENTED_EDGE('',*,*,#4690,.F.);
#6744=ORIENTED_EDGE('',*,*,#4691,.F.);
#6745=ORIENTED_EDGE('',*,*,#4692,.F.);
#6746=ORIENTED_EDGE('',*,*,#4693,.F.);
#6747=ORIENTED_EDGE('',*,*,#4694,.F.);
#6748=ORIENTED_EDGE('',*,*,#4695,.F.);
#6749=ORIENTED_EDGE('',*,*,#4696,.F.);
#6750=ORIENTED_EDGE('',*,*,#4697,.F.);
#6751=ORIENTED_EDGE('',*,*,#4698,.F.);
#6752=ORIENTED_EDGE('',*,*,#4699,.F.);
#6753=ORIENTED_EDGE('',*,*,#4700,.F.);
#6754=ORIENTED_EDGE('',*,*,#4701,.F.);
#6755=ORIENTED_EDGE('',*,*,#4702,.F.);
#6756=ORIENTED_EDGE('',*,*,#4703,.F.);
#6757=ORIENTED_EDGE('',*,*,#4704,.F.);
#6758=ORIENTED_EDGE('',*,*,#4705,.F.);
#6759=ORIENTED_EDGE('',*,*,#4706,.F.);
#6760=ORIENTED_EDGE('',*,*,#4707,.F.);
#6761=ORIENTED_EDGE('',*,*,#4708,.F.);
#6762=ORIENTED_EDGE('',*,*,#4709,.F.);
#6763=ORIENTED_EDGE('',*,*,#4710,.F.);
#6764=ORIENTED_EDGE('',*,*,#4711,.F.);
#6765=ORIENTED_EDGE('',*,*,#4712,.F.);
#6766=ORIENTED_EDGE('',*,*,#4713,.F.);
#6767=ORIENTED_EDGE('',*,*,#4714,.F.);
#6768=ORIENTED_EDGE('',*,*,#4715,.F.);
#6769=ORIENTED_EDGE('',*,*,#4716,.F.);
#6770=ORIENTED_EDGE('',*,*,#4717,.F.);
#6771=ORIENTED_EDGE('',*,*,#4718,.F.);
#6772=ORIENTED_EDGE('',*,*,#4719,.F.);
#6773=ORIENTED_EDGE('',*,*,#4720,.F.);
#6774=ORIENTED_EDGE('',*,*,#4721,.F.);
#6775=ORIENTED_EDGE('',*,*,#4722,.F.);
#6776=ORIENTED_EDGE('',*,*,#4723,.F.);
#6777=ORIENTED_EDGE('',*,*,#4724,.F.);
#6778=ORIENTED_EDGE('',*,*,#4725,.F.);
#6779=ORIENTED_EDGE('',*,*,#4726,.F.);
#6780=ORIENTED_EDGE('',*,*,#4727,.F.);
#6781=ORIENTED_EDGE('',*,*,#4728,.F.);
#6782=ORIENTED_EDGE('',*,*,#4729,.F.);
#6783=ORIENTED_EDGE('',*,*,#4730,.F.);
#6784=ORIENTED_EDGE('',*,*,#4731,.F.);
#6785=ORIENTED_EDGE('',*,*,#4732,.F.);
#6786=ORIENTED_EDGE('',*,*,#4733,.F.);
#6787=ORIENTED_EDGE('',*,*,#4734,.F.);
#6788=ORIENTED_EDGE('',*,*,#4735,.F.);
#6789=ORIENTED_EDGE('',*,*,#4736,.F.);
#6790=ORIENTED_EDGE('',*,*,#4737,.F.);
#6791=ORIENTED_EDGE('',*,*,#4738,.F.);
#6792=ORIENTED_EDGE('',*,*,#4739,.F.);
#6793=ORIENTED_EDGE('',*,*,#4613,.T.);
#6794=ORIENTED_EDGE('',*,*,#4635,.T.);
#6795=ORIENTED_EDGE('',*,*,#4632,.T.);
#6796=ORIENTED_EDGE('',*,*,#4629,.T.);
#6797=ORIENTED_EDGE('',*,*,#4626,.T.);
#6798=ORIENTED_EDGE('',*,*,#4623,.T.);
#6799=ORIENTED_EDGE('',*,*,#4620,.T.);
#6800=ORIENTED_EDGE('',*,*,#4617,.T.);
#6801=ORIENTED_EDGE('',*,*,#4553,.T.);
#6802=ORIENTED_EDGE('',*,*,#4566,.T.);
#6803=ORIENTED_EDGE('',*,*,#4563,.T.);
#6804=ORIENTED_EDGE('',*,*,#4560,.T.);
#6805=ORIENTED_EDGE('',*,*,#4557,.T.);
#6806=ORIENTED_EDGE('',*,*,#4343,.T.);
#6807=ORIENTED_EDGE('',*,*,#4371,.T.);
#6808=ORIENTED_EDGE('',*,*,#4368,.T.);
#6809=ORIENTED_EDGE('',*,*,#4365,.T.);
#6810=ORIENTED_EDGE('',*,*,#4362,.T.);
#6811=ORIENTED_EDGE('',*,*,#4359,.T.);
#6812=ORIENTED_EDGE('',*,*,#4356,.T.);
#6813=ORIENTED_EDGE('',*,*,#4353,.T.);
#6814=ORIENTED_EDGE('',*,*,#4350,.T.);
#6815=ORIENTED_EDGE('',*,*,#4347,.T.);
#6816=ORIENTED_EDGE('',*,*,#4235,.T.);
#6817=ORIENTED_EDGE('',*,*,#4257,.T.);
#6818=ORIENTED_EDGE('',*,*,#4254,.T.);
#6819=ORIENTED_EDGE('',*,*,#4251,.T.);
#6820=ORIENTED_EDGE('',*,*,#4248,.T.);
#6821=ORIENTED_EDGE('',*,*,#4245,.T.);
#6822=ORIENTED_EDGE('',*,*,#4242,.T.);
#6823=ORIENTED_EDGE('',*,*,#4239,.T.);
#6824=ORIENTED_EDGE('',*,*,#4184,.T.);
#6825=ORIENTED_EDGE('',*,*,#4206,.T.);
#6826=ORIENTED_EDGE('',*,*,#4203,.T.);
#6827=ORIENTED_EDGE('',*,*,#4200,.T.);
#6828=ORIENTED_EDGE('',*,*,#4197,.T.);
#6829=ORIENTED_EDGE('',*,*,#4194,.T.);
#6830=ORIENTED_EDGE('',*,*,#4191,.T.);
#6831=ORIENTED_EDGE('',*,*,#4188,.T.);
#6832=ORIENTED_EDGE('',*,*,#4034,.T.);
#6833=ORIENTED_EDGE('',*,*,#4062,.T.);
#6834=ORIENTED_EDGE('',*,*,#4059,.T.);
#6835=ORIENTED_EDGE('',*,*,#4056,.T.);
#6836=ORIENTED_EDGE('',*,*,#4053,.T.);
#6837=ORIENTED_EDGE('',*,*,#4050,.T.);
#6838=ORIENTED_EDGE('',*,*,#4047,.T.);
#6839=ORIENTED_EDGE('',*,*,#4044,.T.);
#6840=ORIENTED_EDGE('',*,*,#4041,.T.);
#6841=ORIENTED_EDGE('',*,*,#4038,.T.);
#6842=ORIENTED_EDGE('',*,*,#3971,.T.);
#6843=ORIENTED_EDGE('',*,*,#3993,.T.);
#6844=ORIENTED_EDGE('',*,*,#3990,.T.);
#6845=ORIENTED_EDGE('',*,*,#3987,.T.);
#6846=ORIENTED_EDGE('',*,*,#3984,.T.);
#6847=ORIENTED_EDGE('',*,*,#3981,.T.);
#6848=ORIENTED_EDGE('',*,*,#3978,.T.);
#6849=ORIENTED_EDGE('',*,*,#3975,.T.);
#6850=ORIENTED_EDGE('',*,*,#4740,.T.);
#6851=ORIENTED_EDGE('',*,*,#4741,.T.);
#6852=ORIENTED_EDGE('',*,*,#4676,.T.);
#6853=ORIENTED_EDGE('',*,*,#4742,.T.);
#6854=ORIENTED_EDGE('',*,*,#4742,.F.);
#6855=ORIENTED_EDGE('',*,*,#4687,.F.);
#6856=ORIENTED_EDGE('',*,*,#4743,.T.);
#6857=ORIENTED_EDGE('',*,*,#4744,.F.);
#6858=ORIENTED_EDGE('',*,*,#3866,.T.);
#6859=ORIENTED_EDGE('',*,*,#3888,.T.);
#6860=ORIENTED_EDGE('',*,*,#3885,.T.);
#6861=ORIENTED_EDGE('',*,*,#3882,.T.);
#6862=ORIENTED_EDGE('',*,*,#3879,.T.);
#6863=ORIENTED_EDGE('',*,*,#3876,.T.);
#6864=ORIENTED_EDGE('',*,*,#3873,.T.);
#6865=ORIENTED_EDGE('',*,*,#3870,.T.);
#6866=ORIENTED_EDGE('',*,*,#4745,.T.);
#6867=ORIENTED_EDGE('',*,*,#4746,.T.);
#6868=ORIENTED_EDGE('',*,*,#4682,.T.);
#6869=ORIENTED_EDGE('',*,*,#4747,.T.);
#6870=ORIENTED_EDGE('',*,*,#4747,.F.);
#6871=ORIENTED_EDGE('',*,*,#4681,.F.);
#6872=ORIENTED_EDGE('',*,*,#4748,.F.);
#6873=ORIENTED_EDGE('',*,*,#4749,.F.);
#6874=ORIENTED_EDGE('',*,*,#4750,.T.);
#6875=ORIENTED_EDGE('',*,*,#4751,.T.);
#6876=ORIENTED_EDGE('',*,*,#4678,.T.);
#6877=ORIENTED_EDGE('',*,*,#4752,.T.);
#6878=ORIENTED_EDGE('',*,*,#4741,.F.);
#6879=ORIENTED_EDGE('',*,*,#4753,.F.);
#6880=ORIENTED_EDGE('',*,*,#4752,.F.);
#6881=ORIENTED_EDGE('',*,*,#4677,.F.);
#6882=ORIENTED_EDGE('',*,*,#4754,.T.);
#6883=ORIENTED_EDGE('',*,*,#4748,.T.);
#6884=ORIENTED_EDGE('',*,*,#4680,.T.);
#6885=ORIENTED_EDGE('',*,*,#4755,.T.);
#6886=ORIENTED_EDGE('',*,*,#4756,.F.);
#6887=ORIENTED_EDGE('',*,*,#4757,.T.);
#6888=ORIENTED_EDGE('',*,*,#4739,.T.);
#6889=ORIENTED_EDGE('',*,*,#4757,.F.);
#6890=ORIENTED_EDGE('',*,*,#4758,.F.);
#6891=ORIENTED_EDGE('',*,*,#4759,.T.);
#6892=ORIENTED_EDGE('',*,*,#4738,.T.);
#6893=ORIENTED_EDGE('',*,*,#4759,.F.);
#6894=ORIENTED_EDGE('',*,*,#4731,.T.);
#6895=ORIENTED_EDGE('',*,*,#4760,.T.);
#6896=ORIENTED_EDGE('',*,*,#4761,.F.);
#6897=ORIENTED_EDGE('',*,*,#4762,.F.);
#6898=ORIENTED_EDGE('',*,*,#4732,.T.);
#6899=ORIENTED_EDGE('',*,*,#4762,.T.);
#6900=ORIENTED_EDGE('',*,*,#4763,.F.);
#6901=ORIENTED_EDGE('',*,*,#4764,.F.);
#6902=ORIENTED_EDGE('',*,*,#4733,.T.);
#6903=ORIENTED_EDGE('',*,*,#4764,.T.);
#6904=ORIENTED_EDGE('',*,*,#4765,.F.);
#6905=ORIENTED_EDGE('',*,*,#4766,.F.);
#6906=ORIENTED_EDGE('',*,*,#4734,.T.);
#6907=ORIENTED_EDGE('',*,*,#4766,.T.);
#6908=ORIENTED_EDGE('',*,*,#4767,.F.);
#6909=ORIENTED_EDGE('',*,*,#4768,.F.);
#6910=ORIENTED_EDGE('',*,*,#4735,.T.);
#6911=ORIENTED_EDGE('',*,*,#4768,.T.);
#6912=ORIENTED_EDGE('',*,*,#4769,.F.);
#6913=ORIENTED_EDGE('',*,*,#4770,.F.);
#6914=ORIENTED_EDGE('',*,*,#4736,.T.);
#6915=ORIENTED_EDGE('',*,*,#4770,.T.);
#6916=ORIENTED_EDGE('',*,*,#4771,.F.);
#6917=ORIENTED_EDGE('',*,*,#4772,.F.);
#6918=ORIENTED_EDGE('',*,*,#4737,.T.);
#6919=ORIENTED_EDGE('',*,*,#4772,.T.);
#6920=ORIENTED_EDGE('',*,*,#4773,.F.);
#6921=ORIENTED_EDGE('',*,*,#4774,.F.);
#6922=ORIENTED_EDGE('',*,*,#4730,.T.);
#6923=ORIENTED_EDGE('',*,*,#4774,.T.);
#6924=ORIENTED_EDGE('',*,*,#4775,.F.);
#6925=ORIENTED_EDGE('',*,*,#4760,.F.);
#6926=ORIENTED_EDGE('',*,*,#4776,.F.);
#6927=ORIENTED_EDGE('',*,*,#4777,.T.);
#6928=ORIENTED_EDGE('',*,*,#4729,.T.);
#6929=ORIENTED_EDGE('',*,*,#4777,.F.);
#6930=ORIENTED_EDGE('',*,*,#4722,.T.);
#6931=ORIENTED_EDGE('',*,*,#4778,.T.);
#6932=ORIENTED_EDGE('',*,*,#4779,.F.);
#6933=ORIENTED_EDGE('',*,*,#4780,.F.);
#6934=ORIENTED_EDGE('',*,*,#4723,.T.);
#6935=ORIENTED_EDGE('',*,*,#4780,.T.);
#6936=ORIENTED_EDGE('',*,*,#4781,.F.);
#6937=ORIENTED_EDGE('',*,*,#4782,.F.);
#6938=ORIENTED_EDGE('',*,*,#4724,.T.);
#6939=ORIENTED_EDGE('',*,*,#4782,.T.);
#6940=ORIENTED_EDGE('',*,*,#4783,.F.);
#6941=ORIENTED_EDGE('',*,*,#4784,.F.);
#6942=ORIENTED_EDGE('',*,*,#4725,.T.);
#6943=ORIENTED_EDGE('',*,*,#4784,.T.);
#6944=ORIENTED_EDGE('',*,*,#4785,.F.);
#6945=ORIENTED_EDGE('',*,*,#4786,.F.);
#6946=ORIENTED_EDGE('',*,*,#4726,.T.);
#6947=ORIENTED_EDGE('',*,*,#4786,.T.);
#6948=ORIENTED_EDGE('',*,*,#4787,.F.);
#6949=ORIENTED_EDGE('',*,*,#4788,.F.);
#6950=ORIENTED_EDGE('',*,*,#4727,.T.);
#6951=ORIENTED_EDGE('',*,*,#4788,.T.);
#6952=ORIENTED_EDGE('',*,*,#4789,.F.);
#6953=ORIENTED_EDGE('',*,*,#4790,.F.);
#6954=ORIENTED_EDGE('',*,*,#4728,.T.);
#6955=ORIENTED_EDGE('',*,*,#4790,.T.);
#6956=ORIENTED_EDGE('',*,*,#4791,.F.);
#6957=ORIENTED_EDGE('',*,*,#4792,.F.);
#6958=ORIENTED_EDGE('',*,*,#4721,.T.);
#6959=ORIENTED_EDGE('',*,*,#4792,.T.);
#6960=ORIENTED_EDGE('',*,*,#4793,.F.);
#6961=ORIENTED_EDGE('',*,*,#4778,.F.);
#6962=ORIENTED_EDGE('',*,*,#4794,.F.);
#6963=ORIENTED_EDGE('',*,*,#4795,.T.);
#6964=ORIENTED_EDGE('',*,*,#4720,.T.);
#6965=ORIENTED_EDGE('',*,*,#4795,.F.);
#6966=ORIENTED_EDGE('',*,*,#4713,.T.);
#6967=ORIENTED_EDGE('',*,*,#4796,.T.);
#6968=ORIENTED_EDGE('',*,*,#4797,.F.);
#6969=ORIENTED_EDGE('',*,*,#4798,.F.);
#6970=ORIENTED_EDGE('',*,*,#4714,.T.);
#6971=ORIENTED_EDGE('',*,*,#4798,.T.);
#6972=ORIENTED_EDGE('',*,*,#4799,.F.);
#6973=ORIENTED_EDGE('',*,*,#4800,.F.);
#6974=ORIENTED_EDGE('',*,*,#4715,.T.);
#6975=ORIENTED_EDGE('',*,*,#4800,.T.);
#6976=ORIENTED_EDGE('',*,*,#4801,.F.);
#6977=ORIENTED_EDGE('',*,*,#4802,.F.);
#6978=ORIENTED_EDGE('',*,*,#4716,.T.);
#6979=ORIENTED_EDGE('',*,*,#4802,.T.);
#6980=ORIENTED_EDGE('',*,*,#4803,.F.);
#6981=ORIENTED_EDGE('',*,*,#4804,.F.);
#6982=ORIENTED_EDGE('',*,*,#4717,.T.);
#6983=ORIENTED_EDGE('',*,*,#4804,.T.);
#6984=ORIENTED_EDGE('',*,*,#4805,.F.);
#6985=ORIENTED_EDGE('',*,*,#4806,.F.);
#6986=ORIENTED_EDGE('',*,*,#4718,.T.);
#6987=ORIENTED_EDGE('',*,*,#4806,.T.);
#6988=ORIENTED_EDGE('',*,*,#4807,.F.);
#6989=ORIENTED_EDGE('',*,*,#4808,.F.);
#6990=ORIENTED_EDGE('',*,*,#4719,.T.);
#6991=ORIENTED_EDGE('',*,*,#4808,.T.);
#6992=ORIENTED_EDGE('',*,*,#4809,.F.);
#6993=ORIENTED_EDGE('',*,*,#4810,.F.);
#6994=ORIENTED_EDGE('',*,*,#4712,.T.);
#6995=ORIENTED_EDGE('',*,*,#4810,.T.);
#6996=ORIENTED_EDGE('',*,*,#4811,.F.);
#6997=ORIENTED_EDGE('',*,*,#4796,.F.);
#6998=ORIENTED_EDGE('',*,*,#4705,.T.);
#6999=ORIENTED_EDGE('',*,*,#4812,.T.);
#7000=ORIENTED_EDGE('',*,*,#4813,.F.);
#7001=ORIENTED_EDGE('',*,*,#4814,.F.);
#7002=ORIENTED_EDGE('',*,*,#4706,.T.);
#7003=ORIENTED_EDGE('',*,*,#4814,.T.);
#7004=ORIENTED_EDGE('',*,*,#4815,.F.);
#7005=ORIENTED_EDGE('',*,*,#4816,.F.);
#7006=ORIENTED_EDGE('',*,*,#4707,.T.);
#7007=ORIENTED_EDGE('',*,*,#4816,.T.);
#7008=ORIENTED_EDGE('',*,*,#4817,.F.);
#7009=ORIENTED_EDGE('',*,*,#4818,.F.);
#7010=ORIENTED_EDGE('',*,*,#4708,.T.);
#7011=ORIENTED_EDGE('',*,*,#4818,.T.);
#7012=ORIENTED_EDGE('',*,*,#4819,.F.);
#7013=ORIENTED_EDGE('',*,*,#4820,.F.);
#7014=ORIENTED_EDGE('',*,*,#4709,.T.);
#7015=ORIENTED_EDGE('',*,*,#4820,.T.);
#7016=ORIENTED_EDGE('',*,*,#4821,.F.);
#7017=ORIENTED_EDGE('',*,*,#4822,.F.);
#7018=ORIENTED_EDGE('',*,*,#4710,.T.);
#7019=ORIENTED_EDGE('',*,*,#4822,.T.);
#7020=ORIENTED_EDGE('',*,*,#4823,.F.);
#7021=ORIENTED_EDGE('',*,*,#4824,.F.);
#7022=ORIENTED_EDGE('',*,*,#4711,.T.);
#7023=ORIENTED_EDGE('',*,*,#4824,.T.);
#7024=ORIENTED_EDGE('',*,*,#4825,.F.);
#7025=ORIENTED_EDGE('',*,*,#4826,.F.);
#7026=ORIENTED_EDGE('',*,*,#4704,.T.);
#7027=ORIENTED_EDGE('',*,*,#4826,.T.);
#7028=ORIENTED_EDGE('',*,*,#4827,.F.);
#7029=ORIENTED_EDGE('',*,*,#4812,.F.);
#7030=ORIENTED_EDGE('',*,*,#4697,.T.);
#7031=ORIENTED_EDGE('',*,*,#4828,.T.);
#7032=ORIENTED_EDGE('',*,*,#4829,.F.);
#7033=ORIENTED_EDGE('',*,*,#4830,.F.);
#7034=ORIENTED_EDGE('',*,*,#4698,.T.);
#7035=ORIENTED_EDGE('',*,*,#4830,.T.);
#7036=ORIENTED_EDGE('',*,*,#4831,.F.);
#7037=ORIENTED_EDGE('',*,*,#4832,.F.);
#7038=ORIENTED_EDGE('',*,*,#4699,.T.);
#7039=ORIENTED_EDGE('',*,*,#4832,.T.);
#7040=ORIENTED_EDGE('',*,*,#4833,.F.);
#7041=ORIENTED_EDGE('',*,*,#4834,.F.);
#7042=ORIENTED_EDGE('',*,*,#4700,.T.);
#7043=ORIENTED_EDGE('',*,*,#4834,.T.);
#7044=ORIENTED_EDGE('',*,*,#4835,.F.);
#7045=ORIENTED_EDGE('',*,*,#4836,.F.);
#7046=ORIENTED_EDGE('',*,*,#4701,.T.);
#7047=ORIENTED_EDGE('',*,*,#4836,.T.);
#7048=ORIENTED_EDGE('',*,*,#4837,.F.);
#7049=ORIENTED_EDGE('',*,*,#4838,.F.);
#7050=ORIENTED_EDGE('',*,*,#4702,.T.);
#7051=ORIENTED_EDGE('',*,*,#4838,.T.);
#7052=ORIENTED_EDGE('',*,*,#4839,.F.);
#7053=ORIENTED_EDGE('',*,*,#4840,.F.);
#7054=ORIENTED_EDGE('',*,*,#4703,.T.);
#7055=ORIENTED_EDGE('',*,*,#4840,.T.);
#7056=ORIENTED_EDGE('',*,*,#4841,.F.);
#7057=ORIENTED_EDGE('',*,*,#4842,.F.);
#7058=ORIENTED_EDGE('',*,*,#4696,.T.);
#7059=ORIENTED_EDGE('',*,*,#4842,.T.);
#7060=ORIENTED_EDGE('',*,*,#4843,.F.);
#7061=ORIENTED_EDGE('',*,*,#4828,.F.);
#7062=ORIENTED_EDGE('',*,*,#4689,.T.);
#7063=ORIENTED_EDGE('',*,*,#4844,.T.);
#7064=ORIENTED_EDGE('',*,*,#4845,.F.);
#7065=ORIENTED_EDGE('',*,*,#4846,.F.);
#7066=ORIENTED_EDGE('',*,*,#4690,.T.);
#7067=ORIENTED_EDGE('',*,*,#4846,.T.);
#7068=ORIENTED_EDGE('',*,*,#4847,.F.);
#7069=ORIENTED_EDGE('',*,*,#4848,.F.);
#7070=ORIENTED_EDGE('',*,*,#4691,.T.);
#7071=ORIENTED_EDGE('',*,*,#4848,.T.);
#7072=ORIENTED_EDGE('',*,*,#4849,.F.);
#7073=ORIENTED_EDGE('',*,*,#4850,.F.);
#7074=ORIENTED_EDGE('',*,*,#4692,.T.);
#7075=ORIENTED_EDGE('',*,*,#4850,.T.);
#7076=ORIENTED_EDGE('',*,*,#4851,.F.);
#7077=ORIENTED_EDGE('',*,*,#4852,.F.);
#7078=ORIENTED_EDGE('',*,*,#4693,.T.);
#7079=ORIENTED_EDGE('',*,*,#4852,.T.);
#7080=ORIENTED_EDGE('',*,*,#4853,.F.);
#7081=ORIENTED_EDGE('',*,*,#4854,.F.);
#7082=ORIENTED_EDGE('',*,*,#4694,.T.);
#7083=ORIENTED_EDGE('',*,*,#4854,.T.);
#7084=ORIENTED_EDGE('',*,*,#4855,.F.);
#7085=ORIENTED_EDGE('',*,*,#4856,.F.);
#7086=ORIENTED_EDGE('',*,*,#4695,.T.);
#7087=ORIENTED_EDGE('',*,*,#4856,.T.);
#7088=ORIENTED_EDGE('',*,*,#4857,.F.);
#7089=ORIENTED_EDGE('',*,*,#4858,.F.);
#7090=ORIENTED_EDGE('',*,*,#4688,.T.);
#7091=ORIENTED_EDGE('',*,*,#4858,.T.);
#7092=ORIENTED_EDGE('',*,*,#4859,.F.);
#7093=ORIENTED_EDGE('',*,*,#4844,.F.);
#7094=ORIENTED_EDGE('',*,*,#4751,.F.);
#7095=ORIENTED_EDGE('',*,*,#4860,.F.);
#7096=ORIENTED_EDGE('',*,*,#4755,.F.);
#7097=ORIENTED_EDGE('',*,*,#4679,.F.);
#7098=ORIENTED_EDGE('',*,*,#4746,.F.);
#7099=ORIENTED_EDGE('',*,*,#4861,.F.);
#7100=ORIENTED_EDGE('',*,*,#4862,.F.);
#7101=ORIENTED_EDGE('',*,*,#4683,.F.);
#7102=ORIENTED_EDGE('',*,*,#4684,.T.);
#7103=ORIENTED_EDGE('',*,*,#4862,.T.);
#7104=ORIENTED_EDGE('',*,*,#4863,.F.);
#7105=ORIENTED_EDGE('',*,*,#4864,.F.);
#7106=ORIENTED_EDGE('',*,*,#4685,.T.);
#7107=ORIENTED_EDGE('',*,*,#4864,.T.);
#7108=ORIENTED_EDGE('',*,*,#4865,.F.);
#7109=ORIENTED_EDGE('',*,*,#4866,.F.);
#7110=ORIENTED_EDGE('',*,*,#4686,.T.);
#7111=ORIENTED_EDGE('',*,*,#4866,.T.);
#7112=ORIENTED_EDGE('',*,*,#4867,.F.);
#7113=ORIENTED_EDGE('',*,*,#4743,.F.);
#7114=ORIENTED_EDGE('',*,*,#4740,.F.);
#7115=ORIENTED_EDGE('',*,*,#4744,.T.);
#7116=ORIENTED_EDGE('',*,*,#4867,.T.);
#7117=ORIENTED_EDGE('',*,*,#4865,.T.);
#7118=ORIENTED_EDGE('',*,*,#4863,.T.);
#7119=ORIENTED_EDGE('',*,*,#4861,.T.);
#7120=ORIENTED_EDGE('',*,*,#4745,.F.);
#7121=ORIENTED_EDGE('',*,*,#4749,.T.);
#7122=ORIENTED_EDGE('',*,*,#4754,.F.);
#7123=ORIENTED_EDGE('',*,*,#4860,.T.);
#7124=ORIENTED_EDGE('',*,*,#4750,.F.);
#7125=ORIENTED_EDGE('',*,*,#4753,.T.);
#7126=ORIENTED_EDGE('',*,*,#4859,.T.);
#7127=ORIENTED_EDGE('',*,*,#4857,.T.);
#7128=ORIENTED_EDGE('',*,*,#4855,.T.);
#7129=ORIENTED_EDGE('',*,*,#4853,.T.);
#7130=ORIENTED_EDGE('',*,*,#4851,.T.);
#7131=ORIENTED_EDGE('',*,*,#4849,.T.);
#7132=ORIENTED_EDGE('',*,*,#4847,.T.);
#7133=ORIENTED_EDGE('',*,*,#4845,.T.);
#7134=ORIENTED_EDGE('',*,*,#4843,.T.);
#7135=ORIENTED_EDGE('',*,*,#4841,.T.);
#7136=ORIENTED_EDGE('',*,*,#4839,.T.);
#7137=ORIENTED_EDGE('',*,*,#4837,.T.);
#7138=ORIENTED_EDGE('',*,*,#4835,.T.);
#7139=ORIENTED_EDGE('',*,*,#4833,.T.);
#7140=ORIENTED_EDGE('',*,*,#4831,.T.);
#7141=ORIENTED_EDGE('',*,*,#4829,.T.);
#7142=ORIENTED_EDGE('',*,*,#4827,.T.);
#7143=ORIENTED_EDGE('',*,*,#4825,.T.);
#7144=ORIENTED_EDGE('',*,*,#4823,.T.);
#7145=ORIENTED_EDGE('',*,*,#4821,.T.);
#7146=ORIENTED_EDGE('',*,*,#4819,.T.);
#7147=ORIENTED_EDGE('',*,*,#4817,.T.);
#7148=ORIENTED_EDGE('',*,*,#4815,.T.);
#7149=ORIENTED_EDGE('',*,*,#4813,.T.);
#7150=ORIENTED_EDGE('',*,*,#4811,.T.);
#7151=ORIENTED_EDGE('',*,*,#4809,.T.);
#7152=ORIENTED_EDGE('',*,*,#4807,.T.);
#7153=ORIENTED_EDGE('',*,*,#4805,.T.);
#7154=ORIENTED_EDGE('',*,*,#4803,.T.);
#7155=ORIENTED_EDGE('',*,*,#4801,.T.);
#7156=ORIENTED_EDGE('',*,*,#4799,.T.);
#7157=ORIENTED_EDGE('',*,*,#4797,.T.);
#7158=ORIENTED_EDGE('',*,*,#4794,.T.);
#7159=ORIENTED_EDGE('',*,*,#4793,.T.);
#7160=ORIENTED_EDGE('',*,*,#4791,.T.);
#7161=ORIENTED_EDGE('',*,*,#4789,.T.);
#7162=ORIENTED_EDGE('',*,*,#4787,.T.);
#7163=ORIENTED_EDGE('',*,*,#4785,.T.);
#7164=ORIENTED_EDGE('',*,*,#4783,.T.);
#7165=ORIENTED_EDGE('',*,*,#4781,.T.);
#7166=ORIENTED_EDGE('',*,*,#4779,.T.);
#7167=ORIENTED_EDGE('',*,*,#4776,.T.);
#7168=ORIENTED_EDGE('',*,*,#4775,.T.);
#7169=ORIENTED_EDGE('',*,*,#4773,.T.);
#7170=ORIENTED_EDGE('',*,*,#4771,.T.);
#7171=ORIENTED_EDGE('',*,*,#4769,.T.);
#7172=ORIENTED_EDGE('',*,*,#4767,.T.);
#7173=ORIENTED_EDGE('',*,*,#4765,.T.);
#7174=ORIENTED_EDGE('',*,*,#4763,.T.);
#7175=ORIENTED_EDGE('',*,*,#4761,.T.);
#7176=ORIENTED_EDGE('',*,*,#4758,.T.);
#7177=ORIENTED_EDGE('',*,*,#4756,.T.);
#7178=PLANE('',#7724);
#7179=PLANE('',#7725);
#7180=PLANE('',#7726);
#7181=PLANE('',#7727);
#7182=PLANE('',#7728);
#7183=PLANE('',#7729);
#7184=PLANE('',#7730);
#7185=PLANE('',#7731);
#7186=PLANE('',#7732);
#7187=PLANE('',#7733);
#7188=PLANE('',#7734);
#7189=PLANE('',#7735);
#7190=PLANE('',#7736);
#7191=PLANE('',#7737);
#7192=PLANE('',#7738);
#7193=PLANE('',#7739);
#7194=PLANE('',#7740);
#7195=PLANE('',#7741);
#7196=PLANE('',#7742);
#7197=PLANE('',#7743);
#7198=PLANE('',#7744);
#7199=PLANE('',#7745);
#7200=PLANE('',#7746);
#7201=PLANE('',#7747);
#7202=PLANE('',#7748);
#7203=PLANE('',#7749);
#7204=PLANE('',#7750);
#7205=PLANE('',#7751);
#7206=PLANE('',#7752);
#7207=PLANE('',#7753);
#7208=PLANE('',#7754);
#7209=PLANE('',#7755);
#7210=PLANE('',#7756);
#7211=PLANE('',#7757);
#7212=PLANE('',#7758);
#7213=PLANE('',#7759);
#7214=PLANE('',#7760);
#7215=PLANE('',#7761);
#7216=PLANE('',#7762);
#7217=PLANE('',#7763);
#7218=PLANE('',#7764);
#7219=PLANE('',#7765);
#7220=PLANE('',#7766);
#7221=PLANE('',#7767);
#7222=PLANE('',#7768);
#7223=PLANE('',#7769);
#7224=PLANE('',#7770);
#7225=PLANE('',#7771);
#7226=PLANE('',#7772);
#7227=PLANE('',#7773);
#7228=PLANE('',#7774);
#7229=PLANE('',#7775);
#7230=PLANE('',#7776);
#7231=PLANE('',#7777);
#7232=PLANE('',#7778);
#7233=PLANE('',#7779);
#7234=PLANE('',#7780);
#7235=PLANE('',#7781);
#7236=PLANE('',#7782);
#7237=PLANE('',#7783);
#7238=PLANE('',#7784);
#7239=PLANE('',#7785);
#7240=PLANE('',#7786);
#7241=PLANE('',#7787);
#7242=PLANE('',#7788);
#7243=PLANE('',#7789);
#7244=PLANE('',#7790);
#7245=PLANE('',#7791);
#7246=PLANE('',#7792);
#7247=PLANE('',#7793);
#7248=PLANE('',#7794);
#7249=PLANE('',#7795);
#7250=PLANE('',#7796);
#7251=PLANE('',#7797);
#7252=PLANE('',#7798);
#7253=PLANE('',#7799);
#7254=PLANE('',#7800);
#7255=PLANE('',#7801);
#7256=PLANE('',#7802);
#7257=PLANE('',#7803);
#7258=PLANE('',#7804);
#7259=PLANE('',#7837);
#7260=PLANE('',#7838);
#7261=PLANE('',#7839);
#7262=PLANE('',#7840);
#7263=PLANE('',#7841);
#7264=PLANE('',#7842);
#7265=PLANE('',#7843);
#7266=PLANE('',#7846);
#7267=PLANE('',#7847);
#7268=PLANE('',#7850);
#7269=PLANE('',#7853);
#7270=PLANE('',#7860);
#7271=PLANE('',#7863);
#7272=PLANE('',#7866);
#7273=PLANE('',#7869);
#7274=PLANE('',#7874);
#7275=PLANE('',#7877);
#7276=PLANE('',#7880);
#7277=PLANE('',#7883);
#7278=PLANE('',#7888);
#7279=PLANE('',#7891);
#7280=PLANE('',#7894);
#7281=PLANE('',#7897);
#7282=PLANE('',#7900);
#7283=PLANE('',#7903);
#7284=PLANE('',#7906);
#7285=PLANE('',#7909);
#7286=PLANE('',#7912);
#7287=PLANE('',#7915);
#7288=PLANE('',#7918);
#7289=PLANE('',#7921);
#7290=PLANE('',#7924);
#7291=PLANE('',#7927);
#7292=PLANE('',#7930);
#7293=PLANE('',#7933);
#7294=PLANE('',#7936);
#7295=PLANE('',#7937);
#7296=PLANE('',#7938);
#7297=PLANE('',#7939);
#7298=PLANE('',#7940);
#7299=PLANE('',#7941);
#7300=ADVANCED_FACE('',(#922),#7178,.F.);
#7301=ADVANCED_FACE('',(#923),#7179,.F.);
#7302=ADVANCED_FACE('',(#924),#7180,.F.);
#7303=ADVANCED_FACE('',(#925),#666,.F.);
#7304=ADVANCED_FACE('',(#926),#667,.F.);
#7305=ADVANCED_FACE('',(#927),#668,.F.);
#7306=ADVANCED_FACE('',(#928),#669,.F.);
#7307=ADVANCED_FACE('',(#929),#670,.F.);
#7308=ADVANCED_FACE('',(#930),#671,.F.);
#7309=ADVANCED_FACE('',(#931),#7181,.F.);
#7310=ADVANCED_FACE('',(#932),#7182,.F.);
#7311=ADVANCED_FACE('',(#933),#7183,.F.);
#7312=ADVANCED_FACE('',(#934),#672,.F.);
#7313=ADVANCED_FACE('',(#935),#673,.F.);
#7314=ADVANCED_FACE('',(#936),#674,.F.);
#7315=ADVANCED_FACE('',(#937),#675,.F.);
#7316=ADVANCED_FACE('',(#938),#676,.F.);
#7317=ADVANCED_FACE('',(#939),#7184,.F.);
#7318=ADVANCED_FACE('',(#940),#7185,.F.);
#7319=ADVANCED_FACE('',(#941),#7186,.T.);
#7320=ADVANCED_FACE('',(#942),#7187,.F.);
#7321=ADVANCED_FACE('',(#943),#7188,.F.);
#7322=ADVANCED_FACE('',(#944),#7189,.F.);
#7323=ADVANCED_FACE('',(#945),#7190,.F.);
#7324=ADVANCED_FACE('',(#946),#7191,.F.);
#7325=ADVANCED_FACE('',(#947),#7192,.F.);
#7326=ADVANCED_FACE('',(#948),#677,.F.);
#7327=ADVANCED_FACE('',(#949),#678,.F.);
#7328=ADVANCED_FACE('',(#950),#679,.F.);
#7329=ADVANCED_FACE('',(#951),#680,.F.);
#7330=ADVANCED_FACE('',(#952),#681,.F.);
#7331=ADVANCED_FACE('',(#953),#7193,.F.);
#7332=ADVANCED_FACE('',(#954),#7194,.F.);
#7333=ADVANCED_FACE('',(#955),#7195,.F.);
#7334=ADVANCED_FACE('',(#956),#682,.F.);
#7335=ADVANCED_FACE('',(#957),#683,.F.);
#7336=ADVANCED_FACE('',(#958),#684,.F.);
#7337=ADVANCED_FACE('',(#959),#685,.F.);
#7338=ADVANCED_FACE('',(#960),#686,.F.);
#7339=ADVANCED_FACE('',(#961),#7196,.F.);
#7340=ADVANCED_FACE('',(#962),#7197,.F.);
#7341=ADVANCED_FACE('',(#963),#7198,.F.);
#7342=ADVANCED_FACE('',(#964),#687,.F.);
#7343=ADVANCED_FACE('',(#965),#688,.F.);
#7344=ADVANCED_FACE('',(#966),#689,.F.);
#7345=ADVANCED_FACE('',(#967),#690,.F.);
#7346=ADVANCED_FACE('',(#968),#691,.F.);
#7347=ADVANCED_FACE('',(#969),#692,.F.);
#7348=ADVANCED_FACE('',(#970),#693,.F.);
#7349=ADVANCED_FACE('',(#971),#7199,.F.);
#7350=ADVANCED_FACE('',(#972),#7200,.F.);
#7351=ADVANCED_FACE('',(#973),#7201,.F.);
#7352=ADVANCED_FACE('',(#974),#7202,.F.);
#7353=ADVANCED_FACE('',(#975),#7203,.T.);
#7354=ADVANCED_FACE('',(#976),#694,.F.);
#7355=ADVANCED_FACE('',(#977),#695,.F.);
#7356=ADVANCED_FACE('',(#978),#696,.F.);
#7357=ADVANCED_FACE('',(#979),#697,.F.);
#7358=ADVANCED_FACE('',(#980),#698,.F.);
#7359=ADVANCED_FACE('',(#981),#699,.F.);
#7360=ADVANCED_FACE('',(#982),#700,.F.);
#7361=ADVANCED_FACE('',(#983),#701,.F.);
#7362=ADVANCED_FACE('',(#984),#7204,.F.);
#7363=ADVANCED_FACE('',(#985),#7205,.F.);
#7364=ADVANCED_FACE('',(#986),#7206,.F.);
#7365=ADVANCED_FACE('',(#987),#702,.F.);
#7366=ADVANCED_FACE('',(#988),#703,.F.);
#7367=ADVANCED_FACE('',(#989),#704,.F.);
#7368=ADVANCED_FACE('',(#990),#705,.F.);
#7369=ADVANCED_FACE('',(#991),#706,.F.);
#7370=ADVANCED_FACE('',(#992),#707,.F.);
#7371=ADVANCED_FACE('',(#993),#708,.F.);
#7372=ADVANCED_FACE('',(#994),#709,.F.);
#7373=ADVANCED_FACE('',(#995),#710,.F.);
#7374=ADVANCED_FACE('',(#996),#7207,.F.);
#7375=ADVANCED_FACE('',(#997),#7208,.F.);
#7376=ADVANCED_FACE('',(#998,#111),#7209,.T.);
#7377=ADVANCED_FACE('',(#999),#7210,.F.);
#7378=ADVANCED_FACE('',(#1000),#711,.F.);
#7379=ADVANCED_FACE('',(#1001),#712,.F.);
#7380=ADVANCED_FACE('',(#1002),#713,.F.);
#7381=ADVANCED_FACE('',(#1003),#714,.F.);
#7382=ADVANCED_FACE('',(#1004),#7211,.F.);
#7383=ADVANCED_FACE('',(#1005),#715,.F.);
#7384=ADVANCED_FACE('',(#1006),#716,.F.);
#7385=ADVANCED_FACE('',(#1007),#717,.F.);
#7386=ADVANCED_FACE('',(#1008),#7212,.F.);
#7387=ADVANCED_FACE('',(#1009),#7213,.F.);
#7388=ADVANCED_FACE('',(#1010),#7214,.F.);
#7389=ADVANCED_FACE('',(#1011),#7215,.F.);
#7390=ADVANCED_FACE('',(#1012),#7216,.T.);
#7391=ADVANCED_FACE('',(#1013),#718,.F.);
#7392=ADVANCED_FACE('',(#1014),#719,.F.);
#7393=ADVANCED_FACE('',(#1015),#720,.F.);
#7394=ADVANCED_FACE('',(#1016),#721,.F.);
#7395=ADVANCED_FACE('',(#1017),#722,.F.);
#7396=ADVANCED_FACE('',(#1018),#723,.F.);
#7397=ADVANCED_FACE('',(#1019),#724,.F.);
#7398=ADVANCED_FACE('',(#1020),#725,.F.);
#7399=ADVANCED_FACE('',(#1021),#726,.F.);
#7400=ADVANCED_FACE('',(#1022),#727,.F.);
#7401=ADVANCED_FACE('',(#1023),#728,.F.);
#7402=ADVANCED_FACE('',(#1024),#729,.F.);
#7403=ADVANCED_FACE('',(#1025),#730,.F.);
#7404=ADVANCED_FACE('',(#1026),#731,.F.);
#7405=ADVANCED_FACE('',(#1027),#732,.F.);
#7406=ADVANCED_FACE('',(#1028),#733,.F.);
#7407=ADVANCED_FACE('',(#1029),#7217,.F.);
#7408=ADVANCED_FACE('',(#1030),#7218,.F.);
#7409=ADVANCED_FACE('',(#1031),#7219,.F.);
#7410=ADVANCED_FACE('',(#1032),#7220,.F.);
#7411=ADVANCED_FACE('',(#1033),#7221,.F.);
#7412=ADVANCED_FACE('',(#1034,#112),#7222,.T.);
#7413=ADVANCED_FACE('',(#1035),#734,.F.);
#7414=ADVANCED_FACE('',(#1036),#735,.F.);
#7415=ADVANCED_FACE('',(#1037),#736,.F.);
#7416=ADVANCED_FACE('',(#1038),#737,.F.);
#7417=ADVANCED_FACE('',(#1039),#738,.F.);
#7418=ADVANCED_FACE('',(#1040),#739,.F.);
#7419=ADVANCED_FACE('',(#1041),#740,.F.);
#7420=ADVANCED_FACE('',(#1042),#741,.F.);
#7421=ADVANCED_FACE('',(#1043),#742,.F.);
#7422=ADVANCED_FACE('',(#1044),#7223,.F.);
#7423=ADVANCED_FACE('',(#1045),#7224,.F.);
#7424=ADVANCED_FACE('',(#1046),#743,.F.);
#7425=ADVANCED_FACE('',(#1047),#744,.F.);
#7426=ADVANCED_FACE('',(#1048),#7225,.F.);
#7427=ADVANCED_FACE('',(#1049),#745,.F.);
#7428=ADVANCED_FACE('',(#1050),#746,.F.);
#7429=ADVANCED_FACE('',(#1051),#747,.F.);
#7430=ADVANCED_FACE('',(#1052),#748,.F.);
#7431=ADVANCED_FACE('',(#1053),#749,.F.);
#7432=ADVANCED_FACE('',(#1054),#750,.F.);
#7433=ADVANCED_FACE('',(#1055),#751,.F.);
#7434=ADVANCED_FACE('',(#1056),#7226,.F.);
#7435=ADVANCED_FACE('',(#1057),#752,.F.);
#7436=ADVANCED_FACE('',(#1058),#753,.F.);
#7437=ADVANCED_FACE('',(#1059),#754,.F.);
#7438=ADVANCED_FACE('',(#1060),#755,.F.);
#7439=ADVANCED_FACE('',(#1061),#756,.F.);
#7440=ADVANCED_FACE('',(#1062),#757,.F.);
#7441=ADVANCED_FACE('',(#1063),#758,.F.);
#7442=ADVANCED_FACE('',(#1064),#759,.F.);
#7443=ADVANCED_FACE('',(#1065),#760,.F.);
#7444=ADVANCED_FACE('',(#1066),#761,.F.);
#7445=ADVANCED_FACE('',(#1067),#762,.F.);
#7446=ADVANCED_FACE('',(#1068),#763,.F.);
#7447=ADVANCED_FACE('',(#1069),#764,.F.);
#7448=ADVANCED_FACE('',(#1070),#765,.F.);
#7449=ADVANCED_FACE('',(#1071),#766,.F.);
#7450=ADVANCED_FACE('',(#1072,#113),#7227,.T.);
#7451=ADVANCED_FACE('',(#1073),#7228,.F.);
#7452=ADVANCED_FACE('',(#1074),#767,.F.);
#7453=ADVANCED_FACE('',(#1075),#768,.F.);
#7454=ADVANCED_FACE('',(#1076),#769,.F.);
#7455=ADVANCED_FACE('',(#1077),#770,.F.);
#7456=ADVANCED_FACE('',(#1078),#7229,.F.);
#7457=ADVANCED_FACE('',(#1079),#771,.F.);
#7458=ADVANCED_FACE('',(#1080),#772,.F.);
#7459=ADVANCED_FACE('',(#1081),#773,.F.);
#7460=ADVANCED_FACE('',(#1082),#7230,.F.);
#7461=ADVANCED_FACE('',(#1083),#7231,.F.);
#7462=ADVANCED_FACE('',(#1084),#7232,.F.);
#7463=ADVANCED_FACE('',(#1085),#7233,.F.);
#7464=ADVANCED_FACE('',(#1086),#7234,.T.);
#7465=ADVANCED_FACE('',(#1087),#774,.F.);
#7466=ADVANCED_FACE('',(#1088),#775,.F.);
#7467=ADVANCED_FACE('',(#1089),#776,.F.);
#7468=ADVANCED_FACE('',(#1090),#777,.F.);
#7469=ADVANCED_FACE('',(#1091),#778,.F.);
#7470=ADVANCED_FACE('',(#1092),#779,.F.);
#7471=ADVANCED_FACE('',(#1093),#780,.F.);
#7472=ADVANCED_FACE('',(#1094),#781,.F.);
#7473=ADVANCED_FACE('',(#1095),#782,.F.);
#7474=ADVANCED_FACE('',(#1096),#783,.F.);
#7475=ADVANCED_FACE('',(#1097),#784,.F.);
#7476=ADVANCED_FACE('',(#1098),#785,.F.);
#7477=ADVANCED_FACE('',(#1099),#786,.F.);
#7478=ADVANCED_FACE('',(#1100),#787,.F.);
#7479=ADVANCED_FACE('',(#1101),#788,.F.);
#7480=ADVANCED_FACE('',(#1102),#789,.F.);
#7481=ADVANCED_FACE('',(#1103),#790,.F.);
#7482=ADVANCED_FACE('',(#1104,#114),#7235,.T.);
#7483=ADVANCED_FACE('',(#1105),#791,.F.);
#7484=ADVANCED_FACE('',(#1106),#792,.F.);
#7485=ADVANCED_FACE('',(#1107),#793,.F.);
#7486=ADVANCED_FACE('',(#1108),#794,.F.);
#7487=ADVANCED_FACE('',(#1109),#795,.F.);
#7488=ADVANCED_FACE('',(#1110),#796,.F.);
#7489=ADVANCED_FACE('',(#1111),#797,.F.);
#7490=ADVANCED_FACE('',(#1112),#798,.F.);
#7491=ADVANCED_FACE('',(#1113),#799,.F.);
#7492=ADVANCED_FACE('',(#1114),#800,.F.);
#7493=ADVANCED_FACE('',(#1115),#801,.F.);
#7494=ADVANCED_FACE('',(#1116),#802,.F.);
#7495=ADVANCED_FACE('',(#1117),#803,.F.);
#7496=ADVANCED_FACE('',(#1118),#804,.F.);
#7497=ADVANCED_FACE('',(#1119),#805,.F.);
#7498=ADVANCED_FACE('',(#1120),#806,.F.);
#7499=ADVANCED_FACE('',(#1121),#807,.F.);
#7500=ADVANCED_FACE('',(#1122,#115),#7236,.T.);
#7501=ADVANCED_FACE('',(#1123),#808,.F.);
#7502=ADVANCED_FACE('',(#1124),#809,.F.);
#7503=ADVANCED_FACE('',(#1125),#810,.F.);
#7504=ADVANCED_FACE('',(#1126),#811,.F.);
#7505=ADVANCED_FACE('',(#1127),#812,.F.);
#7506=ADVANCED_FACE('',(#1128),#813,.F.);
#7507=ADVANCED_FACE('',(#1129),#814,.F.);
#7508=ADVANCED_FACE('',(#1130),#7237,.F.);
#7509=ADVANCED_FACE('',(#1131),#815,.F.);
#7510=ADVANCED_FACE('',(#1132),#816,.F.);
#7511=ADVANCED_FACE('',(#1133),#817,.F.);
#7512=ADVANCED_FACE('',(#1134),#818,.F.);
#7513=ADVANCED_FACE('',(#1135),#819,.F.);
#7514=ADVANCED_FACE('',(#1136),#820,.F.);
#7515=ADVANCED_FACE('',(#1137),#821,.F.);
#7516=ADVANCED_FACE('',(#1138),#822,.F.);
#7517=ADVANCED_FACE('',(#1139),#823,.F.);
#7518=ADVANCED_FACE('',(#1140),#7238,.F.);
#7519=ADVANCED_FACE('',(#1141),#824,.F.);
#7520=ADVANCED_FACE('',(#1142),#7239,.T.);
#7521=ADVANCED_FACE('',(#1143),#825,.F.);
#7522=ADVANCED_FACE('',(#1144),#826,.F.);
#7523=ADVANCED_FACE('',(#1145),#827,.F.);
#7524=ADVANCED_FACE('',(#1146),#828,.F.);
#7525=ADVANCED_FACE('',(#1147),#829,.F.);
#7526=ADVANCED_FACE('',(#1148),#830,.F.);
#7527=ADVANCED_FACE('',(#1149),#831,.F.);
#7528=ADVANCED_FACE('',(#1150),#832,.F.);
#7529=ADVANCED_FACE('',(#1151),#833,.F.);
#7530=ADVANCED_FACE('',(#1152),#7240,.F.);
#7531=ADVANCED_FACE('',(#1153),#7241,.F.);
#7532=ADVANCED_FACE('',(#1154),#834,.F.);
#7533=ADVANCED_FACE('',(#1155),#835,.F.);
#7534=ADVANCED_FACE('',(#1156),#7242,.F.);
#7535=ADVANCED_FACE('',(#1157),#836,.F.);
#7536=ADVANCED_FACE('',(#1158),#837,.F.);
#7537=ADVANCED_FACE('',(#1159),#838,.F.);
#7538=ADVANCED_FACE('',(#1160),#839,.F.);
#7539=ADVANCED_FACE('',(#1161),#840,.F.);
#7540=ADVANCED_FACE('',(#1162),#841,.F.);
#7541=ADVANCED_FACE('',(#1163),#842,.F.);
#7542=ADVANCED_FACE('',(#1164),#7243,.F.);
#7543=ADVANCED_FACE('',(#1165),#843,.F.);
#7544=ADVANCED_FACE('',(#1166),#844,.F.);
#7545=ADVANCED_FACE('',(#1167),#845,.F.);
#7546=ADVANCED_FACE('',(#1168),#846,.F.);
#7547=ADVANCED_FACE('',(#1169),#847,.F.);
#7548=ADVANCED_FACE('',(#1170),#848,.F.);
#7549=ADVANCED_FACE('',(#1171),#849,.F.);
#7550=ADVANCED_FACE('',(#1172),#850,.F.);
#7551=ADVANCED_FACE('',(#1173),#851,.F.);
#7552=ADVANCED_FACE('',(#1174),#852,.F.);
#7553=ADVANCED_FACE('',(#1175),#853,.F.);
#7554=ADVANCED_FACE('',(#1176),#854,.F.);
#7555=ADVANCED_FACE('',(#1177),#855,.F.);
#7556=ADVANCED_FACE('',(#1178),#856,.F.);
#7557=ADVANCED_FACE('',(#1179),#857,.F.);
#7558=ADVANCED_FACE('',(#1180,#116),#7244,.T.);
#7559=ADVANCED_FACE('',(#1181),#858,.F.);
#7560=ADVANCED_FACE('',(#1182),#859,.F.);
#7561=ADVANCED_FACE('',(#1183),#860,.F.);
#7562=ADVANCED_FACE('',(#1184),#861,.F.);
#7563=ADVANCED_FACE('',(#1185),#862,.F.);
#7564=ADVANCED_FACE('',(#1186),#863,.F.);
#7565=ADVANCED_FACE('',(#1187),#864,.F.);
#7566=ADVANCED_FACE('',(#1188),#865,.F.);
#7567=ADVANCED_FACE('',(#1189),#866,.F.);
#7568=ADVANCED_FACE('',(#1190),#867,.F.);
#7569=ADVANCED_FACE('',(#1191),#868,.F.);
#7570=ADVANCED_FACE('',(#1192),#869,.F.);
#7571=ADVANCED_FACE('',(#1193),#870,.F.);
#7572=ADVANCED_FACE('',(#1194),#871,.F.);
#7573=ADVANCED_FACE('',(#1195),#7245,.F.);
#7574=ADVANCED_FACE('',(#1196),#872,.F.);
#7575=ADVANCED_FACE('',(#1197),#873,.F.);
#7576=ADVANCED_FACE('',(#1198),#874,.F.);
#7577=ADVANCED_FACE('',(#1199),#875,.F.);
#7578=ADVANCED_FACE('',(#1200),#876,.F.);
#7579=ADVANCED_FACE('',(#1201),#877,.F.);
#7580=ADVANCED_FACE('',(#1202),#878,.F.);
#7581=ADVANCED_FACE('',(#1203),#879,.F.);
#7582=ADVANCED_FACE('',(#1204),#880,.F.);
#7583=ADVANCED_FACE('',(#1205),#881,.F.);
#7584=ADVANCED_FACE('',(#1206),#882,.F.);
#7585=ADVANCED_FACE('',(#1207),#883,.F.);
#7586=ADVANCED_FACE('',(#1208),#884,.F.);
#7587=ADVANCED_FACE('',(#1209),#885,.F.);
#7588=ADVANCED_FACE('',(#1210),#886,.F.);
#7589=ADVANCED_FACE('',(#1211),#887,.F.);
#7590=ADVANCED_FACE('',(#1212),#7246,.F.);
#7591=ADVANCED_FACE('',(#1213),#888,.F.);
#7592=ADVANCED_FACE('',(#1214),#7247,.T.);
#7593=ADVANCED_FACE('',(#1215),#889,.F.);
#7594=ADVANCED_FACE('',(#1216),#890,.F.);
#7595=ADVANCED_FACE('',(#1217),#891,.F.);
#7596=ADVANCED_FACE('',(#1218),#7248,.F.);
#7597=ADVANCED_FACE('',(#1219),#892,.F.);
#7598=ADVANCED_FACE('',(#1220),#893,.F.);
#7599=ADVANCED_FACE('',(#1221),#894,.F.);
#7600=ADVANCED_FACE('',(#1222),#895,.F.);
#7601=ADVANCED_FACE('',(#1223),#7249,.F.);
#7602=ADVANCED_FACE('',(#1224),#896,.F.);
#7603=ADVANCED_FACE('',(#1225),#897,.F.);
#7604=ADVANCED_FACE('',(#1226),#898,.F.);
#7605=ADVANCED_FACE('',(#1227),#899,.F.);
#7606=ADVANCED_FACE('',(#1228),#900,.F.);
#7607=ADVANCED_FACE('',(#1229),#901,.F.);
#7608=ADVANCED_FACE('',(#1230),#902,.F.);
#7609=ADVANCED_FACE('',(#1231),#903,.F.);
#7610=ADVANCED_FACE('',(#1232),#904,.F.);
#7611=ADVANCED_FACE('',(#1233),#7250,.F.);
#7612=ADVANCED_FACE('',(#1234),#905,.F.);
#7613=ADVANCED_FACE('',(#1235,#117),#7251,.T.);
#7614=ADVANCED_FACE('',(#1236),#906,.F.);
#7615=ADVANCED_FACE('',(#1237),#907,.F.);
#7616=ADVANCED_FACE('',(#1238),#908,.F.);
#7617=ADVANCED_FACE('',(#1239),#909,.F.);
#7618=ADVANCED_FACE('',(#1240),#910,.F.);
#7619=ADVANCED_FACE('',(#1241),#911,.F.);
#7620=ADVANCED_FACE('',(#1242),#912,.F.);
#7621=ADVANCED_FACE('',(#1243),#913,.F.);
#7622=ADVANCED_FACE('',(#1244),#7252,.F.);
#7623=ADVANCED_FACE('',(#1245),#7253,.F.);
#7624=ADVANCED_FACE('',(#1246),#7254,.F.);
#7625=ADVANCED_FACE('',(#1247),#914,.F.);
#7626=ADVANCED_FACE('',(#1248),#915,.F.);
#7627=ADVANCED_FACE('',(#1249),#916,.F.);
#7628=ADVANCED_FACE('',(#1250),#917,.F.);
#7629=ADVANCED_FACE('',(#1251),#918,.F.);
#7630=ADVANCED_FACE('',(#1252),#919,.F.);
#7631=ADVANCED_FACE('',(#1253),#920,.F.);
#7632=ADVANCED_FACE('',(#1254),#921,.F.);
#7633=ADVANCED_FACE('',(#1255),#7255,.F.);
#7634=ADVANCED_FACE('',(#1256),#7256,.F.);
#7635=ADVANCED_FACE('',(#1257,#118),#7257,.T.);
#7636=ADVANCED_FACE('',(#1258,#119,#120,#121,#122,#123,#124,#125,#126,#127,
#128,#129,#130,#131,#132,#133,#134,#135,#136,#137,#138,#139,#140,#141,#142,
#143),#7258,.F.);
#7637=ADVANCED_FACE('',(#1259),#7259,.F.);
#7638=ADVANCED_FACE('',(#1260),#7260,.F.);
#7639=ADVANCED_FACE('',(#1261),#7261,.F.);
#7640=ADVANCED_FACE('',(#1262),#7262,.F.);
#7641=ADVANCED_FACE('',(#1263),#7263,.F.);
#7642=ADVANCED_FACE('',(#1264),#7264,.F.);
#7643=ADVANCED_FACE('',(#1265),#7265,.F.);
#7644=ADVANCED_FACE('',(#1266),#15,.T.);
#7645=ADVANCED_FACE('',(#1267),#7266,.T.);
#7646=ADVANCED_FACE('',(#1268),#7267,.F.);
#7647=ADVANCED_FACE('',(#1269),#16,.T.);
#7648=ADVANCED_FACE('',(#1270),#7268,.T.);
#7649=ADVANCED_FACE('',(#1271),#17,.T.);
#7650=ADVANCED_FACE('',(#1272),#7269,.T.);
#7651=ADVANCED_FACE('',(#1273),#18,.T.);
#7652=ADVANCED_FACE('',(#1274),#19,.F.);
#7653=ADVANCED_FACE('',(#1275),#20,.F.);
#7654=ADVANCED_FACE('',(#1276),#7270,.T.);
#7655=ADVANCED_FACE('',(#1277),#21,.F.);
#7656=ADVANCED_FACE('',(#1278),#7271,.T.);
#7657=ADVANCED_FACE('',(#1279),#22,.F.);
#7658=ADVANCED_FACE('',(#1280),#7272,.T.);
#7659=ADVANCED_FACE('',(#1281),#23,.F.);
#7660=ADVANCED_FACE('',(#1282),#7273,.T.);
#7661=ADVANCED_FACE('',(#1283),#24,.F.);
#7662=ADVANCED_FACE('',(#1284),#25,.F.);
#7663=ADVANCED_FACE('',(#1285),#7274,.T.);
#7664=ADVANCED_FACE('',(#1286),#26,.F.);
#7665=ADVANCED_FACE('',(#1287),#7275,.T.);
#7666=ADVANCED_FACE('',(#1288),#27,.F.);
#7667=ADVANCED_FACE('',(#1289),#7276,.T.);
#7668=ADVANCED_FACE('',(#1290),#28,.F.);
#7669=ADVANCED_FACE('',(#1291),#7277,.T.);
#7670=ADVANCED_FACE('',(#1292),#29,.F.);
#7671=ADVANCED_FACE('',(#1293),#30,.F.);
#7672=ADVANCED_FACE('',(#1294),#7278,.T.);
#7673=ADVANCED_FACE('',(#1295),#31,.F.);
#7674=ADVANCED_FACE('',(#1296),#7279,.T.);
#7675=ADVANCED_FACE('',(#1297),#32,.F.);
#7676=ADVANCED_FACE('',(#1298),#7280,.T.);
#7677=ADVANCED_FACE('',(#1299),#33,.F.);
#7678=ADVANCED_FACE('',(#1300),#7281,.T.);
#7679=ADVANCED_FACE('',(#1301),#34,.F.);
#7680=ADVANCED_FACE('',(#1302),#7282,.T.);
#7681=ADVANCED_FACE('',(#1303),#35,.F.);
#7682=ADVANCED_FACE('',(#1304),#7283,.T.);
#7683=ADVANCED_FACE('',(#1305),#36,.F.);
#7684=ADVANCED_FACE('',(#1306),#7284,.T.);
#7685=ADVANCED_FACE('',(#1307),#37,.F.);
#7686=ADVANCED_FACE('',(#1308),#7285,.T.);
#7687=ADVANCED_FACE('',(#1309),#38,.F.);
#7688=ADVANCED_FACE('',(#1310),#7286,.T.);
#7689=ADVANCED_FACE('',(#1311),#39,.F.);
#7690=ADVANCED_FACE('',(#1312),#7287,.T.);
#7691=ADVANCED_FACE('',(#1313),#40,.F.);
#7692=ADVANCED_FACE('',(#1314),#7288,.T.);
#7693=ADVANCED_FACE('',(#1315),#41,.F.);
#7694=ADVANCED_FACE('',(#1316),#7289,.T.);
#7695=ADVANCED_FACE('',(#1317),#42,.F.);
#7696=ADVANCED_FACE('',(#1318),#7290,.T.);
#7697=ADVANCED_FACE('',(#1319),#43,.F.);
#7698=ADVANCED_FACE('',(#1320),#7291,.T.);
#7699=ADVANCED_FACE('',(#1321),#44,.F.);
#7700=ADVANCED_FACE('',(#1322),#7292,.T.);
#7701=ADVANCED_FACE('',(#1323),#45,.F.);
#7702=ADVANCED_FACE('',(#1324),#7293,.T.);
#7703=ADVANCED_FACE('',(#1325),#46,.F.);
#7704=ADVANCED_FACE('',(#1326),#7294,.T.);
#7705=ADVANCED_FACE('',(#1327),#7295,.T.);
#7706=ADVANCED_FACE('',(#1328),#7296,.T.);
#7707=ADVANCED_FACE('',(#1329),#7297,.T.);
#7708=ADVANCED_FACE('',(#1330),#7298,.T.);
#7709=ADVANCED_FACE('',(#1331,#144,#145,#146,#147,#148,#149,#150,#151,#152,
#153),#7299,.T.);
#7710=CLOSED_SHELL('',(#7300,#7301,#7302,#7303,#7304,#7305,#7306,#7307,
#7308,#7309,#7310,#7311,#7312,#7313,#7314,#7315,#7316,#7317,#7318,#7319,
#7320,#7321,#7322,#7323,#7324,#7325,#7326,#7327,#7328,#7329,#7330,#7331,
#7332,#7333,#7334,#7335,#7336,#7337,#7338,#7339,#7340,#7341,#7342,#7343,
#7344,#7345,#7346,#7347,#7348,#7349,#7350,#7351,#7352,#7353,#7354,#7355,
#7356,#7357,#7358,#7359,#7360,#7361,#7362,#7363,#7364,#7365,#7366,#7367,
#7368,#7369,#7370,#7371,#7372,#7373,#7374,#7375,#7376,#7377,#7378,#7379,
#7380,#7381,#7382,#7383,#7384,#7385,#7386,#7387,#7388,#7389,#7390,#7391,
#7392,#7393,#7394,#7395,#7396,#7397,#7398,#7399,#7400,#7401,#7402,#7403,
#7404,#7405,#7406,#7407,#7408,#7409,#7410,#7411,#7412,#7413,#7414,#7415,
#7416,#7417,#7418,#7419,#7420,#7421,#7422,#7423,#7424,#7425,#7426,#7427,
#7428,#7429,#7430,#7431,#7432,#7433,#7434,#7435,#7436,#7437,#7438,#7439,
#7440,#7441,#7442,#7443,#7444,#7445,#7446,#7447,#7448,#7449,#7450,#7451,
#7452,#7453,#7454,#7455,#7456,#7457,#7458,#7459,#7460,#7461,#7462,#7463,
#7464,#7465,#7466,#7467,#7468,#7469,#7470,#7471,#7472,#7473,#7474,#7475,
#7476,#7477,#7478,#7479,#7480,#7481,#7482,#7483,#7484,#7485,#7486,#7487,
#7488,#7489,#7490,#7491,#7492,#7493,#7494,#7495,#7496,#7497,#7498,#7499,
#7500,#7501,#7502,#7503,#7504,#7505,#7506,#7507,#7508,#7509,#7510,#7511,
#7512,#7513,#7514,#7515,#7516,#7517,#7518,#7519,#7520,#7521,#7522,#7523,
#7524,#7525,#7526,#7527,#7528,#7529,#7530,#7531,#7532,#7533,#7534,#7535,
#7536,#7537,#7538,#7539,#7540,#7541,#7542,#7543,#7544,#7545,#7546,#7547,
#7548,#7549,#7550,#7551,#7552,#7553,#7554,#7555,#7556,#7557,#7558,#7559,
#7560,#7561,#7562,#7563,#7564,#7565,#7566,#7567,#7568,#7569,#7570,#7571,
#7572,#7573,#7574,#7575,#7576,#7577,#7578,#7579,#7580,#7581,#7582,#7583,
#7584,#7585,#7586,#7587,#7588,#7589,#7590,#7591,#7592,#7593,#7594,#7595,
#7596,#7597,#7598,#7599,#7600,#7601,#7602,#7603,#7604,#7605,#7606,#7607,
#7608,#7609,#7610,#7611,#7612,#7613,#7614,#7615,#7616,#7617,#7618,#7619,
#7620,#7621,#7622,#7623,#7624,#7625,#7626,#7627,#7628,#7629,#7630,#7631,
#7632,#7633,#7634,#7635,#7636,#7637,#7638,#7639,#7640,#7641,#7642,#7643,
#7644,#7645,#7646,#7647,#7648,#7649,#7650,#7651,#7652,#7653,#7654,#7655,
#7656,#7657,#7658,#7659,#7660,#7661,#7662,#7663,#7664,#7665,#7666,#7667,
#7668,#7669,#7670,#7671,#7672,#7673,#7674,#7675,#7676,#7677,#7678,#7679,
#7680,#7681,#7682,#7683,#7684,#7685,#7686,#7687,#7688,#7689,#7690,#7691,
#7692,#7693,#7694,#7695,#7696,#7697,#7698,#7699,#7700,#7701,#7702,#7703,
#7704,#7705,#7706,#7707,#7708,#7709));
#7711=DERIVED_UNIT_ELEMENT(#7713,1.);
#7712=DERIVED_UNIT_ELEMENT(#15652,-3.);
#7713=(
MASS_UNIT()
NAMED_UNIT(*)
SI_UNIT(.KILO.,.GRAM.)
);
#7714=DERIVED_UNIT((#7711,#7712));
#7715=MEASURE_REPRESENTATION_ITEM('density measure',
POSITIVE_RATIO_MEASURE(7850.),#7714);
#7716=PROPERTY_DEFINITION_REPRESENTATION(#7721,#7718);
#7717=PROPERTY_DEFINITION_REPRESENTATION(#7722,#7719);
#7718=REPRESENTATION('material name',(#7720),#15649);
#7719=REPRESENTATION('density',(#7715),#15649);
#7720=DESCRIPTIVE_REPRESENTATION_ITEM('Steel','Steel');
#7721=PROPERTY_DEFINITION('material property','material name',#15659);
#7722=PROPERTY_DEFINITION('material property','density of part',#15659);
#7723=AXIS2_PLACEMENT_3D('',#8959,#7942,#7943);
#7724=AXIS2_PLACEMENT_3D('',#8960,#7944,#7945);
#7725=AXIS2_PLACEMENT_3D('',#8969,#7950,#7951);
#7726=AXIS2_PLACEMENT_3D('',#8975,#7955,#7956);
#7727=AXIS2_PLACEMENT_3D('',#9119,#7966,#7967);
#7728=AXIS2_PLACEMENT_3D('',#9125,#7971,#7972);
#7729=AXIS2_PLACEMENT_3D('',#9131,#7976,#7977);
#7730=AXIS2_PLACEMENT_3D('',#9252,#7986,#7987);
#7731=AXIS2_PLACEMENT_3D('',#9258,#7991,#7992);
#7732=AXIS2_PLACEMENT_3D('',#9261,#7995,#7996);
#7733=AXIS2_PLACEMENT_3D('',#9262,#7997,#7998);
#7734=AXIS2_PLACEMENT_3D('',#9271,#8003,#8004);
#7735=AXIS2_PLACEMENT_3D('',#9277,#8008,#8009);
#7736=AXIS2_PLACEMENT_3D('',#9283,#8013,#8014);
#7737=AXIS2_PLACEMENT_3D('',#9286,#8017,#8018);
#7738=AXIS2_PLACEMENT_3D('',#9287,#8019,#8020);
#7739=AXIS2_PLACEMENT_3D('',#9411,#8030,#8031);
#7740=AXIS2_PLACEMENT_3D('',#9417,#8035,#8036);
#7741=AXIS2_PLACEMENT_3D('',#9423,#8040,#8041);
#7742=AXIS2_PLACEMENT_3D('',#9544,#8050,#8051);
#7743=AXIS2_PLACEMENT_3D('',#9550,#8055,#8056);
#7744=AXIS2_PLACEMENT_3D('',#9556,#8060,#8061);
#7745=AXIS2_PLACEMENT_3D('',#9723,#8072,#8073);
#7746=AXIS2_PLACEMENT_3D('',#9729,#8077,#8078);
#7747=AXIS2_PLACEMENT_3D('',#9735,#8082,#8083);
#7748=AXIS2_PLACEMENT_3D('',#9741,#8087,#8088);
#7749=AXIS2_PLACEMENT_3D('',#9744,#8091,#8092);
#7750=AXIS2_PLACEMENT_3D('',#9929,#8101,#8102);
#7751=AXIS2_PLACEMENT_3D('',#9938,#8107,#8108);
#7752=AXIS2_PLACEMENT_3D('',#9944,#8112,#8113);
#7753=AXIS2_PLACEMENT_3D('',#10157,#8126,#8127);
#7754=AXIS2_PLACEMENT_3D('',#10163,#8131,#8132);
#7755=AXIS2_PLACEMENT_3D('',#10166,#8135,#8136);
#7756=AXIS2_PLACEMENT_3D('',#10167,#8137,#8138);
#7757=AXIS2_PLACEMENT_3D('',#10268,#8147,#8148);
#7758=AXIS2_PLACEMENT_3D('',#10343,#8155,#8156);
#7759=AXIS2_PLACEMENT_3D('',#10349,#8160,#8161);
#7760=AXIS2_PLACEMENT_3D('',#10355,#8165,#8166);
#7761=AXIS2_PLACEMENT_3D('',#10361,#8170,#8171);
#7762=AXIS2_PLACEMENT_3D('',#10364,#8174,#8175);
#7763=AXIS2_PLACEMENT_3D('',#10736,#8193,#8194);
#7764=AXIS2_PLACEMENT_3D('',#10742,#8198,#8199);
#7765=AXIS2_PLACEMENT_3D('',#10748,#8203,#8204);
#7766=AXIS2_PLACEMENT_3D('',#10754,#8208,#8209);
#7767=AXIS2_PLACEMENT_3D('',#10760,#8213,#8214);
#7768=AXIS2_PLACEMENT_3D('',#10763,#8217,#8218);
#7769=AXIS2_PLACEMENT_3D('',#10974,#8229,#8230);
#7770=AXIS2_PLACEMENT_3D('',#10977,#8233,#8234);
#7771=AXIS2_PLACEMENT_3D('',#11032,#8241,#8242);
#7772=AXIS2_PLACEMENT_3D('',#11199,#8253,#8254);
#7773=AXIS2_PLACEMENT_3D('',#11547,#8272,#8273);
#7774=AXIS2_PLACEMENT_3D('',#11548,#8274,#8275);
#7775=AXIS2_PLACEMENT_3D('',#11649,#8284,#8285);
#7776=AXIS2_PLACEMENT_3D('',#11724,#8292,#8293);
#7777=AXIS2_PLACEMENT_3D('',#11730,#8297,#8298);
#7778=AXIS2_PLACEMENT_3D('',#11736,#8302,#8303);
#7779=AXIS2_PLACEMENT_3D('',#11742,#8307,#8308);
#7780=AXIS2_PLACEMENT_3D('',#11745,#8311,#8312);
#7781=AXIS2_PLACEMENT_3D('',#12137,#8330,#8331);
#7782=AXIS2_PLACEMENT_3D('',#12529,#8349,#8350);
#7783=AXIS2_PLACEMENT_3D('',#12694,#8359,#8360);
#7784=AXIS2_PLACEMENT_3D('',#12907,#8373,#8374);
#7785=AXIS2_PLACEMENT_3D('',#12933,#8378,#8379);
#7786=AXIS2_PLACEMENT_3D('',#13144,#8390,#8391);
#7787=AXIS2_PLACEMENT_3D('',#13147,#8394,#8395);
#7788=AXIS2_PLACEMENT_3D('',#13202,#8402,#8403);
#7789=AXIS2_PLACEMENT_3D('',#13369,#8414,#8415);
#7790=AXIS2_PLACEMENT_3D('',#13717,#8433,#8434);
#7791=AXIS2_PLACEMENT_3D('',#14043,#8450,#8451);
#7792=AXIS2_PLACEMENT_3D('',#14417,#8471,#8472);
#7793=AXIS2_PLACEMENT_3D('',#14443,#8476,#8477);
#7794=AXIS2_PLACEMENT_3D('',#14516,#8482,#8483);
#7795=AXIS2_PLACEMENT_3D('',#14614,#8491,#8492);
#7796=AXIS2_PLACEMENT_3D('',#14827,#8505,#8506);
#7797=AXIS2_PLACEMENT_3D('',#14853,#8510,#8511);
#7798=AXIS2_PLACEMENT_3D('',#15038,#8520,#8521);
#7799=AXIS2_PLACEMENT_3D('',#15047,#8526,#8527);
#7800=AXIS2_PLACEMENT_3D('',#15053,#8531,#8532);
#7801=AXIS2_PLACEMENT_3D('',#15243,#8544,#8545);
#7802=AXIS2_PLACEMENT_3D('',#15249,#8549,#8550);
#7803=AXIS2_PLACEMENT_3D('',#15252,#8553,#8554);
#7804=AXIS2_PLACEMENT_3D('',#15253,#8555,#8556);
#7805=AXIS2_PLACEMENT_3D('',#15256,#8557,#8558);
#7806=AXIS2_PLACEMENT_3D('',#15260,#8560,#8561);
#7807=AXIS2_PLACEMENT_3D('',#15264,#8563,#8564);
#7808=AXIS2_PLACEMENT_3D('',#15268,#8566,#8567);
#7809=AXIS2_PLACEMENT_3D('',#15280,#8573,#8574);
#7810=AXIS2_PLACEMENT_3D('',#15284,#8576,#8577);
#7811=AXIS2_PLACEMENT_3D('',#15288,#8579,#8580);
#7812=AXIS2_PLACEMENT_3D('',#15292,#8582,#8583);
#7813=AXIS2_PLACEMENT_3D('',#15296,#8585,#8586);
#7814=AXIS2_PLACEMENT_3D('',#15300,#8588,#8589);
#7815=AXIS2_PLACEMENT_3D('',#15304,#8591,#8592);
#7816=AXIS2_PLACEMENT_3D('',#15308,#8594,#8595);
#7817=AXIS2_PLACEMENT_3D('',#15312,#8597,#8598);
#7818=AXIS2_PLACEMENT_3D('',#15316,#8600,#8601);
#7819=AXIS2_PLACEMENT_3D('',#15320,#8603,#8604);
#7820=AXIS2_PLACEMENT_3D('',#15324,#8606,#8607);
#7821=AXIS2_PLACEMENT_3D('',#15328,#8609,#8610);
#7822=AXIS2_PLACEMENT_3D('',#15332,#8612,#8613);
#7823=AXIS2_PLACEMENT_3D('',#15336,#8615,#8616);
#7824=AXIS2_PLACEMENT_3D('',#15340,#8618,#8619);
#7825=AXIS2_PLACEMENT_3D('',#15343,#8621,#8622);
#7826=AXIS2_PLACEMENT_3D('',#15346,#8623,#8624);
#7827=AXIS2_PLACEMENT_3D('',#15350,#8626,#8627);
#7828=AXIS2_PLACEMENT_3D('',#15354,#8629,#8630);
#7829=AXIS2_PLACEMENT_3D('',#15358,#8632,#8633);
#7830=AXIS2_PLACEMENT_3D('',#15361,#8635,#8636);
#7831=AXIS2_PLACEMENT_3D('',#15364,#8637,#8638);
#7832=AXIS2_PLACEMENT_3D('',#15368,#8640,#8641);
#7833=AXIS2_PLACEMENT_3D('',#15372,#8643,#8644);
#7834=AXIS2_PLACEMENT_3D('',#15376,#8646,#8647);
#7835=AXIS2_PLACEMENT_3D('',#15379,#8649,#8650);
#7836=AXIS2_PLACEMENT_3D('',#15381,#8651,#8652);
#7837=AXIS2_PLACEMENT_3D('',#15382,#8653,#8654);
#7838=AXIS2_PLACEMENT_3D('',#15383,#8655,#8656);
#7839=AXIS2_PLACEMENT_3D('',#15384,#8657,#8658);
#7840=AXIS2_PLACEMENT_3D('',#15385,#8659,#8660);
#7841=AXIS2_PLACEMENT_3D('',#15386,#8661,#8662);
#7842=AXIS2_PLACEMENT_3D('',#15387,#8663,#8664);
#7843=AXIS2_PLACEMENT_3D('',#15388,#8665,#8666);
#7844=AXIS2_PLACEMENT_3D('',#15389,#8667,#8668);
#7845=AXIS2_PLACEMENT_3D('',#15392,#8669,#8670);
#7846=AXIS2_PLACEMENT_3D('',#15395,#8673,#8674);
#7847=AXIS2_PLACEMENT_3D('',#15399,#8677,#8678);
#7848=AXIS2_PLACEMENT_3D('',#15400,#8679,#8680);
#7849=AXIS2_PLACEMENT_3D('',#15403,#8681,#8682);
#7850=AXIS2_PLACEMENT_3D('',#15406,#8685,#8686);
#7851=AXIS2_PLACEMENT_3D('',#15410,#8689,#8690);
#7852=AXIS2_PLACEMENT_3D('',#15413,#8691,#8692);
#7853=AXIS2_PLACEMENT_3D('',#15416,#8695,#8696);
#7854=AXIS2_PLACEMENT_3D('',#15418,#8698,#8699);
#7855=AXIS2_PLACEMENT_3D('',#15420,#8700,#8701);
#7856=AXIS2_PLACEMENT_3D('',#15422,#8703,#8704);
#7857=AXIS2_PLACEMENT_3D('',#15424,#8705,#8706);
#7858=AXIS2_PLACEMENT_3D('',#15426,#8708,#8709);
#7859=AXIS2_PLACEMENT_3D('',#15428,#8710,#8711);
#7860=AXIS2_PLACEMENT_3D('',#15430,#8713,#8714);
#7861=AXIS2_PLACEMENT_3D('',#15436,#8718,#8719);
#7862=AXIS2_PLACEMENT_3D('',#15438,#8720,#8721);
#7863=AXIS2_PLACEMENT_3D('',#15440,#8723,#8724);
#7864=AXIS2_PLACEMENT_3D('',#15444,#8727,#8728);
#7865=AXIS2_PLACEMENT_3D('',#15446,#8729,#8730);
#7866=AXIS2_PLACEMENT_3D('',#15448,#8732,#8733);
#7867=AXIS2_PLACEMENT_3D('',#15452,#8736,#8737);
#7868=AXIS2_PLACEMENT_3D('',#15454,#8738,#8739);
#7869=AXIS2_PLACEMENT_3D('',#15456,#8741,#8742);
#7870=AXIS2_PLACEMENT_3D('',#15460,#8745,#8746);
#7871=AXIS2_PLACEMENT_3D('',#15461,#8747,#8748);
#7872=AXIS2_PLACEMENT_3D('',#15462,#8749,#8750);
#7873=AXIS2_PLACEMENT_3D('',#15464,#8751,#8752);
#7874=AXIS2_PLACEMENT_3D('',#15466,#8754,#8755);
#7875=AXIS2_PLACEMENT_3D('',#15472,#8759,#8760);
#7876=AXIS2_PLACEMENT_3D('',#15474,#8761,#8762);
#7877=AXIS2_PLACEMENT_3D('',#15476,#8764,#8765);
#7878=AXIS2_PLACEMENT_3D('',#15480,#8768,#8769);
#7879=AXIS2_PLACEMENT_3D('',#15482,#8770,#8771);
#7880=AXIS2_PLACEMENT_3D('',#15484,#8773,#8774);
#7881=AXIS2_PLACEMENT_3D('',#15488,#8777,#8778);
#7882=AXIS2_PLACEMENT_3D('',#15490,#8779,#8780);
#7883=AXIS2_PLACEMENT_3D('',#15492,#8782,#8783);
#7884=AXIS2_PLACEMENT_3D('',#15496,#8786,#8787);
#7885=AXIS2_PLACEMENT_3D('',#15497,#8788,#8789);
#7886=AXIS2_PLACEMENT_3D('',#15498,#8790,#8791);
#7887=AXIS2_PLACEMENT_3D('',#15500,#8792,#8793);
#7888=AXIS2_PLACEMENT_3D('',#15502,#8795,#8796);
#7889=AXIS2_PLACEMENT_3D('',#15508,#8800,#8801);
#7890=AXIS2_PLACEMENT_3D('',#15510,#8802,#8803);
#7891=AXIS2_PLACEMENT_3D('',#15512,#8805,#8806);
#7892=AXIS2_PLACEMENT_3D('',#15516,#8809,#8810);
#7893=AXIS2_PLACEMENT_3D('',#15518,#8811,#8812);
#7894=AXIS2_PLACEMENT_3D('',#15520,#8814,#8815);
#7895=AXIS2_PLACEMENT_3D('',#15524,#8818,#8819);
#7896=AXIS2_PLACEMENT_3D('',#15526,#8820,#8821);
#7897=AXIS2_PLACEMENT_3D('',#15528,#8823,#8824);
#7898=AXIS2_PLACEMENT_3D('',#15532,#8827,#8828);
#7899=AXIS2_PLACEMENT_3D('',#15533,#8829,#8830);
#7900=AXIS2_PLACEMENT_3D('',#15534,#8831,#8832);
#7901=AXIS2_PLACEMENT_3D('',#15540,#8836,#8837);
#7902=AXIS2_PLACEMENT_3D('',#15542,#8838,#8839);
#7903=AXIS2_PLACEMENT_3D('',#15544,#8841,#8842);
#7904=AXIS2_PLACEMENT_3D('',#15548,#8845,#8846);
#7905=AXIS2_PLACEMENT_3D('',#15550,#8847,#8848);
#7906=AXIS2_PLACEMENT_3D('',#15552,#8850,#8851);
#7907=AXIS2_PLACEMENT_3D('',#15556,#8854,#8855);
#7908=AXIS2_PLACEMENT_3D('',#15558,#8856,#8857);
#7909=AXIS2_PLACEMENT_3D('',#15560,#8859,#8860);
#7910=AXIS2_PLACEMENT_3D('',#15564,#8863,#8864);
#7911=AXIS2_PLACEMENT_3D('',#15565,#8865,#8866);
#7912=AXIS2_PLACEMENT_3D('',#15566,#8867,#8868);
#7913=AXIS2_PLACEMENT_3D('',#15572,#8872,#8873);
#7914=AXIS2_PLACEMENT_3D('',#15574,#8874,#8875);
#7915=AXIS2_PLACEMENT_3D('',#15576,#8877,#8878);
#7916=AXIS2_PLACEMENT_3D('',#15580,#8881,#8882);
#7917=AXIS2_PLACEMENT_3D('',#15582,#8883,#8884);
#7918=AXIS2_PLACEMENT_3D('',#15584,#8886,#8887);
#7919=AXIS2_PLACEMENT_3D('',#15588,#8890,#8891);
#7920=AXIS2_PLACEMENT_3D('',#15590,#8892,#8893);
#7921=AXIS2_PLACEMENT_3D('',#15592,#8895,#8896);
#7922=AXIS2_PLACEMENT_3D('',#15596,#8899,#8900);
#7923=AXIS2_PLACEMENT_3D('',#15597,#8901,#8902);
#7924=AXIS2_PLACEMENT_3D('',#15598,#8903,#8904);
#7925=AXIS2_PLACEMENT_3D('',#15604,#8908,#8909);
#7926=AXIS2_PLACEMENT_3D('',#15606,#8910,#8911);
#7927=AXIS2_PLACEMENT_3D('',#15608,#8913,#8914);
#7928=AXIS2_PLACEMENT_3D('',#15612,#8917,#8918);
#7929=AXIS2_PLACEMENT_3D('',#15614,#8919,#8920);
#7930=AXIS2_PLACEMENT_3D('',#15616,#8922,#8923);
#7931=AXIS2_PLACEMENT_3D('',#15620,#8926,#8927);
#7932=AXIS2_PLACEMENT_3D('',#15622,#8928,#8929);
#7933=AXIS2_PLACEMENT_3D('',#15624,#8931,#8932);
#7934=AXIS2_PLACEMENT_3D('',#15628,#8935,#8936);
#7935=AXIS2_PLACEMENT_3D('',#15629,#8937,#8938);
#7936=AXIS2_PLACEMENT_3D('',#15630,#8939,#8940);
#7937=AXIS2_PLACEMENT_3D('',#15632,#8942,#8943);
#7938=AXIS2_PLACEMENT_3D('',#15636,#8946,#8947);
#7939=AXIS2_PLACEMENT_3D('',#15640,#8950,#8951);
#7940=AXIS2_PLACEMENT_3D('',#15644,#8954,#8955);
#7941=AXIS2_PLACEMENT_3D('',#15646,#8957,#8958);
#7942=DIRECTION('axis',(0.,0.,1.));
#7943=DIRECTION('refdir',(1.,0.,0.));
#7944=DIRECTION('center_axis',(1.,0.,0.));
#7945=DIRECTION('ref_axis',(0.,1.,0.));
#7946=DIRECTION('',(0.,1.,0.));
#7947=DIRECTION('',(0.,0.,1.));
#7948=DIRECTION('',(0.,1.,0.));
#7949=DIRECTION('',(0.,0.,1.));
#7950=DIRECTION('center_axis',(0.,-1.,0.));
#7951=DIRECTION('ref_axis',(1.,0.,0.));
#7952=DIRECTION('',(1.,0.,0.));
#7953=DIRECTION('',(0.,0.,1.));
#7954=DIRECTION('',(1.,0.,0.));
#7955=DIRECTION('center_axis',(-1.,0.,0.));
#7956=DIRECTION('ref_axis',(0.,-1.,0.));
#7957=DIRECTION('',(0.,-1.,0.));
#7958=DIRECTION('',(0.,0.,1.));
#7959=DIRECTION('',(0.,-1.,0.));
#7960=DIRECTION('',(0.,0.,1.));
#7961=DIRECTION('',(0.,0.,1.));
#7962=DIRECTION('',(0.,0.,1.));
#7963=DIRECTION('',(0.,0.,1.));
#7964=DIRECTION('',(0.,0.,1.));
#7965=DIRECTION('',(0.,0.,1.));
#7966=DIRECTION('center_axis',(1.,0.,0.));
#7967=DIRECTION('ref_axis',(0.,1.,0.));
#7968=DIRECTION('',(0.,1.,0.));
#7969=DIRECTION('',(0.,0.,1.));
#7970=DIRECTION('',(0.,1.,0.));
#7971=DIRECTION('center_axis',(0.,-1.,0.));
#7972=DIRECTION('ref_axis',(1.,0.,0.));
#7973=DIRECTION('',(1.,0.,0.));
#7974=DIRECTION('',(0.,0.,1.));
#7975=DIRECTION('',(1.,0.,0.));
#7976=DIRECTION('center_axis',(-1.,0.,0.));
#7977=DIRECTION('ref_axis',(0.,-1.,0.));
#7978=DIRECTION('',(0.,-1.,0.));
#7979=DIRECTION('',(0.,0.,1.));
#7980=DIRECTION('',(0.,-1.,0.));
#7981=DIRECTION('',(0.,0.,1.));
#7982=DIRECTION('',(0.,0.,1.));
#7983=DIRECTION('',(0.,0.,1.));
#7984=DIRECTION('',(0.,0.,1.));
#7985=DIRECTION('',(0.,0.,1.));
#7986=DIRECTION('center_axis',(-1.,0.,0.));
#7987=DIRECTION('ref_axis',(0.,-1.,0.));
#7988=DIRECTION('',(0.,-1.,0.));
#7989=DIRECTION('',(0.,0.,1.));
#7990=DIRECTION('',(0.,-1.,0.));
#7991=DIRECTION('center_axis',(0.,1.,0.));
#7992=DIRECTION('ref_axis',(-1.,0.,0.));
#7993=DIRECTION('',(-1.,0.,0.));
#7994=DIRECTION('',(-1.,0.,0.));
#7995=DIRECTION('center_axis',(0.,0.,-1.));
#7996=DIRECTION('ref_axis',(-1.,0.,0.));
#7997=DIRECTION('center_axis',(1.,0.,0.));
#7998=DIRECTION('ref_axis',(0.,1.,0.));
#7999=DIRECTION('',(0.,1.,0.));
#8000=DIRECTION('',(0.,0.,1.));
#8001=DIRECTION('',(0.,1.,0.));
#8002=DIRECTION('',(0.,0.,1.));
#8003=DIRECTION('center_axis',(0.,-1.,0.));
#8004=DIRECTION('ref_axis',(1.,0.,0.));
#8005=DIRECTION('',(1.,0.,0.));
#8006=DIRECTION('',(0.,0.,1.));
#8007=DIRECTION('',(1.,0.,0.));
#8008=DIRECTION('center_axis',(-1.,0.,0.));
#8009=DIRECTION('ref_axis',(0.,-1.,0.));
#8010=DIRECTION('',(0.,-1.,0.));
#8011=DIRECTION('',(0.,0.,1.));
#8012=DIRECTION('',(0.,-1.,0.));
#8013=DIRECTION('center_axis',(0.,1.,0.));
#8014=DIRECTION('ref_axis',(-1.,0.,0.));
#8015=DIRECTION('',(-1.,0.,0.));
#8016=DIRECTION('',(-1.,0.,0.));
#8017=DIRECTION('center_axis',(0.,0.,1.));
#8018=DIRECTION('ref_axis',(1.,0.,0.));
#8019=DIRECTION('center_axis',(1.,0.,0.));
#8020=DIRECTION('ref_axis',(0.,1.,0.));
#8021=DIRECTION('',(0.,1.,0.));
#8022=DIRECTION('',(0.,0.,1.));
#8023=DIRECTION('',(0.,1.,0.));
#8024=DIRECTION('',(0.,0.,1.));
#8025=DIRECTION('',(0.,0.,1.));
#8026=DIRECTION('',(0.,0.,1.));
#8027=DIRECTION('',(0.,0.,1.));
#8028=DIRECTION('',(0.,0.,1.));
#8029=DIRECTION('',(0.,0.,1.));
#8030=DIRECTION('center_axis',(-1.,0.,0.));
#8031=DIRECTION('ref_axis',(0.,-1.,0.));
#8032=DIRECTION('',(0.,-1.,0.));
#8033=DIRECTION('',(0.,0.,1.));
#8034=DIRECTION('',(0.,-1.,0.));
#8035=DIRECTION('center_axis',(0.,1.,0.));
#8036=DIRECTION('ref_axis',(-1.,0.,0.));
#8037=DIRECTION('',(-1.,0.,0.));
#8038=DIRECTION('',(0.,0.,1.));
#8039=DIRECTION('',(-1.,0.,0.));
#8040=DIRECTION('center_axis',(1.,0.,0.));
#8041=DIRECTION('ref_axis',(0.,1.,0.));
#8042=DIRECTION('',(0.,1.,0.));
#8043=DIRECTION('',(0.,0.,1.));
#8044=DIRECTION('',(0.,1.,0.));
#8045=DIRECTION('',(0.,0.,1.));
#8046=DIRECTION('',(0.,0.,1.));
#8047=DIRECTION('',(0.,0.,1.));
#8048=DIRECTION('',(0.,0.,1.));
#8049=DIRECTION('',(0.,0.,1.));
#8050=DIRECTION('center_axis',(-1.,0.,0.));
#8051=DIRECTION('ref_axis',(0.,-1.,0.));
#8052=DIRECTION('',(0.,-1.,0.));
#8053=DIRECTION('',(0.,0.,1.));
#8054=DIRECTION('',(0.,-1.,0.));
#8055=DIRECTION('center_axis',(0.,1.,0.));
#8056=DIRECTION('ref_axis',(-1.,0.,0.));
#8057=DIRECTION('',(-1.,0.,0.));
#8058=DIRECTION('',(0.,0.,1.));
#8059=DIRECTION('',(-1.,0.,0.));
#8060=DIRECTION('center_axis',(1.,0.,0.));
#8061=DIRECTION('ref_axis',(0.,1.,0.));
#8062=DIRECTION('',(0.,1.,0.));
#8063=DIRECTION('',(0.,0.,1.));
#8064=DIRECTION('',(0.,1.,0.));
#8065=DIRECTION('',(0.,0.,1.));
#8066=DIRECTION('',(0.,0.,1.));
#8067=DIRECTION('',(0.,0.,1.));
#8068=DIRECTION('',(0.,0.,1.));
#8069=DIRECTION('',(0.,0.,1.));
#8070=DIRECTION('',(0.,0.,1.));
#8071=DIRECTION('',(0.,0.,1.));
#8072=DIRECTION('center_axis',(1.,0.,0.));
#8073=DIRECTION('ref_axis',(0.,1.,0.));
#8074=DIRECTION('',(0.,1.,0.));
#8075=DIRECTION('',(0.,0.,1.));
#8076=DIRECTION('',(0.,1.,0.));
#8077=DIRECTION('center_axis',(0.,-1.,0.));
#8078=DIRECTION('ref_axis',(1.,0.,0.));
#8079=DIRECTION('',(1.,0.,0.));
#8080=DIRECTION('',(0.,0.,1.));
#8081=DIRECTION('',(1.,0.,0.));
#8082=DIRECTION('center_axis',(-1.,0.,0.));
#8083=DIRECTION('ref_axis',(0.,-1.,0.));
#8084=DIRECTION('',(0.,-1.,0.));
#8085=DIRECTION('',(0.,0.,1.));
#8086=DIRECTION('',(0.,-1.,0.));
#8087=DIRECTION('center_axis',(0.,1.,0.));
#8088=DIRECTION('ref_axis',(-1.,0.,0.));
#8089=DIRECTION('',(-1.,0.,0.));
#8090=DIRECTION('',(-1.,0.,0.));
#8091=DIRECTION('center_axis',(0.,0.,-1.));
#8092=DIRECTION('ref_axis',(-1.,0.,0.));
#8093=DIRECTION('',(0.,0.,1.));
#8094=DIRECTION('',(0.,0.,1.));
#8095=DIRECTION('',(0.,0.,1.));
#8096=DIRECTION('',(0.,0.,1.));
#8097=DIRECTION('',(0.,0.,1.));
#8098=DIRECTION('',(0.,0.,1.));
#8099=DIRECTION('',(0.,0.,1.));
#8100=DIRECTION('',(0.,0.,1.));
#8101=DIRECTION('center_axis',(1.,0.,0.));
#8102=DIRECTION('ref_axis',(0.,1.,0.));
#8103=DIRECTION('',(0.,1.,0.));
#8104=DIRECTION('',(0.,0.,1.));
#8105=DIRECTION('',(0.,1.,0.));
#8106=DIRECTION('',(0.,0.,1.));
#8107=DIRECTION('center_axis',(0.,-1.,0.));
#8108=DIRECTION('ref_axis',(1.,0.,0.));
#8109=DIRECTION('',(1.,0.,0.));
#8110=DIRECTION('',(0.,0.,1.));
#8111=DIRECTION('',(1.,0.,0.));
#8112=DIRECTION('center_axis',(-1.,0.,0.));
#8113=DIRECTION('ref_axis',(0.,-1.,0.));
#8114=DIRECTION('',(0.,-1.,0.));
#8115=DIRECTION('',(0.,0.,1.));
#8116=DIRECTION('',(0.,-1.,0.));
#8117=DIRECTION('',(0.,0.,1.));
#8118=DIRECTION('',(0.,0.,1.));
#8119=DIRECTION('',(0.,0.,1.));
#8120=DIRECTION('',(0.,0.,1.));
#8121=DIRECTION('',(0.,0.,1.));
#8122=DIRECTION('',(0.,0.,1.));
#8123=DIRECTION('',(0.,0.,1.));
#8124=DIRECTION('',(0.,0.,1.));
#8125=DIRECTION('',(0.,0.,1.));
#8126=DIRECTION('center_axis',(-1.,0.,0.));
#8127=DIRECTION('ref_axis',(0.,-1.,0.));
#8128=DIRECTION('',(0.,-1.,0.));
#8129=DIRECTION('',(0.,0.,1.));
#8130=DIRECTION('',(0.,-1.,0.));
#8131=DIRECTION('center_axis',(0.,1.,0.));
#8132=DIRECTION('ref_axis',(-1.,0.,0.));
#8133=DIRECTION('',(-1.,0.,0.));
#8134=DIRECTION('',(-1.,0.,0.));
#8135=DIRECTION('center_axis',(0.,0.,-1.));
#8136=DIRECTION('ref_axis',(-1.,0.,0.));
#8137=DIRECTION('center_axis',(1.,0.,0.));
#8138=DIRECTION('ref_axis',(0.,1.,0.));
#8139=DIRECTION('',(0.,1.,0.));
#8140=DIRECTION('',(0.,0.,1.));
#8141=DIRECTION('',(0.,1.,0.));
#8142=DIRECTION('',(0.,0.,1.));
#8143=DIRECTION('',(0.,0.,1.));
#8144=DIRECTION('',(0.,0.,1.));
#8145=DIRECTION('',(0.,0.,1.));
#8146=DIRECTION('',(0.,0.,1.));
#8147=DIRECTION('center_axis',(0.937477791315774,0.348045098787066,0.));
#8148=DIRECTION('ref_axis',(-0.348045098787066,0.937477791315774,0.));
#8149=DIRECTION('',(-0.348045098787066,0.937477791315774,0.));
#8150=DIRECTION('',(0.,0.,1.));
#8151=DIRECTION('',(-0.348045098787066,0.937477791315774,0.));
#8152=DIRECTION('',(0.,0.,1.));
#8153=DIRECTION('',(0.,0.,1.));
#8154=DIRECTION('',(0.,0.,1.));
#8155=DIRECTION('center_axis',(1.,0.,0.));
#8156=DIRECTION('ref_axis',(0.,1.,0.));
#8157=DIRECTION('',(0.,1.,0.));
#8158=DIRECTION('',(0.,0.,1.));
#8159=DIRECTION('',(0.,1.,0.));
#8160=DIRECTION('center_axis',(0.,-1.,0.));
#8161=DIRECTION('ref_axis',(1.,0.,0.));
#8162=DIRECTION('',(1.,0.,0.));
#8163=DIRECTION('',(0.,0.,1.));
#8164=DIRECTION('',(1.,0.,0.));
#8165=DIRECTION('center_axis',(-1.,0.,0.));
#8166=DIRECTION('ref_axis',(0.,-1.,0.));
#8167=DIRECTION('',(0.,-1.,0.));
#8168=DIRECTION('',(0.,0.,1.));
#8169=DIRECTION('',(0.,-1.,0.));
#8170=DIRECTION('center_axis',(0.,1.,0.));
#8171=DIRECTION('ref_axis',(-1.,0.,0.));
#8172=DIRECTION('',(-1.,0.,0.));
#8173=DIRECTION('',(-1.,0.,0.));
#8174=DIRECTION('center_axis',(0.,0.,-1.));
#8175=DIRECTION('ref_axis',(-1.,0.,0.));
#8176=DIRECTION('',(0.,0.,1.));
#8177=DIRECTION('',(0.,0.,1.));
#8178=DIRECTION('',(0.,0.,1.));
#8179=DIRECTION('',(0.,0.,1.));
#8180=DIRECTION('',(0.,0.,1.));
#8181=DIRECTION('',(0.,0.,1.));
#8182=DIRECTION('',(0.,0.,1.));
#8183=DIRECTION('',(0.,0.,1.));
#8184=DIRECTION('',(0.,0.,1.));
#8185=DIRECTION('',(0.,0.,1.));
#8186=DIRECTION('',(0.,0.,1.));
#8187=DIRECTION('',(0.,0.,1.));
#8188=DIRECTION('',(0.,0.,1.));
#8189=DIRECTION('',(0.,0.,1.));
#8190=DIRECTION('',(0.,0.,1.));
#8191=DIRECTION('',(0.,0.,1.));
#8192=DIRECTION('',(0.,0.,1.));
#8193=DIRECTION('center_axis',(1.,0.,0.));
#8194=DIRECTION('ref_axis',(0.,1.,0.));
#8195=DIRECTION('',(0.,1.,0.));
#8196=DIRECTION('',(0.,0.,1.));
#8197=DIRECTION('',(0.,1.,0.));
#8198=DIRECTION('center_axis',(0.,-1.,0.));
#8199=DIRECTION('ref_axis',(1.,0.,0.));
#8200=DIRECTION('',(1.,0.,0.));
#8201=DIRECTION('',(0.,0.,1.));
#8202=DIRECTION('',(1.,0.,0.));
#8203=DIRECTION('center_axis',(-1.,0.,0.));
#8204=DIRECTION('ref_axis',(0.,-1.,0.));
#8205=DIRECTION('',(0.,-1.,0.));
#8206=DIRECTION('',(0.,0.,1.));
#8207=DIRECTION('',(0.,-1.,0.));
#8208=DIRECTION('center_axis',(0.,1.,0.));
#8209=DIRECTION('ref_axis',(-1.,0.,0.));
#8210=DIRECTION('',(-1.,0.,0.));
#8211=DIRECTION('',(0.,0.,1.));
#8212=DIRECTION('',(-1.,0.,0.));
#8213=DIRECTION('center_axis',(1.,0.,0.));
#8214=DIRECTION('ref_axis',(0.,1.,0.));
#8215=DIRECTION('',(0.,1.,0.));
#8216=DIRECTION('',(0.,1.,0.));
#8217=DIRECTION('center_axis',(0.,0.,-1.));
#8218=DIRECTION('ref_axis',(-1.,0.,0.));
#8219=DIRECTION('',(0.,0.,1.));
#8220=DIRECTION('',(0.,0.,1.));
#8221=DIRECTION('',(0.,0.,1.));
#8222=DIRECTION('',(0.,0.,1.));
#8223=DIRECTION('',(0.,0.,1.));
#8224=DIRECTION('',(0.,0.,1.));
#8225=DIRECTION('',(0.,0.,1.));
#8226=DIRECTION('',(0.,0.,1.));
#8227=DIRECTION('',(0.,0.,1.));
#8228=DIRECTION('',(0.,0.,1.));
#8229=DIRECTION('center_axis',(-1.,0.,0.));
#8230=DIRECTION('ref_axis',(0.,-1.,0.));
#8231=DIRECTION('',(0.,-1.,0.));
#8232=DIRECTION('',(0.,-1.,0.));
#8233=DIRECTION('center_axis',(0.,1.,0.));
#8234=DIRECTION('ref_axis',(-1.,0.,0.));
#8235=DIRECTION('',(-1.,0.,0.));
#8236=DIRECTION('',(0.,0.,1.));
#8237=DIRECTION('',(-1.,0.,0.));
#8238=DIRECTION('',(0.,0.,1.));
#8239=DIRECTION('',(0.,0.,1.));
#8240=DIRECTION('',(0.,0.,1.));
#8241=DIRECTION('center_axis',(1.,0.,0.));
#8242=DIRECTION('ref_axis',(0.,1.,0.));
#8243=DIRECTION('',(0.,1.,0.));
#8244=DIRECTION('',(0.,0.,1.));
#8245=DIRECTION('',(0.,1.,0.));
#8246=DIRECTION('',(0.,0.,1.));
#8247=DIRECTION('',(0.,0.,1.));
#8248=DIRECTION('',(0.,0.,1.));
#8249=DIRECTION('',(0.,0.,1.));
#8250=DIRECTION('',(0.,0.,1.));
#8251=DIRECTION('',(0.,0.,1.));
#8252=DIRECTION('',(0.,0.,1.));
#8253=DIRECTION('center_axis',(-0.135114375513398,0.990830008391765,0.));
#8254=DIRECTION('ref_axis',(-0.990830008391765,-0.135114375513398,0.));
#8255=DIRECTION('',(-0.990830008391765,-0.135114375513398,0.));
#8256=DIRECTION('',(0.,0.,1.));
#8257=DIRECTION('',(-0.990830008391765,-0.135114375513398,0.));
#8258=DIRECTION('',(0.,0.,1.));
#8259=DIRECTION('',(0.,0.,1.));
#8260=DIRECTION('',(0.,0.,1.));
#8261=DIRECTION('',(0.,0.,1.));
#8262=DIRECTION('',(0.,0.,1.));
#8263=DIRECTION('',(0.,0.,1.));
#8264=DIRECTION('',(0.,0.,1.));
#8265=DIRECTION('',(0.,0.,1.));
#8266=DIRECTION('',(0.,0.,1.));
#8267=DIRECTION('',(0.,0.,1.));
#8268=DIRECTION('',(0.,0.,1.));
#8269=DIRECTION('',(0.,0.,1.));
#8270=DIRECTION('',(0.,0.,1.));
#8271=DIRECTION('',(0.,0.,1.));
#8272=DIRECTION('center_axis',(0.,0.,-1.));
#8273=DIRECTION('ref_axis',(-1.,0.,0.));
#8274=DIRECTION('center_axis',(1.,0.,0.));
#8275=DIRECTION('ref_axis',(0.,1.,0.));
#8276=DIRECTION('',(0.,1.,0.));
#8277=DIRECTION('',(0.,0.,1.));
#8278=DIRECTION('',(0.,1.,0.));
#8279=DIRECTION('',(0.,0.,1.));
#8280=DIRECTION('',(0.,0.,1.));
#8281=DIRECTION('',(0.,0.,1.));
#8282=DIRECTION('',(0.,0.,1.));
#8283=DIRECTION('',(0.,0.,1.));
#8284=DIRECTION('center_axis',(0.937476724313883,0.348047972799314,0.));
#8285=DIRECTION('ref_axis',(-0.348047972799314,0.937476724313883,0.));
#8286=DIRECTION('',(-0.348047972799314,0.937476724313883,0.));
#8287=DIRECTION('',(0.,0.,1.));
#8288=DIRECTION('',(-0.348047972799314,0.937476724313883,0.));
#8289=DIRECTION('',(0.,0.,1.));
#8290=DIRECTION('',(0.,0.,1.));
#8291=DIRECTION('',(0.,0.,1.));
#8292=DIRECTION('center_axis',(1.,0.,0.));
#8293=DIRECTION('ref_axis',(0.,1.,0.));
#8294=DIRECTION('',(0.,1.,0.));
#8295=DIRECTION('',(0.,0.,1.));
#8296=DIRECTION('',(0.,1.,0.));
#8297=DIRECTION('center_axis',(0.,-1.,0.));
#8298=DIRECTION('ref_axis',(1.,0.,0.));
#8299=DIRECTION('',(1.,0.,0.));
#8300=DIRECTION('',(0.,0.,1.));
#8301=DIRECTION('',(1.,0.,0.));
#8302=DIRECTION('center_axis',(-1.,0.,0.));
#8303=DIRECTION('ref_axis',(0.,-1.,0.));
#8304=DIRECTION('',(0.,-1.,0.));
#8305=DIRECTION('',(0.,0.,1.));
#8306=DIRECTION('',(0.,-1.,0.));
#8307=DIRECTION('center_axis',(0.,1.,0.));
#8308=DIRECTION('ref_axis',(-1.,0.,0.));
#8309=DIRECTION('',(-1.,0.,0.));
#8310=DIRECTION('',(-1.,0.,0.));
#8311=DIRECTION('center_axis',(0.,0.,-1.));
#8312=DIRECTION('ref_axis',(-1.,0.,0.));
#8313=DIRECTION('',(0.,0.,1.));
#8314=DIRECTION('',(0.,0.,1.));
#8315=DIRECTION('',(0.,0.,1.));
#8316=DIRECTION('',(0.,0.,1.));
#8317=DIRECTION('',(0.,0.,1.));
#8318=DIRECTION('',(0.,0.,1.));
#8319=DIRECTION('',(0.,0.,1.));
#8320=DIRECTION('',(0.,0.,1.));
#8321=DIRECTION('',(0.,0.,1.));
#8322=DIRECTION('',(0.,0.,1.));
#8323=DIRECTION('',(0.,0.,1.));
#8324=DIRECTION('',(0.,0.,1.));
#8325=DIRECTION('',(0.,0.,1.));
#8326=DIRECTION('',(0.,0.,1.));
#8327=DIRECTION('',(0.,0.,1.));
#8328=DIRECTION('',(0.,0.,1.));
#8329=DIRECTION('',(0.,0.,1.));
#8330=DIRECTION('center_axis',(0.,0.,-1.));
#8331=DIRECTION('ref_axis',(-1.,0.,0.));
#8332=DIRECTION('',(0.,0.,1.));
#8333=DIRECTION('',(0.,0.,1.));
#8334=DIRECTION('',(0.,0.,1.));
#8335=DIRECTION('',(0.,0.,1.));
#8336=DIRECTION('',(0.,0.,1.));
#8337=DIRECTION('',(0.,0.,1.));
#8338=DIRECTION('',(0.,0.,1.));
#8339=DIRECTION('',(0.,0.,1.));
#8340=DIRECTION('',(0.,0.,1.));
#8341=DIRECTION('',(0.,0.,1.));
#8342=DIRECTION('',(0.,0.,1.));
#8343=DIRECTION('',(0.,0.,1.));
#8344=DIRECTION('',(0.,0.,1.));
#8345=DIRECTION('',(0.,0.,1.));
#8346=DIRECTION('',(0.,0.,1.));
#8347=DIRECTION('',(0.,0.,1.));
#8348=DIRECTION('',(0.,0.,1.));
#8349=DIRECTION('center_axis',(0.,0.,-1.));
#8350=DIRECTION('ref_axis',(-1.,0.,0.));
#8351=DIRECTION('',(0.,0.,1.));
#8352=DIRECTION('',(0.,0.,1.));
#8353=DIRECTION('',(0.,0.,1.));
#8354=DIRECTION('',(0.,0.,1.));
#8355=DIRECTION('',(0.,0.,1.));
#8356=DIRECTION('',(0.,0.,1.));
#8357=DIRECTION('',(0.,0.,1.));
#8358=DIRECTION('',(0.,0.,1.));
#8359=DIRECTION('center_axis',(0.152481390118079,0.988306342015298,0.));
#8360=DIRECTION('ref_axis',(-0.988306342015298,0.152481390118079,0.));
#8361=DIRECTION('',(-0.988306342015298,0.152481390118079,0.));
#8362=DIRECTION('',(0.,0.,1.));
#8363=DIRECTION('',(-0.988306342015298,0.152481390118079,0.));
#8364=DIRECTION('',(0.,0.,1.));
#8365=DIRECTION('',(0.,0.,1.));
#8366=DIRECTION('',(0.,0.,1.));
#8367=DIRECTION('',(0.,0.,1.));
#8368=DIRECTION('',(0.,0.,1.));
#8369=DIRECTION('',(0.,0.,1.));
#8370=DIRECTION('',(0.,0.,1.));
#8371=DIRECTION('',(0.,0.,1.));
#8372=DIRECTION('',(0.,0.,1.));
#8373=DIRECTION('center_axis',(0.12886156751763,-0.991662592022559,0.));
#8374=DIRECTION('ref_axis',(0.991662592022558,0.12886156751763,0.));
#8375=DIRECTION('',(0.991662592022558,0.12886156751763,0.));
#8376=DIRECTION('',(0.,0.,1.));
#8377=DIRECTION('',(0.991662592022558,0.12886156751763,0.));
#8378=DIRECTION('center_axis',(0.,0.,-1.));
#8379=DIRECTION('ref_axis',(-1.,0.,0.));
#8380=DIRECTION('',(0.,0.,1.));
#8381=DIRECTION('',(0.,0.,1.));
#8382=DIRECTION('',(0.,0.,1.));
#8383=DIRECTION('',(0.,0.,1.));
#8384=DIRECTION('',(0.,0.,1.));
#8385=DIRECTION('',(0.,0.,1.));
#8386=DIRECTION('',(0.,0.,1.));
#8387=DIRECTION('',(0.,0.,1.));
#8388=DIRECTION('',(0.,0.,1.));
#8389=DIRECTION('',(0.,0.,1.));
#8390=DIRECTION('center_axis',(-1.,0.,0.));
#8391=DIRECTION('ref_axis',(0.,-1.,0.));
#8392=DIRECTION('',(0.,-1.,0.));
#8393=DIRECTION('',(0.,-1.,0.));
#8394=DIRECTION('center_axis',(0.,1.,0.));
#8395=DIRECTION('ref_axis',(-1.,0.,0.));
#8396=DIRECTION('',(-1.,0.,0.));
#8397=DIRECTION('',(0.,0.,1.));
#8398=DIRECTION('',(-1.,0.,0.));
#8399=DIRECTION('',(0.,0.,1.));
#8400=DIRECTION('',(0.,0.,1.));
#8401=DIRECTION('',(0.,0.,1.));
#8402=DIRECTION('center_axis',(1.,0.,0.));
#8403=DIRECTION('ref_axis',(0.,1.,0.));
#8404=DIRECTION('',(0.,1.,0.));
#8405=DIRECTION('',(0.,0.,1.));
#8406=DIRECTION('',(0.,1.,0.));
#8407=DIRECTION('',(0.,0.,1.));
#8408=DIRECTION('',(0.,0.,1.));
#8409=DIRECTION('',(0.,0.,1.));
#8410=DIRECTION('',(0.,0.,1.));
#8411=DIRECTION('',(0.,0.,1.));
#8412=DIRECTION('',(0.,0.,1.));
#8413=DIRECTION('',(0.,0.,1.));
#8414=DIRECTION('center_axis',(-0.135114265751912,0.990830023359366,0.));
#8415=DIRECTION('ref_axis',(-0.990830023359366,-0.135114265751912,0.));
#8416=DIRECTION('',(-0.990830023359366,-0.135114265751912,0.));
#8417=DIRECTION('',(0.,0.,1.));
#8418=DIRECTION('',(-0.990830023359366,-0.135114265751912,0.));
#8419=DIRECTION('',(0.,0.,1.));
#8420=DIRECTION('',(0.,0.,1.));
#8421=DIRECTION('',(0.,0.,1.));
#8422=DIRECTION('',(0.,0.,1.));
#8423=DIRECTION('',(0.,0.,1.));
#8424=DIRECTION('',(0.,0.,1.));
#8425=DIRECTION('',(0.,0.,1.));
#8426=DIRECTION('',(0.,0.,1.));
#8427=DIRECTION('',(0.,0.,1.));
#8428=DIRECTION('',(0.,0.,1.));
#8429=DIRECTION('',(0.,0.,1.));
#8430=DIRECTION('',(0.,0.,1.));
#8431=DIRECTION('',(0.,0.,1.));
#8432=DIRECTION('',(0.,0.,1.));
#8433=DIRECTION('center_axis',(0.,0.,-1.));
#8434=DIRECTION('ref_axis',(-1.,0.,0.));
#8435=DIRECTION('',(0.,0.,1.));
#8436=DIRECTION('',(0.,0.,1.));
#8437=DIRECTION('',(0.,0.,1.));
#8438=DIRECTION('',(0.,0.,1.));
#8439=DIRECTION('',(0.,0.,1.));
#8440=DIRECTION('',(0.,0.,1.));
#8441=DIRECTION('',(0.,0.,1.));
#8442=DIRECTION('',(0.,0.,1.));
#8443=DIRECTION('',(0.,0.,1.));
#8444=DIRECTION('',(0.,0.,1.));
#8445=DIRECTION('',(0.,0.,1.));
#8446=DIRECTION('',(0.,0.,1.));
#8447=DIRECTION('',(0.,0.,1.));
#8448=DIRECTION('',(0.,0.,1.));
#8449=DIRECTION('',(0.,0.,1.));
#8450=DIRECTION('center_axis',(0.135113168146427,0.990830173033419,0.));
#8451=DIRECTION('ref_axis',(-0.990830173033419,0.135113168146427,0.));
#8452=DIRECTION('',(-0.990830173033419,0.135113168146427,0.));
#8453=DIRECTION('',(0.,0.,1.));
#8454=DIRECTION('',(-0.990830173033419,0.135113168146427,0.));
#8455=DIRECTION('',(0.,0.,1.));
#8456=DIRECTION('',(0.,0.,1.));
#8457=DIRECTION('',(0.,0.,1.));
#8458=DIRECTION('',(0.,0.,1.));
#8459=DIRECTION('',(0.,0.,1.));
#8460=DIRECTION('',(0.,0.,1.));
#8461=DIRECTION('',(0.,0.,1.));
#8462=DIRECTION('',(0.,0.,1.));
#8463=DIRECTION('',(0.,0.,1.));
#8464=DIRECTION('',(0.,0.,1.));
#8465=DIRECTION('',(0.,0.,1.));
#8466=DIRECTION('',(0.,0.,1.));
#8467=DIRECTION('',(0.,0.,1.));
#8468=DIRECTION('',(0.,0.,1.));
#8469=DIRECTION('',(0.,0.,1.));
#8470=DIRECTION('',(0.,0.,1.));
#8471=DIRECTION('center_axis',(-0.155392743120339,-0.987852770095593,0.));
#8472=DIRECTION('ref_axis',(0.987852770095593,-0.155392743120339,0.));
#8473=DIRECTION('',(0.987852770095593,-0.155392743120339,0.));
#8474=DIRECTION('',(0.,0.,1.));
#8475=DIRECTION('',(0.987852770095593,-0.155392743120339,0.));
#8476=DIRECTION('center_axis',(0.,0.,-1.));
#8477=DIRECTION('ref_axis',(-1.,0.,0.));
#8478=DIRECTION('',(0.,0.,1.));
#8479=DIRECTION('',(0.,0.,1.));
#8480=DIRECTION('',(0.,0.,1.));
#8481=DIRECTION('',(0.,0.,1.));
#8482=DIRECTION('center_axis',(0.,-1.,0.));
#8483=DIRECTION('ref_axis',(1.,0.,0.));
#8484=DIRECTION('',(1.,0.,0.));
#8485=DIRECTION('',(0.,0.,1.));
#8486=DIRECTION('',(1.,0.,0.));
#8487=DIRECTION('',(0.,0.,1.));
#8488=DIRECTION('',(0.,0.,1.));
#8489=DIRECTION('',(0.,0.,1.));
#8490=DIRECTION('',(0.,0.,1.));
#8491=DIRECTION('center_axis',(0.,1.,0.));
#8492=DIRECTION('ref_axis',(-1.,0.,0.));
#8493=DIRECTION('',(-1.,0.,0.));
#8494=DIRECTION('',(0.,0.,1.));
#8495=DIRECTION('',(-1.,0.,0.));
#8496=DIRECTION('',(0.,0.,1.));
#8497=DIRECTION('',(0.,0.,1.));
#8498=DIRECTION('',(0.,0.,1.));
#8499=DIRECTION('',(0.,0.,1.));
#8500=DIRECTION('',(0.,0.,1.));
#8501=DIRECTION('',(0.,0.,1.));
#8502=DIRECTION('',(0.,0.,1.));
#8503=DIRECTION('',(0.,0.,1.));
#8504=DIRECTION('',(0.,0.,1.));
#8505=DIRECTION('center_axis',(0.122721707106298,-0.992441122991644,0.));
#8506=DIRECTION('ref_axis',(0.992441122991644,0.122721707106298,0.));
#8507=DIRECTION('',(0.992441122991644,0.122721707106298,0.));
#8508=DIRECTION('',(0.,0.,1.));
#8509=DIRECTION('',(0.992441122991644,0.122721707106298,0.));
#8510=DIRECTION('center_axis',(0.,0.,-1.));
#8511=DIRECTION('ref_axis',(-1.,0.,0.));
#8512=DIRECTION('',(0.,0.,1.));
#8513=DIRECTION('',(0.,0.,1.));
#8514=DIRECTION('',(0.,0.,1.));
#8515=DIRECTION('',(0.,0.,1.));
#8516=DIRECTION('',(0.,0.,1.));
#8517=DIRECTION('',(0.,0.,1.));
#8518=DIRECTION('',(0.,0.,1.));
#8519=DIRECTION('',(0.,0.,1.));
#8520=DIRECTION('center_axis',(1.,0.,0.));
#8521=DIRECTION('ref_axis',(0.,1.,0.));
#8522=DIRECTION('',(0.,1.,0.));
#8523=DIRECTION('',(0.,0.,1.));
#8524=DIRECTION('',(0.,1.,0.));
#8525=DIRECTION('',(0.,0.,1.));
#8526=DIRECTION('center_axis',(0.,-1.,0.));
#8527=DIRECTION('ref_axis',(1.,0.,0.));
#8528=DIRECTION('',(1.,0.,0.));
#8529=DIRECTION('',(0.,0.,1.));
#8530=DIRECTION('',(1.,0.,0.));
#8531=DIRECTION('center_axis',(-1.,0.,0.));
#8532=DIRECTION('ref_axis',(0.,-1.,0.));
#8533=DIRECTION('',(0.,-1.,0.));
#8534=DIRECTION('',(0.,0.,1.));
#8535=DIRECTION('',(0.,-1.,0.));
#8536=DIRECTION('',(0.,0.,1.));
#8537=DIRECTION('',(0.,0.,1.));
#8538=DIRECTION('',(0.,0.,1.));
#8539=DIRECTION('',(0.,0.,1.));
#8540=DIRECTION('',(0.,0.,1.));
#8541=DIRECTION('',(0.,0.,1.));
#8542=DIRECTION('',(0.,0.,1.));
#8543=DIRECTION('',(0.,0.,1.));
#8544=DIRECTION('center_axis',(-1.,0.,0.));
#8545=DIRECTION('ref_axis',(0.,-1.,0.));
#8546=DIRECTION('',(0.,-1.,0.));
#8547=DIRECTION('',(0.,0.,1.));
#8548=DIRECTION('',(0.,-1.,0.));
#8549=DIRECTION('center_axis',(0.,1.,0.));
#8550=DIRECTION('ref_axis',(-1.,0.,0.));
#8551=DIRECTION('',(-1.,0.,0.));
#8552=DIRECTION('',(-1.,0.,0.));
#8553=DIRECTION('center_axis',(0.,0.,-1.));
#8554=DIRECTION('ref_axis',(-1.,0.,0.));
#8555=DIRECTION('center_axis',(0.,0.,1.));
#8556=DIRECTION('ref_axis',(1.,0.,0.));
#8557=DIRECTION('center_axis',(0.,0.,1.));
#8558=DIRECTION('ref_axis',(0.707106781186547,0.707106781186547,0.));
#8559=DIRECTION('',(0.,-1.,0.));
#8560=DIRECTION('center_axis',(0.,0.,1.));
#8561=DIRECTION('ref_axis',(0.707106781186547,-0.707106781186547,0.));
#8562=DIRECTION('',(-1.,0.,0.));
#8563=DIRECTION('center_axis',(0.,0.,1.));
#8564=DIRECTION('ref_axis',(-0.707106781186547,-0.707106781186547,0.));
#8565=DIRECTION('',(0.,1.,0.));
#8566=DIRECTION('center_axis',(0.,0.,1.));
#8567=DIRECTION('ref_axis',(-0.707106781186547,0.707106781186547,0.));
#8568=DIRECTION('',(1.,0.,0.));
#8569=DIRECTION('',(0.,1.,0.));
#8570=DIRECTION('',(-1.,0.,0.));
#8571=DIRECTION('',(0.,-1.,0.));
#8572=DIRECTION('',(1.,0.,0.));
#8573=DIRECTION('center_axis',(0.,0.,-1.));
#8574=DIRECTION('ref_axis',(0.,1.,0.));
#8575=DIRECTION('',(0.,1.,0.));
#8576=DIRECTION('center_axis',(0.,0.,-1.));
#8577=DIRECTION('ref_axis',(-1.,0.,0.));
#8578=DIRECTION('',(-1.,0.,0.));
#8579=DIRECTION('center_axis',(0.,0.,-1.));
#8580=DIRECTION('ref_axis',(0.,-1.,0.));
#8581=DIRECTION('',(0.,-1.,0.));
#8582=DIRECTION('center_axis',(0.,0.,-1.));
#8583=DIRECTION('ref_axis',(1.,0.,0.));
#8584=DIRECTION('',(1.,0.,0.));
#8585=DIRECTION('center_axis',(0.,0.,-1.));
#8586=DIRECTION('ref_axis',(0.,1.,0.));
#8587=DIRECTION('',(0.,1.,0.));
#8588=DIRECTION('center_axis',(0.,0.,-1.));
#8589=DIRECTION('ref_axis',(-1.,0.,0.));
#8590=DIRECTION('',(-1.,0.,0.));
#8591=DIRECTION('center_axis',(0.,0.,-1.));
#8592=DIRECTION('ref_axis',(0.,-1.,0.));
#8593=DIRECTION('',(0.,-1.,0.));
#8594=DIRECTION('center_axis',(0.,0.,-1.));
#8595=DIRECTION('ref_axis',(1.,0.,0.));
#8596=DIRECTION('',(1.,0.,0.));
#8597=DIRECTION('center_axis',(0.,0.,-1.));
#8598=DIRECTION('ref_axis',(0.,1.,0.));
#8599=DIRECTION('',(0.,1.,0.));
#8600=DIRECTION('center_axis',(0.,0.,-1.));
#8601=DIRECTION('ref_axis',(-1.,0.,0.));
#8602=DIRECTION('',(-1.,0.,0.));
#8603=DIRECTION('center_axis',(0.,0.,-1.));
#8604=DIRECTION('ref_axis',(0.,-1.,0.));
#8605=DIRECTION('',(0.,-1.,0.));
#8606=DIRECTION('center_axis',(0.,0.,-1.));
#8607=DIRECTION('ref_axis',(1.,0.,0.));
#8608=DIRECTION('',(1.,0.,0.));
#8609=DIRECTION('center_axis',(0.,0.,-1.));
#8610=DIRECTION('ref_axis',(0.,1.,0.));
#8611=DIRECTION('',(0.,1.,0.));
#8612=DIRECTION('center_axis',(0.,0.,-1.));
#8613=DIRECTION('ref_axis',(-1.,0.,0.));
#8614=DIRECTION('',(-1.,0.,0.));
#8615=DIRECTION('center_axis',(0.,0.,-1.));
#8616=DIRECTION('ref_axis',(0.,-1.,0.));
#8617=DIRECTION('',(0.,-1.,0.));
#8618=DIRECTION('center_axis',(0.,0.,-1.));
#8619=DIRECTION('ref_axis',(1.,0.,0.));
#8620=DIRECTION('',(1.,0.,0.));
#8621=DIRECTION('center_axis',(0.,0.,-1.));
#8622=DIRECTION('ref_axis',(1.,0.,0.));
#8623=DIRECTION('center_axis',(0.,0.,-1.));
#8624=DIRECTION('ref_axis',(0.,1.,0.));
#8625=DIRECTION('',(0.,1.,0.));
#8626=DIRECTION('center_axis',(0.,0.,-1.));
#8627=DIRECTION('ref_axis',(-1.,0.,0.));
#8628=DIRECTION('',(-1.,0.,0.));
#8629=DIRECTION('center_axis',(0.,0.,-1.));
#8630=DIRECTION('ref_axis',(0.,-1.,0.));
#8631=DIRECTION('',(0.,-1.,0.));
#8632=DIRECTION('center_axis',(0.,0.,-1.));
#8633=DIRECTION('ref_axis',(1.,0.,0.));
#8634=DIRECTION('',(1.,0.,0.));
#8635=DIRECTION('center_axis',(0.,0.,-1.));
#8636=DIRECTION('ref_axis',(1.,0.,0.));
#8637=DIRECTION('center_axis',(0.,0.,-1.));
#8638=DIRECTION('ref_axis',(0.,1.,0.));
#8639=DIRECTION('',(0.,1.,0.));
#8640=DIRECTION('center_axis',(0.,0.,-1.));
#8641=DIRECTION('ref_axis',(-1.,0.,0.));
#8642=DIRECTION('',(-1.,0.,0.));
#8643=DIRECTION('center_axis',(0.,0.,-1.));
#8644=DIRECTION('ref_axis',(0.,-1.,0.));
#8645=DIRECTION('',(0.,-1.,0.));
#8646=DIRECTION('center_axis',(0.,0.,-1.));
#8647=DIRECTION('ref_axis',(1.,0.,0.));
#8648=DIRECTION('',(1.,0.,0.));
#8649=DIRECTION('center_axis',(0.,0.,-1.));
#8650=DIRECTION('ref_axis',(1.,0.,0.));
#8651=DIRECTION('center_axis',(0.,0.,-1.));
#8652=DIRECTION('ref_axis',(1.,0.,0.));
#8653=DIRECTION('center_axis',(0.,0.,1.));
#8654=DIRECTION('ref_axis',(1.,0.,0.));
#8655=DIRECTION('center_axis',(0.,0.,1.));
#8656=DIRECTION('ref_axis',(1.,0.,0.));
#8657=DIRECTION('center_axis',(0.,0.,1.));
#8658=DIRECTION('ref_axis',(1.,0.,0.));
#8659=DIRECTION('center_axis',(0.,0.,1.));
#8660=DIRECTION('ref_axis',(1.,0.,0.));
#8661=DIRECTION('center_axis',(0.,0.,1.));
#8662=DIRECTION('ref_axis',(1.,0.,0.));
#8663=DIRECTION('center_axis',(0.,0.,1.));
#8664=DIRECTION('ref_axis',(1.,0.,0.));
#8665=DIRECTION('center_axis',(0.,0.,1.));
#8666=DIRECTION('ref_axis',(1.,0.,0.));
#8667=DIRECTION('center_axis',(0.,0.,1.));
#8668=DIRECTION('ref_axis',(0.707106781186547,0.707106781186547,0.));
#8669=DIRECTION('center_axis',(0.,0.,-1.));
#8670=DIRECTION('ref_axis',(0.707106781186547,0.707106781186547,0.));
#8671=DIRECTION('',(0.,0.,-1.));
#8672=DIRECTION('',(0.,0.,1.));
#8673=DIRECTION('center_axis',(0.,1.,0.));
#8674=DIRECTION('ref_axis',(-1.,0.,0.));
#8675=DIRECTION('',(0.,0.,1.));
#8676=DIRECTION('',(-1.,0.,0.));
#8677=DIRECTION('center_axis',(0.,0.,1.));
#8678=DIRECTION('ref_axis',(1.,0.,0.));
#8679=DIRECTION('center_axis',(0.,0.,1.));
#8680=DIRECTION('ref_axis',(-0.707106781186547,0.707106781186547,0.));
#8681=DIRECTION('center_axis',(0.,0.,-1.));
#8682=DIRECTION('ref_axis',(-0.707106781186547,0.707106781186547,0.));
#8683=DIRECTION('',(0.,0.,-1.));
#8684=DIRECTION('',(0.,0.,1.));
#8685=DIRECTION('center_axis',(-1.,0.,0.));
#8686=DIRECTION('ref_axis',(0.,-1.,0.));
#8687=DIRECTION('',(0.,0.,-1.));
#8688=DIRECTION('',(0.,-1.,0.));
#8689=DIRECTION('center_axis',(0.,0.,1.));
#8690=DIRECTION('ref_axis',(0.707106781186547,-0.707106781186547,0.));
#8691=DIRECTION('center_axis',(0.,0.,-1.));
#8692=DIRECTION('ref_axis',(0.707106781186547,-0.707106781186547,0.));
#8693=DIRECTION('',(0.,0.,-1.));
#8694=DIRECTION('',(0.,0.,1.));
#8695=DIRECTION('center_axis',(1.,0.,0.));
#8696=DIRECTION('ref_axis',(0.,1.,0.));
#8697=DIRECTION('',(0.,1.,0.));
#8698=DIRECTION('center_axis',(0.,0.,1.));
#8699=DIRECTION('ref_axis',(-0.707106781186547,-0.707106781186547,0.));
#8700=DIRECTION('center_axis',(0.,0.,-1.));
#8701=DIRECTION('ref_axis',(-0.707106781186547,-0.707106781186547,0.));
#8702=DIRECTION('',(0.,0.,1.));
#8703=DIRECTION('center_axis',(0.,0.,1.));
#8704=DIRECTION('ref_axis',(1.,0.,0.));
#8705=DIRECTION('center_axis',(0.,0.,-1.));
#8706=DIRECTION('ref_axis',(1.,0.,0.));
#8707=DIRECTION('',(0.,0.,-1.));
#8708=DIRECTION('center_axis',(0.,0.,1.));
#8709=DIRECTION('ref_axis',(1.,0.,0.));
#8710=DIRECTION('center_axis',(0.,0.,-1.));
#8711=DIRECTION('ref_axis',(1.,0.,0.));
#8712=DIRECTION('',(0.,0.,-1.));
#8713=DIRECTION('center_axis',(1.,0.,0.));
#8714=DIRECTION('ref_axis',(0.,1.,0.));
#8715=DIRECTION('',(0.,0.,1.));
#8716=DIRECTION('',(0.,1.,0.));
#8717=DIRECTION('',(0.,0.,1.));
#8718=DIRECTION('center_axis',(0.,0.,1.));
#8719=DIRECTION('ref_axis',(-1.,0.,0.));
#8720=DIRECTION('center_axis',(0.,0.,-1.));
#8721=DIRECTION('ref_axis',(-1.,0.,0.));
#8722=DIRECTION('',(0.,0.,1.));
#8723=DIRECTION('center_axis',(0.,1.,0.));
#8724=DIRECTION('ref_axis',(-1.,0.,0.));
#8725=DIRECTION('',(-1.,0.,0.));
#8726=DIRECTION('',(0.,0.,1.));
#8727=DIRECTION('center_axis',(0.,0.,1.));
#8728=DIRECTION('ref_axis',(0.,-1.,0.));
#8729=DIRECTION('center_axis',(0.,0.,-1.));
#8730=DIRECTION('ref_axis',(0.,-1.,0.));
#8731=DIRECTION('',(0.,0.,1.));
#8732=DIRECTION('center_axis',(-1.,0.,0.));
#8733=DIRECTION('ref_axis',(0.,-1.,0.));
#8734=DIRECTION('',(0.,-1.,0.));
#8735=DIRECTION('',(0.,0.,1.));
#8736=DIRECTION('center_axis',(0.,0.,1.));
#8737=DIRECTION('ref_axis',(1.,0.,0.));
#8738=DIRECTION('center_axis',(0.,0.,-1.));
#8739=DIRECTION('ref_axis',(1.,0.,0.));
#8740=DIRECTION('',(0.,0.,1.));
#8741=DIRECTION('center_axis',(0.,-1.,0.));
#8742=DIRECTION('ref_axis',(1.,0.,0.));
#8743=DIRECTION('',(1.,0.,0.));
#8744=DIRECTION('',(0.,0.,1.));
#8745=DIRECTION('center_axis',(0.,0.,1.));
#8746=DIRECTION('ref_axis',(0.,1.,0.));
#8747=DIRECTION('center_axis',(0.,0.,-1.));
#8748=DIRECTION('ref_axis',(0.,1.,0.));
#8749=DIRECTION('center_axis',(0.,0.,1.));
#8750=DIRECTION('ref_axis',(1.,0.,0.));
#8751=DIRECTION('center_axis',(0.,0.,-1.));
#8752=DIRECTION('ref_axis',(1.,0.,0.));
#8753=DIRECTION('',(0.,0.,-1.));
#8754=DIRECTION('center_axis',(1.,0.,0.));
#8755=DIRECTION('ref_axis',(0.,1.,0.));
#8756=DIRECTION('',(0.,0.,1.));
#8757=DIRECTION('',(0.,1.,0.));
#8758=DIRECTION('',(0.,0.,1.));
#8759=DIRECTION('center_axis',(0.,0.,1.));
#8760=DIRECTION('ref_axis',(-1.,0.,0.));
#8761=DIRECTION('center_axis',(0.,0.,-1.));
#8762=DIRECTION('ref_axis',(-1.,0.,0.));
#8763=DIRECTION('',(0.,0.,1.));
#8764=DIRECTION('center_axis',(0.,1.,0.));
#8765=DIRECTION('ref_axis',(-1.,0.,0.));
#8766=DIRECTION('',(-1.,0.,0.));
#8767=DIRECTION('',(0.,0.,1.));
#8768=DIRECTION('center_axis',(0.,0.,1.));
#8769=DIRECTION('ref_axis',(0.,-1.,0.));
#8770=DIRECTION('center_axis',(0.,0.,-1.));
#8771=DIRECTION('ref_axis',(0.,-1.,0.));
#8772=DIRECTION('',(0.,0.,1.));
#8773=DIRECTION('center_axis',(-1.,0.,0.));
#8774=DIRECTION('ref_axis',(0.,-1.,0.));
#8775=DIRECTION('',(0.,-1.,0.));
#8776=DIRECTION('',(0.,0.,1.));
#8777=DIRECTION('center_axis',(0.,0.,1.));
#8778=DIRECTION('ref_axis',(1.,0.,0.));
#8779=DIRECTION('center_axis',(0.,0.,-1.));
#8780=DIRECTION('ref_axis',(1.,0.,0.));
#8781=DIRECTION('',(0.,0.,1.));
#8782=DIRECTION('center_axis',(0.,-1.,0.));
#8783=DIRECTION('ref_axis',(1.,0.,0.));
#8784=DIRECTION('',(1.,0.,0.));
#8785=DIRECTION('',(0.,0.,1.));
#8786=DIRECTION('center_axis',(0.,0.,1.));
#8787=DIRECTION('ref_axis',(0.,1.,0.));
#8788=DIRECTION('center_axis',(0.,0.,-1.));
#8789=DIRECTION('ref_axis',(0.,1.,0.));
#8790=DIRECTION('center_axis',(0.,0.,1.));
#8791=DIRECTION('ref_axis',(1.,0.,0.));
#8792=DIRECTION('center_axis',(0.,0.,-1.));
#8793=DIRECTION('ref_axis',(1.,0.,0.));
#8794=DIRECTION('',(0.,0.,-1.));
#8795=DIRECTION('center_axis',(1.,0.,0.));
#8796=DIRECTION('ref_axis',(0.,1.,0.));
#8797=DIRECTION('',(0.,0.,1.));
#8798=DIRECTION('',(0.,1.,0.));
#8799=DIRECTION('',(0.,0.,1.));
#8800=DIRECTION('center_axis',(0.,0.,1.));
#8801=DIRECTION('ref_axis',(-1.,0.,0.));
#8802=DIRECTION('center_axis',(0.,0.,-1.));
#8803=DIRECTION('ref_axis',(-1.,0.,0.));
#8804=DIRECTION('',(0.,0.,1.));
#8805=DIRECTION('center_axis',(0.,1.,0.));
#8806=DIRECTION('ref_axis',(-1.,0.,0.));
#8807=DIRECTION('',(-1.,0.,0.));
#8808=DIRECTION('',(0.,0.,1.));
#8809=DIRECTION('center_axis',(0.,0.,1.));
#8810=DIRECTION('ref_axis',(0.,-1.,0.));
#8811=DIRECTION('center_axis',(0.,0.,-1.));
#8812=DIRECTION('ref_axis',(0.,-1.,0.));
#8813=DIRECTION('',(0.,0.,1.));
#8814=DIRECTION('center_axis',(-1.,0.,0.));
#8815=DIRECTION('ref_axis',(0.,-1.,0.));
#8816=DIRECTION('',(0.,-1.,0.));
#8817=DIRECTION('',(0.,0.,1.));
#8818=DIRECTION('center_axis',(0.,0.,1.));
#8819=DIRECTION('ref_axis',(1.,0.,0.));
#8820=DIRECTION('center_axis',(0.,0.,-1.));
#8821=DIRECTION('ref_axis',(1.,0.,0.));
#8822=DIRECTION('',(0.,0.,1.));
#8823=DIRECTION('center_axis',(0.,-1.,0.));
#8824=DIRECTION('ref_axis',(1.,0.,0.));
#8825=DIRECTION('',(1.,0.,0.));
#8826=DIRECTION('',(0.,0.,1.));
#8827=DIRECTION('center_axis',(0.,0.,1.));
#8828=DIRECTION('ref_axis',(0.,1.,0.));
#8829=DIRECTION('center_axis',(0.,0.,-1.));
#8830=DIRECTION('ref_axis',(0.,1.,0.));
#8831=DIRECTION('center_axis',(1.,0.,0.));
#8832=DIRECTION('ref_axis',(0.,1.,0.));
#8833=DIRECTION('',(0.,0.,1.));
#8834=DIRECTION('',(0.,1.,0.));
#8835=DIRECTION('',(0.,0.,1.));
#8836=DIRECTION('center_axis',(0.,0.,1.));
#8837=DIRECTION('ref_axis',(-1.,0.,0.));
#8838=DIRECTION('center_axis',(0.,0.,-1.));
#8839=DIRECTION('ref_axis',(-1.,0.,0.));
#8840=DIRECTION('',(0.,0.,1.));
#8841=DIRECTION('center_axis',(0.,1.,0.));
#8842=DIRECTION('ref_axis',(-1.,0.,0.));
#8843=DIRECTION('',(-1.,0.,0.));
#8844=DIRECTION('',(0.,0.,1.));
#8845=DIRECTION('center_axis',(0.,0.,1.));
#8846=DIRECTION('ref_axis',(0.,-1.,0.));
#8847=DIRECTION('center_axis',(0.,0.,-1.));
#8848=DIRECTION('ref_axis',(0.,-1.,0.));
#8849=DIRECTION('',(0.,0.,1.));
#8850=DIRECTION('center_axis',(-1.,0.,0.));
#8851=DIRECTION('ref_axis',(0.,-1.,0.));
#8852=DIRECTION('',(0.,-1.,0.));
#8853=DIRECTION('',(0.,0.,1.));
#8854=DIRECTION('center_axis',(0.,0.,1.));
#8855=DIRECTION('ref_axis',(1.,0.,0.));
#8856=DIRECTION('center_axis',(0.,0.,-1.));
#8857=DIRECTION('ref_axis',(1.,0.,0.));
#8858=DIRECTION('',(0.,0.,1.));
#8859=DIRECTION('center_axis',(0.,-1.,0.));
#8860=DIRECTION('ref_axis',(1.,0.,0.));
#8861=DIRECTION('',(1.,0.,0.));
#8862=DIRECTION('',(0.,0.,1.));
#8863=DIRECTION('center_axis',(0.,0.,1.));
#8864=DIRECTION('ref_axis',(0.,1.,0.));
#8865=DIRECTION('center_axis',(0.,0.,-1.));
#8866=DIRECTION('ref_axis',(0.,1.,0.));
#8867=DIRECTION('center_axis',(1.,0.,0.));
#8868=DIRECTION('ref_axis',(0.,1.,0.));
#8869=DIRECTION('',(0.,0.,1.));
#8870=DIRECTION('',(0.,1.,0.));
#8871=DIRECTION('',(0.,0.,1.));
#8872=DIRECTION('center_axis',(0.,0.,1.));
#8873=DIRECTION('ref_axis',(-1.,0.,0.));
#8874=DIRECTION('center_axis',(0.,0.,-1.));
#8875=DIRECTION('ref_axis',(-1.,0.,0.));
#8876=DIRECTION('',(0.,0.,1.));
#8877=DIRECTION('center_axis',(0.,1.,0.));
#8878=DIRECTION('ref_axis',(-1.,0.,0.));
#8879=DIRECTION('',(-1.,0.,0.));
#8880=DIRECTION('',(0.,0.,1.));
#8881=DIRECTION('center_axis',(0.,0.,1.));
#8882=DIRECTION('ref_axis',(0.,-1.,0.));
#8883=DIRECTION('center_axis',(0.,0.,-1.));
#8884=DIRECTION('ref_axis',(0.,-1.,0.));
#8885=DIRECTION('',(0.,0.,1.));
#8886=DIRECTION('center_axis',(-1.,0.,0.));
#8887=DIRECTION('ref_axis',(0.,-1.,0.));
#8888=DIRECTION('',(0.,-1.,0.));
#8889=DIRECTION('',(0.,0.,1.));
#8890=DIRECTION('center_axis',(0.,0.,1.));
#8891=DIRECTION('ref_axis',(1.,0.,0.));
#8892=DIRECTION('center_axis',(0.,0.,-1.));
#8893=DIRECTION('ref_axis',(1.,0.,0.));
#8894=DIRECTION('',(0.,0.,1.));
#8895=DIRECTION('center_axis',(0.,-1.,0.));
#8896=DIRECTION('ref_axis',(1.,0.,0.));
#8897=DIRECTION('',(1.,0.,0.));
#8898=DIRECTION('',(0.,0.,1.));
#8899=DIRECTION('center_axis',(0.,0.,1.));
#8900=DIRECTION('ref_axis',(0.,1.,0.));
#8901=DIRECTION('center_axis',(0.,0.,-1.));
#8902=DIRECTION('ref_axis',(0.,1.,0.));
#8903=DIRECTION('center_axis',(1.,0.,0.));
#8904=DIRECTION('ref_axis',(0.,1.,0.));
#8905=DIRECTION('',(0.,0.,1.));
#8906=DIRECTION('',(0.,1.,0.));
#8907=DIRECTION('',(0.,0.,1.));
#8908=DIRECTION('center_axis',(0.,0.,1.));
#8909=DIRECTION('ref_axis',(-1.,0.,0.));
#8910=DIRECTION('center_axis',(0.,0.,-1.));
#8911=DIRECTION('ref_axis',(-1.,0.,0.));
#8912=DIRECTION('',(0.,0.,1.));
#8913=DIRECTION('center_axis',(0.,1.,0.));
#8914=DIRECTION('ref_axis',(-1.,0.,0.));
#8915=DIRECTION('',(-1.,0.,0.));
#8916=DIRECTION('',(0.,0.,1.));
#8917=DIRECTION('center_axis',(0.,0.,1.));
#8918=DIRECTION('ref_axis',(0.,-1.,0.));
#8919=DIRECTION('center_axis',(0.,0.,-1.));
#8920=DIRECTION('ref_axis',(0.,-1.,0.));
#8921=DIRECTION('',(0.,0.,1.));
#8922=DIRECTION('center_axis',(-1.,0.,0.));
#8923=DIRECTION('ref_axis',(0.,-1.,0.));
#8924=DIRECTION('',(0.,-1.,0.));
#8925=DIRECTION('',(0.,0.,1.));
#8926=DIRECTION('center_axis',(0.,0.,1.));
#8927=DIRECTION('ref_axis',(1.,0.,0.));
#8928=DIRECTION('center_axis',(0.,0.,-1.));
#8929=DIRECTION('ref_axis',(1.,0.,0.));
#8930=DIRECTION('',(0.,0.,1.));
#8931=DIRECTION('center_axis',(0.,-1.,0.));
#8932=DIRECTION('ref_axis',(1.,0.,0.));
#8933=DIRECTION('',(1.,0.,0.));
#8934=DIRECTION('',(0.,0.,1.));
#8935=DIRECTION('center_axis',(0.,0.,1.));
#8936=DIRECTION('ref_axis',(0.,1.,0.));
#8937=DIRECTION('center_axis',(0.,0.,-1.));
#8938=DIRECTION('ref_axis',(0.,1.,0.));
#8939=DIRECTION('center_axis',(0.,-1.,0.));
#8940=DIRECTION('ref_axis',(1.,0.,0.));
#8941=DIRECTION('',(1.,0.,0.));
#8942=DIRECTION('center_axis',(0.,1.,0.));
#8943=DIRECTION('ref_axis',(-1.,0.,0.));
#8944=DIRECTION('',(-1.,0.,0.));
#8945=DIRECTION('',(0.,0.,1.));
#8946=DIRECTION('center_axis',(1.,0.,0.));
#8947=DIRECTION('ref_axis',(0.,1.,0.));
#8948=DIRECTION('',(0.,1.,0.));
#8949=DIRECTION('',(0.,0.,1.));
#8950=DIRECTION('center_axis',(0.,1.,0.));
#8951=DIRECTION('ref_axis',(-1.,0.,0.));
#8952=DIRECTION('',(-1.,0.,0.));
#8953=DIRECTION('',(0.,0.,1.));
#8954=DIRECTION('center_axis',(-1.,0.,0.));
#8955=DIRECTION('ref_axis',(0.,-1.,0.));
#8956=DIRECTION('',(0.,-1.,0.));
#8957=DIRECTION('center_axis',(0.,0.,1.));
#8958=DIRECTION('ref_axis',(1.,0.,0.));
#8959=CARTESIAN_POINT('',(0.,0.,0.));
#8960=CARTESIAN_POINT('Origin',(46.2135066092014,-11.1732606589794,0.));
#8961=CARTESIAN_POINT('',(46.2135066092014,-11.1732606589794,0.));
#8962=CARTESIAN_POINT('',(46.2135066092014,-9.00000005960464,0.));
#8963=CARTESIAN_POINT('',(46.2135066092014,-18.7816303294897,0.));
#8964=CARTESIAN_POINT('',(46.2135066092014,-11.1732606589794,0.02));
#8965=CARTESIAN_POINT('',(46.2135066092014,-11.1732606589794,0.));
#8966=CARTESIAN_POINT('',(46.2135066092014,-9.00000005960464,0.02));
#8967=CARTESIAN_POINT('',(46.2135066092014,-11.1732606589794,0.02));
#8968=CARTESIAN_POINT('',(46.2135066092014,-9.00000005960464,0.));
#8969=CARTESIAN_POINT('Origin',(45.8451576530933,-11.1732606589794,0.));
#8970=CARTESIAN_POINT('',(45.8451576530933,-11.1732606589794,0.));
#8971=CARTESIAN_POINT('',(37.3225788265467,-11.1732606589794,0.));
#8972=CARTESIAN_POINT('',(45.8451576530933,-11.1732606589794,0.02));
#8973=CARTESIAN_POINT('',(45.8451576530933,-11.1732606589794,0.));
#8974=CARTESIAN_POINT('',(45.8451576530933,-11.1732606589794,0.02));
#8975=CARTESIAN_POINT('Origin',(45.8451576530933,-10.0088676810265,0.));
#8976=CARTESIAN_POINT('',(45.8451576530933,-10.0088676810265,0.));
#8977=CARTESIAN_POINT('',(45.8451576530933,-18.1994338405132,0.));
#8978=CARTESIAN_POINT('',(45.8451576530933,-10.0088676810265,0.02));
#8979=CARTESIAN_POINT('',(45.8451576530933,-10.0088676810265,0.));
#8980=CARTESIAN_POINT('',(45.8451576530933,-10.0088676810265,0.02));
#8981=CARTESIAN_POINT('Ctrl Pts',(45.7847891747952,-9.58424299955368,0.));
#8982=CARTESIAN_POINT('Ctrl Pts',(45.7847891747952,-9.58424299955368,0.02));
#8983=CARTESIAN_POINT('Ctrl Pts',(45.8023086833774,-9.64363667242989,0.));
#8984=CARTESIAN_POINT('Ctrl Pts',(45.8023086833774,-9.64363667242989,0.02));
#8985=CARTESIAN_POINT('Ctrl Pts',(45.843110310387,-9.78196010062725,0.));
#8986=CARTESIAN_POINT('Ctrl Pts',(45.843110310387,-9.78196010062725,0.02));
#8987=CARTESIAN_POINT('Ctrl Pts',(45.8444138377151,-9.92643040893973,0.));
#8988=CARTESIAN_POINT('Ctrl Pts',(45.8444138377151,-9.92643040893973,0.02));
#8989=CARTESIAN_POINT('Ctrl Pts',(45.8451576530933,-10.0088676810265,0.));
#8990=CARTESIAN_POINT('Ctrl Pts',(45.8451576530933,-10.0088676810265,0.02));
#8991=CARTESIAN_POINT('',(45.7847891747952,-9.58424299955368,0.));
#8992=CARTESIAN_POINT('Ctrl Pts',(45.7847891747952,-9.58424299955368,0.));
#8993=CARTESIAN_POINT('Ctrl Pts',(45.8023086833774,-9.64363667242989,0.));
#8994=CARTESIAN_POINT('Ctrl Pts',(45.843110310387,-9.78196010062725,0.));
#8995=CARTESIAN_POINT('Ctrl Pts',(45.8444138377151,-9.92643040893973,0.));
#8996=CARTESIAN_POINT('Ctrl Pts',(45.8451576530933,-10.0088676810265,0.));
#8997=CARTESIAN_POINT('',(45.7847891747952,-9.58424299955368,0.02));
#8998=CARTESIAN_POINT('',(45.7847891747952,-9.58424299955368,0.));
#8999=CARTESIAN_POINT('Ctrl Pts',(45.7847891747952,-9.58424299955368,0.02));
#9000=CARTESIAN_POINT('Ctrl Pts',(45.8023086833774,-9.64363667242989,0.02));
#9001=CARTESIAN_POINT('Ctrl Pts',(45.843110310387,-9.78196010062725,0.02));
#9002=CARTESIAN_POINT('Ctrl Pts',(45.8444138377151,-9.92643040893973,0.02));
#9003=CARTESIAN_POINT('Ctrl Pts',(45.8451576530933,-10.0088676810265,0.02));
#9004=CARTESIAN_POINT('Ctrl Pts',(45.5791275203228,-9.35300141572952,0.));
#9005=CARTESIAN_POINT('Ctrl Pts',(45.5791275203228,-9.35300141572952,0.02));
#9006=CARTESIAN_POINT('Ctrl Pts',(45.623845426713,-9.38345073069103,0.));
#9007=CARTESIAN_POINT('Ctrl Pts',(45.623845426713,-9.38345073069103,0.02));
#9008=CARTESIAN_POINT('Ctrl Pts',(45.7118209886567,-9.44335504667508,0.));
#9009=CARTESIAN_POINT('Ctrl Pts',(45.7118209886567,-9.44335504667508,0.02));
#9010=CARTESIAN_POINT('Ctrl Pts',(45.7607370885738,-9.53780290874819,0.));
#9011=CARTESIAN_POINT('Ctrl Pts',(45.7607370885738,-9.53780290874819,0.02));
#9012=CARTESIAN_POINT('Ctrl Pts',(45.7847891747952,-9.58424299955368,0.));
#9013=CARTESIAN_POINT('Ctrl Pts',(45.7847891747952,-9.58424299955368,0.02));
#9014=CARTESIAN_POINT('',(45.5791275203228,-9.35300141572952,0.));
#9015=CARTESIAN_POINT('Ctrl Pts',(45.5791275203228,-9.35300141572952,0.));
#9016=CARTESIAN_POINT('Ctrl Pts',(45.623845426713,-9.38345073069103,0.));
#9017=CARTESIAN_POINT('Ctrl Pts',(45.7118209886567,-9.44335504667508,0.));
#9018=CARTESIAN_POINT('Ctrl Pts',(45.7607370885738,-9.53780290874819,0.));
#9019=CARTESIAN_POINT('Ctrl Pts',(45.7847891747952,-9.58424299955368,0.));
#9020=CARTESIAN_POINT('',(45.5791275203228,-9.35300141572952,0.02));
#9021=CARTESIAN_POINT('',(45.5791275203228,-9.35300141572952,0.));
#9022=CARTESIAN_POINT('Ctrl Pts',(45.5791275203228,-9.35300141572952,0.02));
#9023=CARTESIAN_POINT('Ctrl Pts',(45.623845426713,-9.38345073069103,0.02));
#9024=CARTESIAN_POINT('Ctrl Pts',(45.7118209886567,-9.44335504667508,0.02));
#9025=CARTESIAN_POINT('Ctrl Pts',(45.7607370885738,-9.53780290874819,0.02));
#9026=CARTESIAN_POINT('Ctrl Pts',(45.7847891747952,-9.58424299955368,0.02));
#9027=CARTESIAN_POINT('Ctrl Pts',(45.2680768072605,-9.26807641983032,0.));
#9028=CARTESIAN_POINT('Ctrl Pts',(45.2680768072605,-9.26807641983032,0.02));
#9029=CARTESIAN_POINT('Ctrl Pts',(45.3225726584289,-9.27167119931392,0.));
#9030=CARTESIAN_POINT('Ctrl Pts',(45.3225726584289,-9.27167119931392,0.02));
#9031=CARTESIAN_POINT('Ctrl Pts',(45.4320020534983,-9.27888963036627,0.));
#9032=CARTESIAN_POINT('Ctrl Pts',(45.4320020534983,-9.27888963036627,0.02));
#9033=CARTESIAN_POINT('Ctrl Pts',(45.529955101398,-9.32823170158143,0.));
#9034=CARTESIAN_POINT('Ctrl Pts',(45.529955101398,-9.32823170158143,0.02));
#9035=CARTESIAN_POINT('Ctrl Pts',(45.5791275203228,-9.35300141572952,0.));
#9036=CARTESIAN_POINT('Ctrl Pts',(45.5791275203228,-9.35300141572952,0.02));
#9037=CARTESIAN_POINT('',(45.2680768072605,-9.26807641983032,0.));
#9038=CARTESIAN_POINT('Ctrl Pts',(45.2680768072605,-9.26807641983032,0.));
#9039=CARTESIAN_POINT('Ctrl Pts',(45.3225726584289,-9.27167119931392,0.));
#9040=CARTESIAN_POINT('Ctrl Pts',(45.4320020534983,-9.27888963036627,0.));
#9041=CARTESIAN_POINT('Ctrl Pts',(45.529955101398,-9.32823170158143,0.));
#9042=CARTESIAN_POINT('Ctrl Pts',(45.5791275203228,-9.35300141572952,0.));
#9043=CARTESIAN_POINT('',(45.2680768072605,-9.26807641983032,0.02));
#9044=CARTESIAN_POINT('',(45.2680768072605,-9.26807641983032,0.));
#9045=CARTESIAN_POINT('Ctrl Pts',(45.2680768072605,-9.26807641983032,0.02));
#9046=CARTESIAN_POINT('Ctrl Pts',(45.3225726584289,-9.27167119931392,0.02));
#9047=CARTESIAN_POINT('Ctrl Pts',(45.4320020534983,-9.27888963036627,0.02));
#9048=CARTESIAN_POINT('Ctrl Pts',(45.529955101398,-9.32823170158143,0.02));
#9049=CARTESIAN_POINT('Ctrl Pts',(45.5791275203228,-9.35300141572952,0.02));
#9050=CARTESIAN_POINT('Ctrl Pts',(44.9897687137127,-9.35095518827438,0.));
#9051=CARTESIAN_POINT('Ctrl Pts',(44.9897687137127,-9.35095518827438,0.02));
#9052=CARTESIAN_POINT('Ctrl Pts',(45.0306672287377,-9.32679613499866,0.));
#9053=CARTESIAN_POINT('Ctrl Pts',(45.0306672287377,-9.32679613499866,0.02));
#9054=CARTESIAN_POINT('Ctrl Pts',(45.1163951857048,-9.27615600103985,0.));
#9055=CARTESIAN_POINT('Ctrl Pts',(45.1163951857048,-9.27615600103985,0.02));
#9056=CARTESIAN_POINT('Ctrl Pts',(45.2159939494216,-9.27085070240469,0.));
#9057=CARTESIAN_POINT('Ctrl Pts',(45.2159939494216,-9.27085070240469,0.02));
#9058=CARTESIAN_POINT('Ctrl Pts',(45.2680768072605,-9.26807641983032,0.));
#9059=CARTESIAN_POINT('Ctrl Pts',(45.2680768072605,-9.26807641983032,0.02));
#9060=CARTESIAN_POINT('',(44.9897687137127,-9.35095518827438,0.));
#9061=CARTESIAN_POINT('Ctrl Pts',(44.9897687137127,-9.35095518827438,0.));
#9062=CARTESIAN_POINT('Ctrl Pts',(45.0306672287377,-9.32679613499866,0.));
#9063=CARTESIAN_POINT('Ctrl Pts',(45.1163951857048,-9.27615600103985,0.));
#9064=CARTESIAN_POINT('Ctrl Pts',(45.2159939494216,-9.27085070240469,0.));
#9065=CARTESIAN_POINT('Ctrl Pts',(45.2680768072605,-9.26807641983032,0.));
#9066=CARTESIAN_POINT('',(44.9897687137127,-9.35095518827438,0.02));
#9067=CARTESIAN_POINT('',(44.9897687137127,-9.35095518827438,0.));
#9068=CARTESIAN_POINT('Ctrl Pts',(44.9897687137127,-9.35095518827438,0.02));
#9069=CARTESIAN_POINT('Ctrl Pts',(45.0306672287377,-9.32679613499866,0.02));
#9070=CARTESIAN_POINT('Ctrl Pts',(45.1163951857048,-9.27615600103985,0.02));
#9071=CARTESIAN_POINT('Ctrl Pts',(45.2159939494216,-9.27085070240469,0.02));
#9072=CARTESIAN_POINT('Ctrl Pts',(45.2680768072605,-9.26807641983032,0.02));
#9073=CARTESIAN_POINT('Ctrl Pts',(44.8424290120602,-9.57912683486938,0.));
#9074=CARTESIAN_POINT('Ctrl Pts',(44.8424290120602,-9.57912683486938,0.02));
#9075=CARTESIAN_POINT('Ctrl Pts',(44.8569122528007,-9.53355971129236,0.));
#9076=CARTESIAN_POINT('Ctrl Pts',(44.8569122528007,-9.53355971129236,0.02));
#9077=CARTESIAN_POINT('Ctrl Pts',(44.8853593207465,-9.44405964126582,0.));
#9078=CARTESIAN_POINT('Ctrl Pts',(44.8853593207465,-9.44405964126582,0.02));
#9079=CARTESIAN_POINT('Ctrl Pts',(44.9553918226616,-9.38160991718264,0.));
#9080=CARTESIAN_POINT('Ctrl Pts',(44.9553918226616,-9.38160991718264,0.02));
#9081=CARTESIAN_POINT('Ctrl Pts',(44.9897687137127,-9.35095518827438,0.));
#9082=CARTESIAN_POINT('Ctrl Pts',(44.9897687137127,-9.35095518827438,0.02));
#9083=CARTESIAN_POINT('',(44.8424290120602,-9.57912683486938,0.));
#9084=CARTESIAN_POINT('Ctrl Pts',(44.8424290120602,-9.57912683486938,0.));
#9085=CARTESIAN_POINT('Ctrl Pts',(44.8569122528007,-9.53355971129236,0.));
#9086=CARTESIAN_POINT('Ctrl Pts',(44.8853593207465,-9.44405964126582,0.));
#9087=CARTESIAN_POINT('Ctrl Pts',(44.9553918226616,-9.38160991718264,0.));
#9088=CARTESIAN_POINT('Ctrl Pts',(44.9897687137127,-9.35095518827438,0.));
#9089=CARTESIAN_POINT('',(44.8424290120602,-9.57912683486938,0.02));
#9090=CARTESIAN_POINT('',(44.8424290120602,-9.57912683486938,0.));
#9091=CARTESIAN_POINT('Ctrl Pts',(44.8424290120602,-9.57912683486938,0.02));
#9092=CARTESIAN_POINT('Ctrl Pts',(44.8569122528007,-9.53355971129236,0.02));
#9093=CARTESIAN_POINT('Ctrl Pts',(44.8853593207465,-9.44405964126582,0.02));
#9094=CARTESIAN_POINT('Ctrl Pts',(44.9553918226616,-9.38160991718264,0.02));
#9095=CARTESIAN_POINT('Ctrl Pts',(44.9897687137127,-9.35095518827438,0.02));
#9096=CARTESIAN_POINT('Ctrl Pts',(44.8199187219143,-9.96793985366821,0.));
#9097=CARTESIAN_POINT('Ctrl Pts',(44.8199187219143,-9.96793985366821,0.02));
#9098=CARTESIAN_POINT('Ctrl Pts',(44.8195363212251,-9.88729337582039,0.));
#9099=CARTESIAN_POINT('Ctrl Pts',(44.8195363212251,-9.88729337582039,0.02));
#9100=CARTESIAN_POINT('Ctrl Pts',(44.8189191282315,-9.75713032308619,0.));
#9101=CARTESIAN_POINT('Ctrl Pts',(44.8189191282315,-9.75713032308619,0.02));
#9102=CARTESIAN_POINT('Ctrl Pts',(44.8359500976802,-9.62818149493878,0.));
#9103=CARTESIAN_POINT('Ctrl Pts',(44.8359500976802,-9.62818149493878,0.02));
#9104=CARTESIAN_POINT('Ctrl Pts',(44.8424290120602,-9.57912683486938,0.));
#9105=CARTESIAN_POINT('Ctrl Pts',(44.8424290120602,-9.57912683486938,0.02));
#9106=CARTESIAN_POINT('',(44.8199187219143,-9.96793985366821,0.));
#9107=CARTESIAN_POINT('Ctrl Pts',(44.8199187219143,-9.96793985366821,0.));
#9108=CARTESIAN_POINT('Ctrl Pts',(44.8195363212251,-9.88729337582039,0.));
#9109=CARTESIAN_POINT('Ctrl Pts',(44.8189191282315,-9.75713032308619,0.));
#9110=CARTESIAN_POINT('Ctrl Pts',(44.8359500976802,-9.62818149493878,0.));
#9111=CARTESIAN_POINT('Ctrl Pts',(44.8424290120602,-9.57912683486938,0.));
#9112=CARTESIAN_POINT('',(44.8199187219143,-9.96793985366821,0.02));
#9113=CARTESIAN_POINT('',(44.8199187219143,-9.96793985366821,0.));
#9114=CARTESIAN_POINT('Ctrl Pts',(44.8199187219143,-9.96793985366821,0.02));
#9115=CARTESIAN_POINT('Ctrl Pts',(44.8195363212251,-9.88729337582039,0.02));
#9116=CARTESIAN_POINT('Ctrl Pts',(44.8189191282315,-9.75713032308619,0.02));
#9117=CARTESIAN_POINT('Ctrl Pts',(44.8359500976802,-9.62818149493878,0.02));
#9118=CARTESIAN_POINT('Ctrl Pts',(44.8424290120602,-9.57912683486938,0.02));
#9119=CARTESIAN_POINT('Origin',(44.8199187219143,-11.1732606589794,0.));
#9120=CARTESIAN_POINT('',(44.8199187219143,-11.1732606589794,0.));
#9121=CARTESIAN_POINT('',(44.8199187219143,-18.7816303294897,0.));
#9122=CARTESIAN_POINT('',(44.8199187219143,-11.1732606589794,0.02));
#9123=CARTESIAN_POINT('',(44.8199187219143,-11.1732606589794,0.));
#9124=CARTESIAN_POINT('',(44.8199187219143,-11.1732606589794,0.02));
#9125=CARTESIAN_POINT('Origin',(44.451569467783,-11.1732606589794,0.));
#9126=CARTESIAN_POINT('',(44.451569467783,-11.1732606589794,0.));
#9127=CARTESIAN_POINT('',(36.6257847338915,-11.1732606589794,0.));
#9128=CARTESIAN_POINT('',(44.451569467783,-11.1732606589794,0.02));
#9129=CARTESIAN_POINT('',(44.451569467783,-11.1732606589794,0.));
#9130=CARTESIAN_POINT('',(44.451569467783,-11.1732606589794,0.02));
#9131=CARTESIAN_POINT('Origin',(44.451569467783,-9.82673943042755,0.));
#9132=CARTESIAN_POINT('',(44.451569467783,-9.82673943042755,0.));
#9133=CARTESIAN_POINT('',(44.451569467783,-18.1083697152138,0.));
#9134=CARTESIAN_POINT('',(44.451569467783,-9.82673943042755,0.02));
#9135=CARTESIAN_POINT('',(44.451569467783,-9.82673943042755,0.));
#9136=CARTESIAN_POINT('',(44.451569467783,-9.82673943042755,0.02));
#9137=CARTESIAN_POINT('Ctrl Pts',(44.4740797579288,-9.48294699192047,0.));
#9138=CARTESIAN_POINT('Ctrl Pts',(44.4740797579288,-9.48294699192047,0.02));
#9139=CARTESIAN_POINT('Ctrl Pts',(44.4675664142505,-9.52960732089897,0.));
#9140=CARTESIAN_POINT('Ctrl Pts',(44.4675664142505,-9.52960732089897,0.02));
#9141=CARTESIAN_POINT('Ctrl Pts',(44.4516563794881,-9.64358371961718,0.));
#9142=CARTESIAN_POINT('Ctrl Pts',(44.4516563794881,-9.64358371961718,0.02));
#9143=CARTESIAN_POINT('Ctrl Pts',(44.4516017391424,-9.75873151643636,0.));
#9144=CARTESIAN_POINT('Ctrl Pts',(44.4516017391424,-9.75873151643636,0.02));
#9145=CARTESIAN_POINT('Ctrl Pts',(44.451569467783,-9.82673943042755,0.));
#9146=CARTESIAN_POINT('Ctrl Pts',(44.451569467783,-9.82673943042755,0.02));
#9147=CARTESIAN_POINT('',(44.4740797579288,-9.48294699192047,0.));
#9148=CARTESIAN_POINT('Ctrl Pts',(44.4740797579288,-9.48294699192047,0.));
#9149=CARTESIAN_POINT('Ctrl Pts',(44.4675664142505,-9.52960732089897,0.));
#9150=CARTESIAN_POINT('Ctrl Pts',(44.4516563794881,-9.64358371961718,0.));
#9151=CARTESIAN_POINT('Ctrl Pts',(44.4516017391424,-9.75873151643636,0.));
#9152=CARTESIAN_POINT('Ctrl Pts',(44.451569467783,-9.82673943042755,0.));
#9153=CARTESIAN_POINT('',(44.4740797579288,-9.48294699192047,0.02));
#9154=CARTESIAN_POINT('',(44.4740797579288,-9.48294699192047,0.));
#9155=CARTESIAN_POINT('Ctrl Pts',(44.4740797579288,-9.48294699192047,0.02));
#9156=CARTESIAN_POINT('Ctrl Pts',(44.4675664142505,-9.52960732089897,0.02));
#9157=CARTESIAN_POINT('Ctrl Pts',(44.4516563794881,-9.64358371961718,0.02));
#9158=CARTESIAN_POINT('Ctrl Pts',(44.4516017391424,-9.75873151643636,0.02));
#9159=CARTESIAN_POINT('Ctrl Pts',(44.451569467783,-9.82673943042755,0.02));
#9160=CARTESIAN_POINT('Ctrl Pts',(44.5876540243626,-9.2097544670105,0.));
#9161=CARTESIAN_POINT('Ctrl Pts',(44.5876540243626,-9.2097544670105,0.02));
#9162=CARTESIAN_POINT('Ctrl Pts',(44.562490783955,-9.25016975193027,0.));
#9163=CARTESIAN_POINT('Ctrl Pts',(44.562490783955,-9.25016975193027,0.02));
#9164=CARTESIAN_POINT('Ctrl Pts',(44.5097100186553,-9.33494220704001,0.));
#9165=CARTESIAN_POINT('Ctrl Pts',(44.5097100186553,-9.33494220704001,0.02));
#9166=CARTESIAN_POINT('Ctrl Pts',(44.4863190681204,-9.43210603720823,0.));
#9167=CARTESIAN_POINT('Ctrl Pts',(44.4863190681204,-9.43210603720823,0.02));
#9168=CARTESIAN_POINT('Ctrl Pts',(44.4740797579288,-9.48294699192047,0.));
#9169=CARTESIAN_POINT('Ctrl Pts',(44.4740797579288,-9.48294699192047,0.02));
#9170=CARTESIAN_POINT('',(44.5876540243626,-9.2097544670105,0.));
#9171=CARTESIAN_POINT('Ctrl Pts',(44.5876540243626,-9.2097544670105,0.));
#9172=CARTESIAN_POINT('Ctrl Pts',(44.562490783955,-9.25016975193027,0.));
#9173=CARTESIAN_POINT('Ctrl Pts',(44.5097100186553,-9.33494220704001,0.));
#9174=CARTESIAN_POINT('Ctrl Pts',(44.4863190681204,-9.43210603720823,0.));
#9175=CARTESIAN_POINT('Ctrl Pts',(44.4740797579288,-9.48294699192047,0.));
#9176=CARTESIAN_POINT('',(44.5876540243626,-9.2097544670105,0.02));
#9177=CARTESIAN_POINT('',(44.5876540243626,-9.2097544670105,0.));
#9178=CARTESIAN_POINT('Ctrl Pts',(44.5876540243626,-9.2097544670105,0.02));
#9179=CARTESIAN_POINT('Ctrl Pts',(44.562490783955,-9.25016975193027,0.02));
#9180=CARTESIAN_POINT('Ctrl Pts',(44.5097100186553,-9.33494220704001,0.02));
#9181=CARTESIAN_POINT('Ctrl Pts',(44.4863190681204,-9.43210603720823,0.02));
#9182=CARTESIAN_POINT('Ctrl Pts',(44.4740797579288,-9.48294699192047,0.02));
#9183=CARTESIAN_POINT('Ctrl Pts',(44.8352666199207,-9.02455657720566,0.));
#9184=CARTESIAN_POINT('Ctrl Pts',(44.8352666199207,-9.02455657720566,0.02));
#9185=CARTESIAN_POINT('Ctrl Pts',(44.7844402688406,-9.04912994126224,0.));
#9186=CARTESIAN_POINT('Ctrl Pts',(44.7844402688406,-9.04912994126224,0.02));
#9187=CARTESIAN_POINT('Ctrl Pts',(44.6897333630208,-9.09491853764835,0.));
#9188=CARTESIAN_POINT('Ctrl Pts',(44.6897333630208,-9.09491853764835,0.02));
#9189=CARTESIAN_POINT('Ctrl Pts',(44.6199751159657,-9.17339429225789,0.));
#9190=CARTESIAN_POINT('Ctrl Pts',(44.6199751159657,-9.17339429225789,0.02));
#9191=CARTESIAN_POINT('Ctrl Pts',(44.5876540243626,-9.2097544670105,0.));
#9192=CARTESIAN_POINT('Ctrl Pts',(44.5876540243626,-9.2097544670105,0.02));
#9193=CARTESIAN_POINT('',(44.8352666199207,-9.02455657720566,0.));
#9194=CARTESIAN_POINT('Ctrl Pts',(44.8352666199207,-9.02455657720566,0.));
#9195=CARTESIAN_POINT('Ctrl Pts',(44.7844402688406,-9.04912994126224,0.));
#9196=CARTESIAN_POINT('Ctrl Pts',(44.6897333630208,-9.09491853764835,0.));
#9197=CARTESIAN_POINT('Ctrl Pts',(44.6199751159657,-9.17339429225789,0.));
#9198=CARTESIAN_POINT('Ctrl Pts',(44.5876540243626,-9.2097544670105,0.));
#9199=CARTESIAN_POINT('',(44.8352666199207,-9.02455657720566,0.02));
#9200=CARTESIAN_POINT('',(44.8352666199207,-9.02455657720566,0.));
#9201=CARTESIAN_POINT('Ctrl Pts',(44.8352666199207,-9.02455657720566,0.02));
#9202=CARTESIAN_POINT('Ctrl Pts',(44.7844402688406,-9.04912994126224,0.02));
#9203=CARTESIAN_POINT('Ctrl Pts',(44.6897333630208,-9.09491853764835,0.02));
#9204=CARTESIAN_POINT('Ctrl Pts',(44.6199751159657,-9.17339429225789,0.02));
#9205=CARTESIAN_POINT('Ctrl Pts',(44.5876540243626,-9.2097544670105,0.02));
#9206=CARTESIAN_POINT('Ctrl Pts',(45.1944072544575,-8.95088672637939,0.));
#9207=CARTESIAN_POINT('Ctrl Pts',(45.1944072544575,-8.95088672637939,0.02));
#9208=CARTESIAN_POINT('Ctrl Pts',(45.1317486666246,-8.95378293773928,0.));
#9209=CARTESIAN_POINT('Ctrl Pts',(45.1317486666246,-8.95378293773928,0.02));
#9210=CARTESIAN_POINT('Ctrl Pts',(45.0081411972758,-8.95949633424688,0.));
#9211=CARTESIAN_POINT('Ctrl Pts',(45.0081411972758,-8.95949633424688,0.02));
#9212=CARTESIAN_POINT('Ctrl Pts',(44.8923576497496,-9.00307073279601,0.));
#9213=CARTESIAN_POINT('Ctrl Pts',(44.8923576497496,-9.00307073279601,0.02));
#9214=CARTESIAN_POINT('Ctrl Pts',(44.8352666199207,-9.02455657720566,0.));
#9215=CARTESIAN_POINT('Ctrl Pts',(44.8352666199207,-9.02455657720566,0.02));
#9216=CARTESIAN_POINT('',(45.1944072544575,-8.95088672637939,0.));
#9217=CARTESIAN_POINT('Ctrl Pts',(45.1944072544575,-8.95088672637939,0.));
#9218=CARTESIAN_POINT('Ctrl Pts',(45.1317486666246,-8.95378293773928,0.));
#9219=CARTESIAN_POINT('Ctrl Pts',(45.0081411972758,-8.95949633424688,0.));
#9220=CARTESIAN_POINT('Ctrl Pts',(44.8923576497496,-9.00307073279601,0.));
#9221=CARTESIAN_POINT('Ctrl Pts',(44.8352666199207,-9.02455657720566,0.));
#9222=CARTESIAN_POINT('',(45.1944072544575,-8.95088672637939,0.02));
#9223=CARTESIAN_POINT('',(45.1944072544575,-8.95088672637939,0.));
#9224=CARTESIAN_POINT('Ctrl Pts',(45.1944072544575,-8.95088672637939,0.02));
#9225=CARTESIAN_POINT('Ctrl Pts',(45.1317486666246,-8.95378293773928,0.02));
#9226=CARTESIAN_POINT('Ctrl Pts',(45.0081411972758,-8.95949633424688,0.02));
#9227=CARTESIAN_POINT('Ctrl Pts',(44.8923576497496,-9.00307073279601,0.02));
#9228=CARTESIAN_POINT('Ctrl Pts',(44.8352666199207,-9.02455657720566,0.02));
#9229=CARTESIAN_POINT('Ctrl Pts',(45.8840389549732,-9.31923598051071,0.));
#9230=CARTESIAN_POINT('Ctrl Pts',(45.8840389549732,-9.31923598051071,0.02));
#9231=CARTESIAN_POINT('Ctrl Pts',(45.7924344440006,-9.21180265905102,0.));
#9232=CARTESIAN_POINT('Ctrl Pts',(45.7924344440006,-9.21180265905102,0.02));
#9233=CARTESIAN_POINT('Ctrl Pts',(45.6106276669968,-8.99858056212554,0.));
#9234=CARTESIAN_POINT('Ctrl Pts',(45.6106276669968,-8.99858056212554,0.02));
#9235=CARTESIAN_POINT('Ctrl Pts',(45.332432167014,-8.96670271548043,0.));
#9236=CARTESIAN_POINT('Ctrl Pts',(45.332432167014,-8.96670271548043,0.02));
#9237=CARTESIAN_POINT('Ctrl Pts',(45.1944072544575,-8.95088672637939,0.));
#9238=CARTESIAN_POINT('Ctrl Pts',(45.1944072544575,-8.95088672637939,0.02));
#9239=CARTESIAN_POINT('',(45.8840389549732,-9.31923598051071,0.));
#9240=CARTESIAN_POINT('Ctrl Pts',(45.8840389549732,-9.31923598051071,0.));
#9241=CARTESIAN_POINT('Ctrl Pts',(45.7924344440006,-9.21180265905102,0.));
#9242=CARTESIAN_POINT('Ctrl Pts',(45.6106276669968,-8.99858056212554,0.));
#9243=CARTESIAN_POINT('Ctrl Pts',(45.332432167014,-8.96670271548043,0.));
#9244=CARTESIAN_POINT('Ctrl Pts',(45.1944072544575,-8.95088672637939,0.));
#9245=CARTESIAN_POINT('',(45.8840389549732,-9.31923598051071,0.02));
#9246=CARTESIAN_POINT('',(45.8840389549732,-9.31923598051071,0.));
#9247=CARTESIAN_POINT('Ctrl Pts',(45.8840389549732,-9.31923598051071,0.02));
#9248=CARTESIAN_POINT('Ctrl Pts',(45.7924344440006,-9.21180265905102,0.02));
#9249=CARTESIAN_POINT('Ctrl Pts',(45.6106276669968,-8.99858056212554,0.02));
#9250=CARTESIAN_POINT('Ctrl Pts',(45.332432167014,-8.96670271548043,0.02));
#9251=CARTESIAN_POINT('Ctrl Pts',(45.1944072544575,-8.95088672637939,0.02));
#9252=CARTESIAN_POINT('Origin',(45.8840389549732,-9.00000005960464,0.));
#9253=CARTESIAN_POINT('',(45.8840389549732,-9.00000005960464,0.));
#9254=CARTESIAN_POINT('',(45.8840389549732,-17.6950000298023,0.));
#9255=CARTESIAN_POINT('',(45.8840389549732,-9.00000005960464,0.02));
#9256=CARTESIAN_POINT('',(45.8840389549732,-9.00000005960464,0.));
#9257=CARTESIAN_POINT('',(45.8840389549732,-9.00000005960464,0.02));
#9258=CARTESIAN_POINT('Origin',(46.2135066092014,-9.00000005960464,0.));
#9259=CARTESIAN_POINT('',(37.5067533046007,-9.00000005960464,0.));
#9260=CARTESIAN_POINT('',(46.2135066092014,-9.00000005960464,0.02));
#9261=CARTESIAN_POINT('Origin',(52.9563443362713,-8.13437923789024,0.02));
#9262=CARTESIAN_POINT('Origin',(49.4815833866596,-12.0000001788139,0.));
#9263=CARTESIAN_POINT('',(49.4815833866596,-12.0000001788139,0.));
#9264=CARTESIAN_POINT('',(49.4815833866596,-9.00000005960464,0.));
#9265=CARTESIAN_POINT('',(49.4815833866596,-19.195000089407,0.));
#9266=CARTESIAN_POINT('',(49.4815833866596,-12.0000001788139,0.02));
#9267=CARTESIAN_POINT('',(49.4815833866596,-12.0000001788139,0.));
#9268=CARTESIAN_POINT('',(49.4815833866596,-9.00000005960464,0.02));
#9269=CARTESIAN_POINT('',(49.4815833866596,-12.0000001788139,0.02));
#9270=CARTESIAN_POINT('',(49.4815833866596,-9.00000005960464,0.));
#9271=CARTESIAN_POINT('Origin',(49.1132344305515,-12.0000001788139,0.));
#9272=CARTESIAN_POINT('',(49.1132344305515,-12.0000001788139,0.));
#9273=CARTESIAN_POINT('',(38.9566172152758,-12.0000001788139,0.));
#9274=CARTESIAN_POINT('',(49.1132344305515,-12.0000001788139,0.02));
#9275=CARTESIAN_POINT('',(49.1132344305515,-12.0000001788139,0.));
#9276=CARTESIAN_POINT('',(49.1132344305515,-12.0000001788139,0.02));
#9277=CARTESIAN_POINT('Origin',(49.1132344305515,-9.00000005960464,0.));
#9278=CARTESIAN_POINT('',(49.1132344305515,-9.00000005960464,0.));
#9279=CARTESIAN_POINT('',(49.1132344305515,-17.6950000298023,0.));
#9280=CARTESIAN_POINT('',(49.1132344305515,-9.00000005960464,0.02));
#9281=CARTESIAN_POINT('',(49.1132344305515,-9.00000005960464,0.));
#9282=CARTESIAN_POINT('',(49.1132344305515,-9.00000005960464,0.02));
#9283=CARTESIAN_POINT('Origin',(49.4815833866596,-9.00000005960464,0.));
#9284=CARTESIAN_POINT('',(39.1407916933298,-9.00000005960464,0.));
#9285=CARTESIAN_POINT('',(49.4815833866596,-9.00000005960464,0.02));
#9286=CARTESIAN_POINT('Origin',(52.9563443362713,-8.13437923789024,0.02));
#9287=CARTESIAN_POINT('Origin',(42.4972721934319,-5.44542908668518,0.));
#9288=CARTESIAN_POINT('',(42.4972721934319,-5.44542908668518,0.));
#9289=CARTESIAN_POINT('',(42.4972721934319,-4.31787133216858,0.));
#9290=CARTESIAN_POINT('',(42.4972721934319,-15.9177145433426,0.));
#9291=CARTESIAN_POINT('',(42.4972721934319,-5.44542908668518,0.02));
#9292=CARTESIAN_POINT('',(42.4972721934319,-5.44542908668518,0.));
#9293=CARTESIAN_POINT('',(42.4972721934319,-4.31787133216858,0.02));
#9294=CARTESIAN_POINT('',(42.4972721934319,-5.44542908668518,0.02));
#9295=CARTESIAN_POINT('',(42.4972721934319,-4.31787133216858,0.));
#9296=CARTESIAN_POINT('Ctrl Pts',(42.5566172599792,-5.89972674846649,0.));
#9297=CARTESIAN_POINT('Ctrl Pts',(42.5566172599792,-5.89972674846649,0.02));
#9298=CARTESIAN_POINT('Ctrl Pts',(42.5393946594114,-5.83594776261422,0.));
#9299=CARTESIAN_POINT('Ctrl Pts',(42.5393946594114,-5.83594776261422,0.02));
#9300=CARTESIAN_POINT('Ctrl Pts',(42.4992870409484,-5.68742064439911,0.));
#9301=CARTESIAN_POINT('Ctrl Pts',(42.4992870409484,-5.68742064439911,0.02));
#9302=CARTESIAN_POINT('Ctrl Pts',(42.498004180917,-5.53334382480258,0.));
#9303=CARTESIAN_POINT('Ctrl Pts',(42.498004180917,-5.53334382480258,0.02));
#9304=CARTESIAN_POINT('Ctrl Pts',(42.4972721934319,-5.44542908668518,0.));
#9305=CARTESIAN_POINT('Ctrl Pts',(42.4972721934319,-5.44542908668518,0.02));
#9306=CARTESIAN_POINT('',(42.5566172599792,-5.89972674846649,0.));
#9307=CARTESIAN_POINT('Ctrl Pts',(42.5566172599792,-5.89972674846649,0.));
#9308=CARTESIAN_POINT('Ctrl Pts',(42.5393946594114,-5.83594776261422,0.));
#9309=CARTESIAN_POINT('Ctrl Pts',(42.4992870409484,-5.68742064439911,0.));
#9310=CARTESIAN_POINT('Ctrl Pts',(42.498004180917,-5.53334382480258,0.));
#9311=CARTESIAN_POINT('Ctrl Pts',(42.4972721934319,-5.44542908668518,0.));
#9312=CARTESIAN_POINT('',(42.5566172599792,-5.89972674846649,0.02));
#9313=CARTESIAN_POINT('',(42.5566172599792,-5.89972674846649,0.));
#9314=CARTESIAN_POINT('Ctrl Pts',(42.5566172599792,-5.89972674846649,0.02));
#9315=CARTESIAN_POINT('Ctrl Pts',(42.5393946594114,-5.83594776261422,0.02));
#9316=CARTESIAN_POINT('Ctrl Pts',(42.4992870409484,-5.68742064439911,0.02));
#9317=CARTESIAN_POINT('Ctrl Pts',(42.498004180917,-5.53334382480258,0.02));
#9318=CARTESIAN_POINT('Ctrl Pts',(42.4972721934319,-5.44542908668518,0.02));
#9319=CARTESIAN_POINT('Ctrl Pts',(42.7479542791843,-6.13915383815765,0.));
#9320=CARTESIAN_POINT('Ctrl Pts',(42.7479542791843,-6.13915383815765,0.02));
#9321=CARTESIAN_POINT('Ctrl Pts',(42.7067797013837,-6.10816079724746,0.));
#9322=CARTESIAN_POINT('Ctrl Pts',(42.7067797013837,-6.10816079724746,0.02));
#9323=CARTESIAN_POINT('Ctrl Pts',(42.6225888245381,-6.04478840997066,0.));
#9324=CARTESIAN_POINT('Ctrl Pts',(42.6225888245381,-6.04478840997066,0.02));
#9325=CARTESIAN_POINT('Ctrl Pts',(42.5789261629925,-5.94878070920052,0.));
#9326=CARTESIAN_POINT('Ctrl Pts',(42.5789261629925,-5.94878070920052,0.02));
#9327=CARTESIAN_POINT('Ctrl Pts',(42.5566172599792,-5.89972674846649,0.));
#9328=CARTESIAN_POINT('Ctrl Pts',(42.5566172599792,-5.89972674846649,0.02));
#9329=CARTESIAN_POINT('',(42.7479542791843,-6.13915383815765,0.));
#9330=CARTESIAN_POINT('Ctrl Pts',(42.7479542791843,-6.13915383815765,0.));
#9331=CARTESIAN_POINT('Ctrl Pts',(42.7067797013837,-6.10816079724746,0.));
#9332=CARTESIAN_POINT('Ctrl Pts',(42.6225888245381,-6.04478840997066,0.));
#9333=CARTESIAN_POINT('Ctrl Pts',(42.5789261629925,-5.94878070920052,0.));
#9334=CARTESIAN_POINT('Ctrl Pts',(42.5566172599792,-5.89972674846649,0.));
#9335=CARTESIAN_POINT('',(42.7479542791843,-6.13915383815765,0.02));
#9336=CARTESIAN_POINT('',(42.7479542791843,-6.13915383815765,0.));
#9337=CARTESIAN_POINT('Ctrl Pts',(42.7479542791843,-6.13915383815765,0.02));
#9338=CARTESIAN_POINT('Ctrl Pts',(42.7067797013837,-6.10816079724746,0.02));
#9339=CARTESIAN_POINT('Ctrl Pts',(42.6225888245381,-6.04478840997066,0.02));
#9340=CARTESIAN_POINT('Ctrl Pts',(42.5789261629925,-5.94878070920052,0.02));
#9341=CARTESIAN_POINT('Ctrl Pts',(42.5566172599792,-5.89972674846649,0.02));
#9342=CARTESIAN_POINT('Ctrl Pts',(43.0354713648558,-6.22100949287415,0.));
#9343=CARTESIAN_POINT('Ctrl Pts',(43.0354713648558,-6.22100949287415,0.02));
#9344=CARTESIAN_POINT('Ctrl Pts',(42.9846181510743,-6.21760369982607,0.));
#9345=CARTESIAN_POINT('Ctrl Pts',(42.9846181510743,-6.21760369982607,0.02));
#9346=CARTESIAN_POINT('Ctrl Pts',(42.8829484717192,-6.2107945748682,0.));
#9347=CARTESIAN_POINT('Ctrl Pts',(42.8829484717192,-6.2107945748682,0.02));
#9348=CARTESIAN_POINT('Ctrl Pts',(42.7929414991105,-6.16302832873793,0.));
#9349=CARTESIAN_POINT('Ctrl Pts',(42.7929414991105,-6.16302832873793,0.02));
#9350=CARTESIAN_POINT('Ctrl Pts',(42.7479542791843,-6.13915383815765,0.));
#9351=CARTESIAN_POINT('Ctrl Pts',(42.7479542791843,-6.13915383815765,0.02));
#9352=CARTESIAN_POINT('',(43.0354713648558,-6.22100949287415,0.));
#9353=CARTESIAN_POINT('Ctrl Pts',(43.0354713648558,-6.22100949287415,0.));
#9354=CARTESIAN_POINT('Ctrl Pts',(42.9846181510743,-6.21760369982607,0.));
#9355=CARTESIAN_POINT('Ctrl Pts',(42.8829484717192,-6.2107945748682,0.));
#9356=CARTESIAN_POINT('Ctrl Pts',(42.7929414991105,-6.16302832873793,0.));
#9357=CARTESIAN_POINT('Ctrl Pts',(42.7479542791843,-6.13915383815765,0.));
#9358=CARTESIAN_POINT('',(43.0354713648558,-6.22100949287415,0.02));
#9359=CARTESIAN_POINT('',(43.0354713648558,-6.22100949287415,0.));
#9360=CARTESIAN_POINT('Ctrl Pts',(43.0354713648558,-6.22100949287415,0.02));
#9361=CARTESIAN_POINT('Ctrl Pts',(42.9846181510743,-6.21760369982607,0.02));
#9362=CARTESIAN_POINT('Ctrl Pts',(42.8829484717192,-6.2107945748682,0.02));
#9363=CARTESIAN_POINT('Ctrl Pts',(42.7929414991105,-6.16302832873793,0.02));
#9364=CARTESIAN_POINT('Ctrl Pts',(42.7479542791843,-6.13915383815765,0.02));
#9365=CARTESIAN_POINT('Ctrl Pts',(43.330150693655,-6.09822630882263,0.));
#9366=CARTESIAN_POINT('Ctrl Pts',(43.330150693655,-6.09822630882263,0.02));
#9367=CARTESIAN_POINT('Ctrl Pts',(43.2928179405929,-6.13396773206881,0.));
#9368=CARTESIAN_POINT('Ctrl Pts',(43.2928179405929,-6.13396773206881,0.02));
#9369=CARTESIAN_POINT('Ctrl Pts',(43.2110894002817,-6.21221254690194,0.));
#9370=CARTESIAN_POINT('Ctrl Pts',(43.2110894002817,-6.21221254690194,0.02));
#9371=CARTESIAN_POINT('Ctrl Pts',(43.0972889466712,-6.21791296622161,0.));
#9372=CARTESIAN_POINT('Ctrl Pts',(43.0972889466712,-6.21791296622161,0.02));
#9373=CARTESIAN_POINT('Ctrl Pts',(43.0354713648558,-6.22100949287415,0.));
#9374=CARTESIAN_POINT('Ctrl Pts',(43.0354713648558,-6.22100949287415,0.02));
#9375=CARTESIAN_POINT('',(43.330150693655,-6.09822630882263,0.));
#9376=CARTESIAN_POINT('Ctrl Pts',(43.330150693655,-6.09822630882263,0.));
#9377=CARTESIAN_POINT('Ctrl Pts',(43.2928179405929,-6.13396773206881,0.));
#9378=CARTESIAN_POINT('Ctrl Pts',(43.2110894002817,-6.21221254690194,0.));
#9379=CARTESIAN_POINT('Ctrl Pts',(43.0972889466712,-6.21791296622161,0.));
#9380=CARTESIAN_POINT('Ctrl Pts',(43.0354713648558,-6.22100949287415,0.));
#9381=CARTESIAN_POINT('',(43.330150693655,-6.09822630882263,0.02));
#9382=CARTESIAN_POINT('',(43.330150693655,-6.09822630882263,0.));
#9383=CARTESIAN_POINT('Ctrl Pts',(43.330150693655,-6.09822630882263,0.02));
#9384=CARTESIAN_POINT('Ctrl Pts',(43.2928179405929,-6.13396773206881,0.02));
#9385=CARTESIAN_POINT('Ctrl Pts',(43.2110894002817,-6.21221254690194,0.02));
#9386=CARTESIAN_POINT('Ctrl Pts',(43.0972889466712,-6.21791296622161,0.02));
#9387=CARTESIAN_POINT('Ctrl Pts',(43.0354713648558,-6.22100949287415,0.02));
#9388=CARTESIAN_POINT('Ctrl Pts',(43.4201918542385,-5.72987675666809,0.));
#9389=CARTESIAN_POINT('Ctrl Pts',(43.4201918542385,-5.72987675666809,0.02));
#9390=CARTESIAN_POINT('Ctrl Pts',(43.4187409373617,-5.80310677956194,0.));
#9391=CARTESIAN_POINT('Ctrl Pts',(43.4187409373617,-5.80310677956194,0.02));
#9392=CARTESIAN_POINT('Ctrl Pts',(43.4161639286811,-5.93317240061478,0.));
#9393=CARTESIAN_POINT('Ctrl Pts',(43.4161639286811,-5.93317240061478,0.02));
#9394=CARTESIAN_POINT('Ctrl Pts',(43.356306829409,-6.04803435372981,0.));
#9395=CARTESIAN_POINT('Ctrl Pts',(43.356306829409,-6.04803435372981,0.02));
#9396=CARTESIAN_POINT('Ctrl Pts',(43.330150693655,-6.09822630882263,0.));
#9397=CARTESIAN_POINT('Ctrl Pts',(43.330150693655,-6.09822630882263,0.02));
#9398=CARTESIAN_POINT('',(43.4201918542385,-5.72987675666809,0.));
#9399=CARTESIAN_POINT('Ctrl Pts',(43.4201918542385,-5.72987675666809,0.));
#9400=CARTESIAN_POINT('Ctrl Pts',(43.4187409373617,-5.80310677956194,0.));
#9401=CARTESIAN_POINT('Ctrl Pts',(43.4161639286811,-5.93317240061478,0.));
#9402=CARTESIAN_POINT('Ctrl Pts',(43.356306829409,-6.04803435372981,0.));
#9403=CARTESIAN_POINT('Ctrl Pts',(43.330150693655,-6.09822630882263,0.));
#9404=CARTESIAN_POINT('',(43.4201918542385,-5.72987675666809,0.02));
#9405=CARTESIAN_POINT('',(43.4201918542385,-5.72987675666809,0.));
#9406=CARTESIAN_POINT('Ctrl Pts',(43.4201918542385,-5.72987675666809,0.02));
#9407=CARTESIAN_POINT('Ctrl Pts',(43.4187409373617,-5.80310677956194,0.02));
#9408=CARTESIAN_POINT('Ctrl Pts',(43.4161639286811,-5.93317240061478,0.02));
#9409=CARTESIAN_POINT('Ctrl Pts',(43.356306829409,-6.04803435372981,0.02));
#9410=CARTESIAN_POINT('Ctrl Pts',(43.330150693655,-6.09822630882263,0.02));
#9411=CARTESIAN_POINT('Origin',(43.4201918542385,-4.31787133216858,0.));
#9412=CARTESIAN_POINT('',(43.4201918542385,-4.31787133216858,0.));
#9413=CARTESIAN_POINT('',(43.4201918542385,-15.3539356660843,0.));
#9414=CARTESIAN_POINT('',(43.4201918542385,-4.31787133216858,0.02));
#9415=CARTESIAN_POINT('',(43.4201918542385,-4.31787133216858,0.));
#9416=CARTESIAN_POINT('',(43.4201918542385,-4.31787133216858,0.02));
#9417=CARTESIAN_POINT('Origin',(43.7885411083698,-4.31787133216858,0.));
#9418=CARTESIAN_POINT('',(43.7885411083698,-4.31787133216858,0.));
#9419=CARTESIAN_POINT('',(36.2942705541849,-4.31787133216858,0.));
#9420=CARTESIAN_POINT('',(43.7885411083698,-4.31787133216858,0.02));
#9421=CARTESIAN_POINT('',(43.7885411083698,-4.31787133216858,0.));
#9422=CARTESIAN_POINT('',(43.7885411083698,-4.31787133216858,0.02));
#9423=CARTESIAN_POINT('Origin',(43.7885411083698,-5.58049082756042,0.));
#9424=CARTESIAN_POINT('',(43.7885411083698,-5.58049082756042,0.));
#9425=CARTESIAN_POINT('',(43.7885411083698,-15.9852454137802,0.));
#9426=CARTESIAN_POINT('',(43.7885411083698,-5.58049082756042,0.02));
#9427=CARTESIAN_POINT('',(43.7885411083698,-5.58049082756042,0.));
#9428=CARTESIAN_POINT('',(43.7885411083698,-5.58049082756042,0.02));
#9429=CARTESIAN_POINT('Ctrl Pts',(43.9399735629559,-6.0685533285141,0.));
#9430=CARTESIAN_POINT('Ctrl Pts',(43.9399735629559,-6.0685533285141,0.02));
#9431=CARTESIAN_POINT('Ctrl Pts',(43.8959745866172,-6.00454190856541,0.));
#9432=CARTESIAN_POINT('Ctrl Pts',(43.8959745866172,-6.00454190856541,0.02));
#9433=CARTESIAN_POINT('Ctrl Pts',(43.7956882855853,-5.85864150213218,0.));
#9434=CARTESIAN_POINT('Ctrl Pts',(43.7956882855853,-5.85864150213218,0.02));
#9435=CARTESIAN_POINT('Ctrl Pts',(43.7911104777812,-5.68048440732687,0.));
#9436=CARTESIAN_POINT('Ctrl Pts',(43.7911104777812,-5.68048440732687,0.02));
#9437=CARTESIAN_POINT('Ctrl Pts',(43.7885411083698,-5.58049082756042,0.));
#9438=CARTESIAN_POINT('Ctrl Pts',(43.7885411083698,-5.58049082756042,0.02));
#9439=CARTESIAN_POINT('',(43.9399735629559,-6.0685533285141,0.));
#9440=CARTESIAN_POINT('Ctrl Pts',(43.9399735629559,-6.0685533285141,0.));
#9441=CARTESIAN_POINT('Ctrl Pts',(43.8959745866172,-6.00454190856541,0.));
#9442=CARTESIAN_POINT('Ctrl Pts',(43.7956882855853,-5.85864150213218,0.));
#9443=CARTESIAN_POINT('Ctrl Pts',(43.7911104777812,-5.68048440732687,0.));
#9444=CARTESIAN_POINT('Ctrl Pts',(43.7885411083698,-5.58049082756042,0.));
#9445=CARTESIAN_POINT('',(43.9399735629559,-6.0685533285141,0.02));
#9446=CARTESIAN_POINT('',(43.9399735629559,-6.0685533285141,0.));
#9447=CARTESIAN_POINT('Ctrl Pts',(43.9399735629559,-6.0685533285141,0.02));
#9448=CARTESIAN_POINT('Ctrl Pts',(43.8959745866172,-6.00454190856541,0.02));
#9449=CARTESIAN_POINT('Ctrl Pts',(43.7956882855853,-5.85864150213218,0.02));
#9450=CARTESIAN_POINT('Ctrl Pts',(43.7911104777812,-5.68048440732687,0.02));
#9451=CARTESIAN_POINT('Ctrl Pts',(43.7885411083698,-5.58049082756042,0.02));
#9452=CARTESIAN_POINT('Ctrl Pts',(44.3206010758877,-6.22100949287415,0.));
#9453=CARTESIAN_POINT('Ctrl Pts',(44.3206010758877,-6.22100949287415,0.02));
#9454=CARTESIAN_POINT('Ctrl Pts',(44.2479191915484,-6.21513022786632,0.));
#9455=CARTESIAN_POINT('Ctrl Pts',(44.2479191915484,-6.21513022786632,0.02));
#9456=CARTESIAN_POINT('Ctrl Pts',(44.1051424725614,-6.20358096527492,0.));
#9457=CARTESIAN_POINT('Ctrl Pts',(44.1051424725614,-6.20358096527492,0.02));
#9458=CARTESIAN_POINT('Ctrl Pts',(43.9943607612924,-6.11301553922293,0.));
#9459=CARTESIAN_POINT('Ctrl Pts',(43.9943607612924,-6.11301553922293,0.02));
#9460=CARTESIAN_POINT('Ctrl Pts',(43.9399735629559,-6.0685533285141,0.));
#9461=CARTESIAN_POINT('Ctrl Pts',(43.9399735629559,-6.0685533285141,0.02));
#9462=CARTESIAN_POINT('',(44.3206010758877,-6.22100949287415,0.));
#9463=CARTESIAN_POINT('Ctrl Pts',(44.3206010758877,-6.22100949287415,0.));
#9464=CARTESIAN_POINT('Ctrl Pts',(44.2479191915484,-6.21513022786632,0.));
#9465=CARTESIAN_POINT('Ctrl Pts',(44.1051424725614,-6.20358096527492,0.));
#9466=CARTESIAN_POINT('Ctrl Pts',(43.9943607612924,-6.11301553922293,0.));
#9467=CARTESIAN_POINT('Ctrl Pts',(43.9399735629559,-6.0685533285141,0.));
#9468=CARTESIAN_POINT('',(44.3206010758877,-6.22100949287415,0.02));
#9469=CARTESIAN_POINT('',(44.3206010758877,-6.22100949287415,0.));
#9470=CARTESIAN_POINT('Ctrl Pts',(44.3206010758877,-6.22100949287415,0.02));
#9471=CARTESIAN_POINT('Ctrl Pts',(44.2479191915484,-6.21513022786632,0.02));
#9472=CARTESIAN_POINT('Ctrl Pts',(44.1051424725614,-6.20358096527492,0.02));
#9473=CARTESIAN_POINT('Ctrl Pts',(43.9943607612924,-6.11301553922293,0.02));
#9474=CARTESIAN_POINT('Ctrl Pts',(43.9399735629559,-6.0685533285141,0.02));
#9475=CARTESIAN_POINT('Ctrl Pts',(44.5416106283665,-6.16166412830353,0.));
#9476=CARTESIAN_POINT('Ctrl Pts',(44.5416106283665,-6.16166412830353,0.02));
#9477=CARTESIAN_POINT('Ctrl Pts',(44.5081799336817,-6.17896749541994,0.));
#9478=CARTESIAN_POINT('Ctrl Pts',(44.5081799336817,-6.17896749541994,0.02));
#9479=CARTESIAN_POINT('Ctrl Pts',(44.4389116832377,-6.21481999499399,0.));
#9480=CARTESIAN_POINT('Ctrl Pts',(44.4389116832377,-6.21481999499399,0.02));
#9481=CARTESIAN_POINT('Ctrl Pts',(44.3609410260862,-6.21889908162843,0.));
#9482=CARTESIAN_POINT('Ctrl Pts',(44.3609410260862,-6.21889908162843,0.02));
#9483=CARTESIAN_POINT('Ctrl Pts',(44.3206010758877,-6.22100949287415,0.));
#9484=CARTESIAN_POINT('Ctrl Pts',(44.3206010758877,-6.22100949287415,0.02));
#9485=CARTESIAN_POINT('',(44.5416106283665,-6.16166412830353,0.));
#9486=CARTESIAN_POINT('Ctrl Pts',(44.5416106283665,-6.16166412830353,0.));
#9487=CARTESIAN_POINT('Ctrl Pts',(44.5081799336817,-6.17896749541994,0.));
#9488=CARTESIAN_POINT('Ctrl Pts',(44.4389116832377,-6.21481999499399,0.));
#9489=CARTESIAN_POINT('Ctrl Pts',(44.3609410260862,-6.21889908162843,0.));
#9490=CARTESIAN_POINT('Ctrl Pts',(44.3206010758877,-6.22100949287415,0.));
#9491=CARTESIAN_POINT('',(44.5416106283665,-6.16166412830353,0.02));
#9492=CARTESIAN_POINT('',(44.5416106283665,-6.16166412830353,0.));
#9493=CARTESIAN_POINT('Ctrl Pts',(44.5416106283665,-6.16166412830353,0.02));
#9494=CARTESIAN_POINT('Ctrl Pts',(44.5081799336817,-6.17896749541994,0.02));
#9495=CARTESIAN_POINT('Ctrl Pts',(44.4389116832377,-6.21481999499399,0.02));
#9496=CARTESIAN_POINT('Ctrl Pts',(44.3609410260862,-6.21889908162843,0.02));
#9497=CARTESIAN_POINT('Ctrl Pts',(44.3206010758877,-6.22100949287415,0.02));
#9498=CARTESIAN_POINT('Ctrl Pts',(44.6715559065342,-6.0051155090332,0.));
#9499=CARTESIAN_POINT('Ctrl Pts',(44.6715559065342,-6.0051155090332,0.02));
#9500=CARTESIAN_POINT('Ctrl Pts',(44.6568941244045,-6.03612275922493,0.));
#9501=CARTESIAN_POINT('Ctrl Pts',(44.6568941244045,-6.03612275922493,0.02));
#9502=CARTESIAN_POINT('Ctrl Pts',(44.6269906261034,-6.09936372442462,0.));
#9503=CARTESIAN_POINT('Ctrl Pts',(44.6269906261034,-6.09936372442462,0.02));
#9504=CARTESIAN_POINT('Ctrl Pts',(44.5704362238903,-6.14063055731752,0.));
#9505=CARTESIAN_POINT('Ctrl Pts',(44.5704362238903,-6.14063055731752,0.02));
#9506=CARTESIAN_POINT('Ctrl Pts',(44.5416106283665,-6.16166412830353,0.));
#9507=CARTESIAN_POINT('Ctrl Pts',(44.5416106283665,-6.16166412830353,0.02));
#9508=CARTESIAN_POINT('',(44.6715559065342,-6.0051155090332,0.));
#9509=CARTESIAN_POINT('Ctrl Pts',(44.6715559065342,-6.0051155090332,0.));
#9510=CARTESIAN_POINT('Ctrl Pts',(44.6568941244045,-6.03612275922493,0.));
#9511=CARTESIAN_POINT('Ctrl Pts',(44.6269906261034,-6.09936372442462,0.));
#9512=CARTESIAN_POINT('Ctrl Pts',(44.5704362238903,-6.14063055731752,0.));
#9513=CARTESIAN_POINT('Ctrl Pts',(44.5416106283665,-6.16166412830353,0.));
#9514=CARTESIAN_POINT('',(44.6715559065342,-6.0051155090332,0.02));
#9515=CARTESIAN_POINT('',(44.6715559065342,-6.0051155090332,0.));
#9516=CARTESIAN_POINT('Ctrl Pts',(44.6715559065342,-6.0051155090332,0.02));
#9517=CARTESIAN_POINT('Ctrl Pts',(44.6568941244045,-6.03612275922493,0.02));
#9518=CARTESIAN_POINT('Ctrl Pts',(44.6269906261034,-6.09936372442462,0.02));
#9519=CARTESIAN_POINT('Ctrl Pts',(44.5704362238903,-6.14063055731752,0.02));
#9520=CARTESIAN_POINT('Ctrl Pts',(44.5416106283665,-6.16166412830353,0.02));
#9521=CARTESIAN_POINT('Ctrl Pts',(44.7073678672314,-5.68690299987793,0.));
#9522=CARTESIAN_POINT('Ctrl Pts',(44.7073678672314,-5.68690299987793,0.02));
#9523=CARTESIAN_POINT('Ctrl Pts',(44.7073528478688,-5.75063421789336,0.));
#9524=CARTESIAN_POINT('Ctrl Pts',(44.7073528478688,-5.75063421789336,0.02));
#9525=CARTESIAN_POINT('Ctrl Pts',(44.7073274924714,-5.85822402728978,0.));
#9526=CARTESIAN_POINT('Ctrl Pts',(44.7073274924714,-5.85822402728978,0.02));
#9527=CARTESIAN_POINT('Ctrl Pts',(44.6819151533973,-5.96257657536297,0.));
#9528=CARTESIAN_POINT('Ctrl Pts',(44.6819151533973,-5.96257657536297,0.02));
#9529=CARTESIAN_POINT('Ctrl Pts',(44.6715559065342,-6.0051155090332,0.));
#9530=CARTESIAN_POINT('Ctrl Pts',(44.6715559065342,-6.0051155090332,0.02));
#9531=CARTESIAN_POINT('',(44.7073678672314,-5.68690299987793,0.));
#9532=CARTESIAN_POINT('Ctrl Pts',(44.7073678672314,-5.68690299987793,0.));
#9533=CARTESIAN_POINT('Ctrl Pts',(44.7073528478688,-5.75063421789336,0.));
#9534=CARTESIAN_POINT('Ctrl Pts',(44.7073274924714,-5.85822402728978,0.));
#9535=CARTESIAN_POINT('Ctrl Pts',(44.6819151533973,-5.96257657536297,0.));
#9536=CARTESIAN_POINT('Ctrl Pts',(44.6715559065342,-6.0051155090332,0.));
#9537=CARTESIAN_POINT('',(44.7073678672314,-5.68690299987793,0.02));
#9538=CARTESIAN_POINT('',(44.7073678672314,-5.68690299987793,0.));
#9539=CARTESIAN_POINT('Ctrl Pts',(44.7073678672314,-5.68690299987793,0.02));
#9540=CARTESIAN_POINT('Ctrl Pts',(44.7073528478688,-5.75063421789336,0.02));
#9541=CARTESIAN_POINT('Ctrl Pts',(44.7073274924714,-5.85822402728978,0.02));
#9542=CARTESIAN_POINT('Ctrl Pts',(44.6819151533973,-5.96257657536297,0.02));
#9543=CARTESIAN_POINT('Ctrl Pts',(44.6715559065342,-6.0051155090332,0.02));
#9544=CARTESIAN_POINT('Origin',(44.7073678672314,-4.31787133216858,0.));
#9545=CARTESIAN_POINT('',(44.7073678672314,-4.31787133216858,0.));
#9546=CARTESIAN_POINT('',(44.7073678672314,-15.3539356660843,0.));
#9547=CARTESIAN_POINT('',(44.7073678672314,-4.31787133216858,0.02));
#9548=CARTESIAN_POINT('',(44.7073678672314,-4.31787133216858,0.));
#9549=CARTESIAN_POINT('',(44.7073678672314,-4.31787133216858,0.02));
#9550=CARTESIAN_POINT('Origin',(45.0736705958843,-4.31787133216858,0.));
#9551=CARTESIAN_POINT('',(45.0736705958843,-4.31787133216858,0.));
#9552=CARTESIAN_POINT('',(36.9368352979422,-4.31787133216858,0.));
#9553=CARTESIAN_POINT('',(45.0736705958843,-4.31787133216858,0.02));
#9554=CARTESIAN_POINT('',(45.0736705958843,-4.31787133216858,0.));
#9555=CARTESIAN_POINT('',(45.0736705958843,-4.31787133216858,0.02));
#9556=CARTESIAN_POINT('Origin',(45.0736705958843,-5.80968618392944,0.));
#9557=CARTESIAN_POINT('',(45.0736705958843,-5.80968618392944,0.));
#9558=CARTESIAN_POINT('',(45.0736705958843,-16.0998430919647,0.));
#9559=CARTESIAN_POINT('',(45.0736705958843,-5.80968618392944,0.02));
#9560=CARTESIAN_POINT('',(45.0736705958843,-5.80968618392944,0.));
#9561=CARTESIAN_POINT('',(45.0736705958843,-5.80968618392944,0.02));
#9562=CARTESIAN_POINT('Ctrl Pts',(44.8997278511524,-6.36118650436401,0.));
#9563=CARTESIAN_POINT('Ctrl Pts',(44.8997278511524,-6.36118650436401,0.02));
#9564=CARTESIAN_POINT('Ctrl Pts',(44.9503029916271,-6.28779054398249,0.));
#9565=CARTESIAN_POINT('Ctrl Pts',(44.9503029916271,-6.28779054398249,0.02));
#9566=CARTESIAN_POINT('Ctrl Pts',(45.0639603341581,-6.12284804988012,0.));
#9567=CARTESIAN_POINT('Ctrl Pts',(45.0639603341581,-6.12284804988012,0.02));
#9568=CARTESIAN_POINT('Ctrl Pts',(45.0702047914789,-5.92146049086431,0.));
#9569=CARTESIAN_POINT('Ctrl Pts',(45.0702047914789,-5.92146049086431,0.02));
#9570=CARTESIAN_POINT('Ctrl Pts',(45.0736705958843,-5.80968618392944,0.));
#9571=CARTESIAN_POINT('Ctrl Pts',(45.0736705958843,-5.80968618392944,0.02));
#9572=CARTESIAN_POINT('',(44.8997278511524,-6.36118650436401,0.));
#9573=CARTESIAN_POINT('Ctrl Pts',(44.8997278511524,-6.36118650436401,0.));
#9574=CARTESIAN_POINT('Ctrl Pts',(44.9503029916271,-6.28779054398249,0.));
#9575=CARTESIAN_POINT('Ctrl Pts',(45.0639603341581,-6.12284804988012,0.));
#9576=CARTESIAN_POINT('Ctrl Pts',(45.0702047914789,-5.92146049086431,0.));
#9577=CARTESIAN_POINT('Ctrl Pts',(45.0736705958843,-5.80968618392944,0.));
#9578=CARTESIAN_POINT('',(44.8997278511524,-6.36118650436401,0.02));
#9579=CARTESIAN_POINT('',(44.8997278511524,-6.36118650436401,0.));
#9580=CARTESIAN_POINT('Ctrl Pts',(44.8997278511524,-6.36118650436401,0.02));
#9581=CARTESIAN_POINT('Ctrl Pts',(44.9503029916271,-6.28779054398249,0.02));
#9582=CARTESIAN_POINT('Ctrl Pts',(45.0639603341581,-6.12284804988012,0.02));
#9583=CARTESIAN_POINT('Ctrl Pts',(45.0702047914789,-5.92146049086431,0.02));
#9584=CARTESIAN_POINT('Ctrl Pts',(45.0736705958843,-5.80968618392944,0.02));
#9585=CARTESIAN_POINT('Ctrl Pts',(44.4024564325809,-6.54024481773376,0.));
#9586=CARTESIAN_POINT('Ctrl Pts',(44.4024564325809,-6.54024481773376,0.02));
#9587=CARTESIAN_POINT('Ctrl Pts',(44.5015094238081,-6.53519957078107,0.));
#9588=CARTESIAN_POINT('Ctrl Pts',(44.5015094238081,-6.53519957078107,0.02));
#9589=CARTESIAN_POINT('Ctrl Pts',(44.6862326672612,-6.52579072436888,0.));
#9590=CARTESIAN_POINT('Ctrl Pts',(44.6862326672612,-6.52579072436888,0.02));
#9591=CARTESIAN_POINT('Ctrl Pts',(44.8320850026917,-6.41333896095273,0.));
#9592=CARTESIAN_POINT('Ctrl Pts',(44.8320850026917,-6.41333896095273,0.02));
#9593=CARTESIAN_POINT('Ctrl Pts',(44.8997278511524,-6.36118650436401,0.));
#9594=CARTESIAN_POINT('Ctrl Pts',(44.8997278511524,-6.36118650436401,0.02));
#9595=CARTESIAN_POINT('',(44.4024564325809,-6.54024481773376,0.));
#9596=CARTESIAN_POINT('Ctrl Pts',(44.4024564325809,-6.54024481773376,0.));
#9597=CARTESIAN_POINT('Ctrl Pts',(44.5015094238081,-6.53519957078107,0.));
#9598=CARTESIAN_POINT('Ctrl Pts',(44.6862326672612,-6.52579072436888,0.));
#9599=CARTESIAN_POINT('Ctrl Pts',(44.8320850026917,-6.41333896095273,0.));
#9600=CARTESIAN_POINT('Ctrl Pts',(44.8997278511524,-6.36118650436401,0.));
#9601=CARTESIAN_POINT('',(44.4024564325809,-6.54024481773376,0.02));
#9602=CARTESIAN_POINT('',(44.4024564325809,-6.54024481773376,0.));
#9603=CARTESIAN_POINT('Ctrl Pts',(44.4024564325809,-6.54024481773376,0.02));
#9604=CARTESIAN_POINT('Ctrl Pts',(44.5015094238081,-6.53519957078107,0.02));
#9605=CARTESIAN_POINT('Ctrl Pts',(44.6862326672612,-6.52579072436888,0.02));
#9606=CARTESIAN_POINT('Ctrl Pts',(44.8320850026917,-6.41333896095273,0.02));
#9607=CARTESIAN_POINT('Ctrl Pts',(44.8997278511524,-6.36118650436401,0.02));
#9608=CARTESIAN_POINT('Ctrl Pts',(43.7312422692776,-6.15961790084839,0.));
#9609=CARTESIAN_POINT('Ctrl Pts',(43.7312422692776,-6.15961790084839,0.02));
#9610=CARTESIAN_POINT('Ctrl Pts',(43.821351130897,-6.27060115552162,0.));
#9611=CARTESIAN_POINT('Ctrl Pts',(43.821351130897,-6.27060115552162,0.02));
#9612=CARTESIAN_POINT('Ctrl Pts',(43.9960183346422,-6.48573132593896,0.));
#9613=CARTESIAN_POINT('Ctrl Pts',(43.9960183346422,-6.48573132593896,0.02));
#9614=CARTESIAN_POINT('Ctrl Pts',(44.2698779414335,-6.52246273350991,0.));
#9615=CARTESIAN_POINT('Ctrl Pts',(44.2698779414335,-6.52246273350991,0.02));
#9616=CARTESIAN_POINT('Ctrl Pts',(44.4024564325809,-6.54024481773376,0.));
#9617=CARTESIAN_POINT('Ctrl Pts',(44.4024564325809,-6.54024481773376,0.02));
#9618=CARTESIAN_POINT('',(43.7312422692776,-6.15961790084839,0.));
#9619=CARTESIAN_POINT('Ctrl Pts',(43.7312422692776,-6.15961790084839,0.));
#9620=CARTESIAN_POINT('Ctrl Pts',(43.821351130897,-6.27060115552162,0.));
#9621=CARTESIAN_POINT('Ctrl Pts',(43.9960183346422,-6.48573132593896,0.));
#9622=CARTESIAN_POINT('Ctrl Pts',(44.2698779414335,-6.52246273350991,0.));
#9623=CARTESIAN_POINT('Ctrl Pts',(44.4024564325809,-6.54024481773376,0.));
#9624=CARTESIAN_POINT('',(43.7312422692776,-6.15961790084839,0.02));
#9625=CARTESIAN_POINT('',(43.7312422692776,-6.15961790084839,0.));
#9626=CARTESIAN_POINT('Ctrl Pts',(43.7312422692776,-6.15961790084839,0.02));
#9627=CARTESIAN_POINT('Ctrl Pts',(43.821351130897,-6.27060115552162,0.02));
#9628=CARTESIAN_POINT('Ctrl Pts',(43.9960183346422,-6.48573132593896,0.02));
#9629=CARTESIAN_POINT('Ctrl Pts',(44.2698779414335,-6.52246273350991,0.02));
#9630=CARTESIAN_POINT('Ctrl Pts',(44.4024564325809,-6.54024481773376,0.02));
#9631=CARTESIAN_POINT('Ctrl Pts',(43.5133023560047,-6.43997251987457,0.));
#9632=CARTESIAN_POINT('Ctrl Pts',(43.5133023560047,-6.43997251987457,0.02));
#9633=CARTESIAN_POINT('Ctrl Pts',(43.5611090327926,-6.40293529793478,0.));
#9634=CARTESIAN_POINT('Ctrl Pts',(43.5611090327926,-6.40293529793478,0.02));
#9635=CARTESIAN_POINT('Ctrl Pts',(43.6576628744548,-6.32813223060072,0.));
#9636=CARTESIAN_POINT('Ctrl Pts',(43.6576628744548,-6.32813223060072,0.02));
#9637=CARTESIAN_POINT('Ctrl Pts',(43.7065570521805,-6.21615292432778,0.));
#9638=CARTESIAN_POINT('Ctrl Pts',(43.7065570521805,-6.21615292432778,0.02));
#9639=CARTESIAN_POINT('Ctrl Pts',(43.7312422692776,-6.15961790084839,0.));
#9640=CARTESIAN_POINT('Ctrl Pts',(43.7312422692776,-6.15961790084839,0.02));
#9641=CARTESIAN_POINT('',(43.5133023560047,-6.43997251987457,0.));
#9642=CARTESIAN_POINT('Ctrl Pts',(43.5133023560047,-6.43997251987457,0.));
#9643=CARTESIAN_POINT('Ctrl Pts',(43.5611090327926,-6.40293529793478,0.));
#9644=CARTESIAN_POINT('Ctrl Pts',(43.6576628744548,-6.32813223060072,0.));
#9645=CARTESIAN_POINT('Ctrl Pts',(43.7065570521805,-6.21615292432778,0.));
#9646=CARTESIAN_POINT('Ctrl Pts',(43.7312422692776,-6.15961790084839,0.));
#9647=CARTESIAN_POINT('',(43.5133023560047,-6.43997251987457,0.02));
#9648=CARTESIAN_POINT('',(43.5133023560047,-6.43997251987457,0.));
#9649=CARTESIAN_POINT('Ctrl Pts',(43.5133023560047,-6.43997251987457,0.02));
#9650=CARTESIAN_POINT('Ctrl Pts',(43.5611090327926,-6.40293529793478,0.02));
#9651=CARTESIAN_POINT('Ctrl Pts',(43.6576628744548,-6.32813223060072,0.02));
#9652=CARTESIAN_POINT('Ctrl Pts',(43.7065570521805,-6.21615292432778,0.02));
#9653=CARTESIAN_POINT('Ctrl Pts',(43.7312422692776,-6.15961790084839,0.02));
#9654=CARTESIAN_POINT('Ctrl Pts',(43.1173267960548,-6.54024481773376,0.));
#9655=CARTESIAN_POINT('Ctrl Pts',(43.1173267960548,-6.54024481773376,0.02));
#9656=CARTESIAN_POINT('Ctrl Pts',(43.1920275455178,-6.53740097686865,0.));
#9657=CARTESIAN_POINT('Ctrl Pts',(43.1920275455178,-6.53740097686865,0.02));
#9658=CARTESIAN_POINT('Ctrl Pts',(43.3314523731815,-6.53209310478742,0.));
#9659=CARTESIAN_POINT('Ctrl Pts',(43.3314523731815,-6.53209310478742,0.02));
#9660=CARTESIAN_POINT('Ctrl Pts',(43.4556480058175,-6.46917875008456,0.));
#9661=CARTESIAN_POINT('Ctrl Pts',(43.4556480058175,-6.46917875008456,0.02));
#9662=CARTESIAN_POINT('Ctrl Pts',(43.5133023560047,-6.43997251987457,0.));
#9663=CARTESIAN_POINT('Ctrl Pts',(43.5133023560047,-6.43997251987457,0.02));
#9664=CARTESIAN_POINT('',(43.1173267960548,-6.54024481773376,0.));
#9665=CARTESIAN_POINT('Ctrl Pts',(43.1173267960548,-6.54024481773376,0.));
#9666=CARTESIAN_POINT('Ctrl Pts',(43.1920275455178,-6.53740097686865,0.));
#9667=CARTESIAN_POINT('Ctrl Pts',(43.3314523731815,-6.53209310478742,0.));
#9668=CARTESIAN_POINT('Ctrl Pts',(43.4556480058175,-6.46917875008456,0.));
#9669=CARTESIAN_POINT('Ctrl Pts',(43.5133023560047,-6.43997251987457,0.));
#9670=CARTESIAN_POINT('',(43.1173267960548,-6.54024481773376,0.02));
#9671=CARTESIAN_POINT('',(43.1173267960548,-6.54024481773376,0.));
#9672=CARTESIAN_POINT('Ctrl Pts',(43.1173267960548,-6.54024481773376,0.02));
#9673=CARTESIAN_POINT('Ctrl Pts',(43.1920275455178,-6.53740097686865,0.02));
#9674=CARTESIAN_POINT('Ctrl Pts',(43.3314523731815,-6.53209310478742,0.02));
#9675=CARTESIAN_POINT('Ctrl Pts',(43.4556480058175,-6.46917875008456,0.02));
#9676=CARTESIAN_POINT('Ctrl Pts',(43.5133023560047,-6.43997251987457,0.02));
#9677=CARTESIAN_POINT('Ctrl Pts',(42.7305600047112,-6.44304156303406,0.));
#9678=CARTESIAN_POINT('Ctrl Pts',(42.7305600047112,-6.44304156303406,0.02));
#9679=CARTESIAN_POINT('Ctrl Pts',(42.7900670162036,-6.47138674123144,0.));
#9680=CARTESIAN_POINT('Ctrl Pts',(42.7900670162036,-6.47138674123144,0.02));
#9681=CARTESIAN_POINT('Ctrl Pts',(42.9123899333023,-6.52965323447025,0.));
#9682=CARTESIAN_POINT('Ctrl Pts',(42.9123899333023,-6.52965323447025,0.02));
#9683=CARTESIAN_POINT('Ctrl Pts',(43.0477935969244,-6.53665119061234,0.));
#9684=CARTESIAN_POINT('Ctrl Pts',(43.0477935969244,-6.53665119061234,0.02));
#9685=CARTESIAN_POINT('Ctrl Pts',(43.1173267960548,-6.54024481773376,0.));
#9686=CARTESIAN_POINT('Ctrl Pts',(43.1173267960548,-6.54024481773376,0.02));
#9687=CARTESIAN_POINT('',(42.7305600047112,-6.44304156303406,0.));
#9688=CARTESIAN_POINT('Ctrl Pts',(42.7305600047112,-6.44304156303406,0.));
#9689=CARTESIAN_POINT('Ctrl Pts',(42.7900670162036,-6.47138674123144,0.));
#9690=CARTESIAN_POINT('Ctrl Pts',(42.9123899333023,-6.52965323447025,0.));
#9691=CARTESIAN_POINT('Ctrl Pts',(43.0477935969244,-6.53665119061234,0.));
#9692=CARTESIAN_POINT('Ctrl Pts',(43.1173267960548,-6.54024481773376,0.));
#9693=CARTESIAN_POINT('',(42.7305600047112,-6.44304156303406,0.02));
#9694=CARTESIAN_POINT('',(42.7305600047112,-6.44304156303406,0.));
#9695=CARTESIAN_POINT('Ctrl Pts',(42.7305600047112,-6.44304156303406,0.02));
#9696=CARTESIAN_POINT('Ctrl Pts',(42.7900670162036,-6.47138674123144,0.02));
#9697=CARTESIAN_POINT('Ctrl Pts',(42.9123899333023,-6.52965323447025,0.02));
#9698=CARTESIAN_POINT('Ctrl Pts',(43.0477935969244,-6.53665119061234,0.02));
#9699=CARTESIAN_POINT('Ctrl Pts',(43.1173267960548,-6.54024481773376,0.02));
#9700=CARTESIAN_POINT('Ctrl Pts',(42.4583908170462,-6.18622064590454,0.));
#9701=CARTESIAN_POINT('Ctrl Pts',(42.4583908170462,-6.18622064590454,0.02));
#9702=CARTESIAN_POINT('Ctrl Pts',(42.4955415818003,-6.23695746513616,0.));
#9703=CARTESIAN_POINT('Ctrl Pts',(42.4955415818003,-6.23695746513616,0.02));
#9704=CARTESIAN_POINT('Ctrl Pts',(42.5704624959096,-6.33927699747943,0.));
#9705=CARTESIAN_POINT('Ctrl Pts',(42.5704624959096,-6.33927699747943,0.02));
#9706=CARTESIAN_POINT('Ctrl Pts',(42.6769008534623,-6.40826326723767,0.));
#9707=CARTESIAN_POINT('Ctrl Pts',(42.6769008534623,-6.40826326723767,0.02));
#9708=CARTESIAN_POINT('Ctrl Pts',(42.7305600047112,-6.44304156303406,0.));
#9709=CARTESIAN_POINT('Ctrl Pts',(42.7305600047112,-6.44304156303406,0.02));
#9710=CARTESIAN_POINT('',(42.4583908170462,-6.18622064590454,0.));
#9711=CARTESIAN_POINT('Ctrl Pts',(42.4583908170462,-6.18622064590454,0.));
#9712=CARTESIAN_POINT('Ctrl Pts',(42.4955415818003,-6.23695746513616,0.));
#9713=CARTESIAN_POINT('Ctrl Pts',(42.5704624959096,-6.33927699747943,0.));
#9714=CARTESIAN_POINT('Ctrl Pts',(42.6769008534623,-6.40826326723767,0.));
#9715=CARTESIAN_POINT('Ctrl Pts',(42.7305600047112,-6.44304156303406,0.));
#9716=CARTESIAN_POINT('',(42.4583908170462,-6.18622064590454,0.02));
#9717=CARTESIAN_POINT('',(42.4583908170462,-6.18622064590454,0.));
#9718=CARTESIAN_POINT('Ctrl Pts',(42.4583908170462,-6.18622064590454,0.02));
#9719=CARTESIAN_POINT('Ctrl Pts',(42.4955415818003,-6.23695746513616,0.02));
#9720=CARTESIAN_POINT('Ctrl Pts',(42.5704624959096,-6.33927699747943,0.02));
#9721=CARTESIAN_POINT('Ctrl Pts',(42.6769008534623,-6.40826326723767,0.02));
#9722=CARTESIAN_POINT('Ctrl Pts',(42.7305600047112,-6.44304156303406,0.02));
#9723=CARTESIAN_POINT('Origin',(42.4583908170462,-6.49113178253174,0.));
#9724=CARTESIAN_POINT('',(42.4583908170462,-6.49113178253174,0.));
#9725=CARTESIAN_POINT('',(42.4583908170462,-16.4405658912659,0.));
#9726=CARTESIAN_POINT('',(42.4583908170462,-6.49113178253174,0.02));
#9727=CARTESIAN_POINT('',(42.4583908170462,-6.49113178253174,0.));
#9728=CARTESIAN_POINT('',(42.4583908170462,-6.49113178253174,0.02));
#9729=CARTESIAN_POINT('Origin',(42.1289228647947,-6.49113178253174,0.));
#9730=CARTESIAN_POINT('',(42.1289228647947,-6.49113178253174,0.));
#9731=CARTESIAN_POINT('',(35.4644614323974,-6.49113178253174,0.));
#9732=CARTESIAN_POINT('',(42.1289228647947,-6.49113178253174,0.02));
#9733=CARTESIAN_POINT('',(42.1289228647947,-6.49113178253174,0.));
#9734=CARTESIAN_POINT('',(42.1289228647947,-6.49113178253174,0.02));
#9735=CARTESIAN_POINT('Origin',(42.1289228647947,-4.31787133216858,0.));
#9736=CARTESIAN_POINT('',(42.1289228647947,-4.31787133216858,0.));
#9737=CARTESIAN_POINT('',(42.1289228647947,-15.3539356660843,0.));
#9738=CARTESIAN_POINT('',(42.1289228647947,-4.31787133216858,0.02));
#9739=CARTESIAN_POINT('',(42.1289228647947,-4.31787133216858,0.));
#9740=CARTESIAN_POINT('',(42.1289228647947,-4.31787133216858,0.02));
#9741=CARTESIAN_POINT('Origin',(42.4972721934319,-4.31787133216858,0.));
#9742=CARTESIAN_POINT('',(35.6486360967159,-4.31787133216858,0.));
#9743=CARTESIAN_POINT('',(42.4972721934319,-4.31787133216858,0.02));
#9744=CARTESIAN_POINT('Origin',(52.9563443362713,-8.13437923789024,0.02));
#9745=CARTESIAN_POINT('Ctrl Pts',(62.9815824329853,-6.23533368110657,0.));
#9746=CARTESIAN_POINT('Ctrl Pts',(62.9815824329853,-6.23533368110657,0.02));
#9747=CARTESIAN_POINT('Ctrl Pts',(62.9026709084612,-6.22645498444755,0.));
#9748=CARTESIAN_POINT('Ctrl Pts',(62.9026709084612,-6.22645498444755,0.02));
#9749=CARTESIAN_POINT('Ctrl Pts',(62.7422792455821,-6.20840858463551,0.));
#9750=CARTESIAN_POINT('Ctrl Pts',(62.7422792455821,-6.20840858463551,0.02));
#9751=CARTESIAN_POINT('Ctrl Pts',(62.6288871474154,-6.09327605884213,0.));
#9752=CARTESIAN_POINT('Ctrl Pts',(62.6288871474154,-6.09327605884213,0.02));
#9753=CARTESIAN_POINT('Ctrl Pts',(62.5712831318378,-6.03478789329529,0.));
#9754=CARTESIAN_POINT('Ctrl Pts',(62.5712831318378,-6.03478789329529,0.02));
#9755=CARTESIAN_POINT('',(62.9815824329853,-6.23533368110657,0.));
#9756=CARTESIAN_POINT('',(62.5712831318378,-6.03478789329529,0.));
#9757=CARTESIAN_POINT('Ctrl Pts',(62.9815824329853,-6.23533368110657,0.));
#9758=CARTESIAN_POINT('Ctrl Pts',(62.9026709084612,-6.22645498444755,0.));
#9759=CARTESIAN_POINT('Ctrl Pts',(62.7422792455821,-6.20840858463551,0.));
#9760=CARTESIAN_POINT('Ctrl Pts',(62.6288871474154,-6.09327605884213,0.));
#9761=CARTESIAN_POINT('Ctrl Pts',(62.5712831318378,-6.03478789329529,0.));
#9762=CARTESIAN_POINT('',(62.9815824329853,-6.23533368110657,0.02));
#9763=CARTESIAN_POINT('',(62.9815824329853,-6.23533368110657,0.));
#9764=CARTESIAN_POINT('',(62.5712831318378,-6.03478789329529,0.02));
#9765=CARTESIAN_POINT('Ctrl Pts',(62.9815824329853,-6.23533368110657,0.02));
#9766=CARTESIAN_POINT('Ctrl Pts',(62.9026709084612,-6.22645498444755,0.02));
#9767=CARTESIAN_POINT('Ctrl Pts',(62.7422792455821,-6.20840858463551,0.02));
#9768=CARTESIAN_POINT('Ctrl Pts',(62.6288871474154,-6.09327605884213,0.02));
#9769=CARTESIAN_POINT('Ctrl Pts',(62.5712831318378,-6.03478789329529,0.02));
#9770=CARTESIAN_POINT('',(62.5712831318378,-6.03478789329529,0.));
#9771=CARTESIAN_POINT('Ctrl Pts',(63.4051854908466,-6.02660238742828,0.));
#9772=CARTESIAN_POINT('Ctrl Pts',(63.4051854908466,-6.02660238742828,0.02));
#9773=CARTESIAN_POINT('Ctrl Pts',(63.3454643871725,-6.08747478331278,0.));
#9774=CARTESIAN_POINT('Ctrl Pts',(63.3454643871725,-6.08747478331278,0.02));
#9775=CARTESIAN_POINT('Ctrl Pts',(63.2284490401821,-6.20674593016608,0.));
#9776=CARTESIAN_POINT('Ctrl Pts',(63.2284490401821,-6.20674593016608,0.02));
#9777=CARTESIAN_POINT('Ctrl Pts',(63.0627256187074,-6.22593710369871,0.));
#9778=CARTESIAN_POINT('Ctrl Pts',(63.0627256187074,-6.22593710369871,0.02));
#9779=CARTESIAN_POINT('Ctrl Pts',(62.9815824329853,-6.23533368110657,0.));
#9780=CARTESIAN_POINT('Ctrl Pts',(62.9815824329853,-6.23533368110657,0.02));
#9781=CARTESIAN_POINT('',(63.4051854908466,-6.02660238742828,0.));
#9782=CARTESIAN_POINT('Ctrl Pts',(63.4051854908466,-6.02660238742828,0.));
#9783=CARTESIAN_POINT('Ctrl Pts',(63.3454643871725,-6.08747478331278,0.));
#9784=CARTESIAN_POINT('Ctrl Pts',(63.2284490401821,-6.20674593016608,0.));
#9785=CARTESIAN_POINT('Ctrl Pts',(63.0627256187074,-6.22593710369871,0.));
#9786=CARTESIAN_POINT('Ctrl Pts',(62.9815824329853,-6.23533368110657,0.));
#9787=CARTESIAN_POINT('',(63.4051854908466,-6.02660238742828,0.02));
#9788=CARTESIAN_POINT('',(63.4051854908466,-6.02660238742828,0.));
#9789=CARTESIAN_POINT('Ctrl Pts',(63.4051854908466,-6.02660238742828,0.02));
#9790=CARTESIAN_POINT('Ctrl Pts',(63.3454643871725,-6.08747478331278,0.02));
#9791=CARTESIAN_POINT('Ctrl Pts',(63.2284490401821,-6.20674593016608,0.02));
#9792=CARTESIAN_POINT('Ctrl Pts',(63.0627256187074,-6.22593710369871,0.02));
#9793=CARTESIAN_POINT('Ctrl Pts',(62.9815824329853,-6.23533368110657,0.02));
#9794=CARTESIAN_POINT('Ctrl Pts',(63.5770805180073,-5.37175953388214,0.));
#9795=CARTESIAN_POINT('Ctrl Pts',(63.5770805180073,-5.37175953388214,0.02));
#9796=CARTESIAN_POINT('Ctrl Pts',(63.574628585753,-5.50408876788407,0.));
#9797=CARTESIAN_POINT('Ctrl Pts',(63.574628585753,-5.50408876788407,0.02));
#9798=CARTESIAN_POINT('Ctrl Pts',(63.5703023850552,-5.73757108514123,0.));
#9799=CARTESIAN_POINT('Ctrl Pts',(63.5703023850552,-5.73757108514123,0.02));
#9800=CARTESIAN_POINT('Ctrl Pts',(63.4550967761474,-5.93923444207987,0.));
#9801=CARTESIAN_POINT('Ctrl Pts',(63.4550967761474,-5.93923444207987,0.02));
#9802=CARTESIAN_POINT('Ctrl Pts',(63.4051854908466,-6.02660238742828,0.));
#9803=CARTESIAN_POINT('Ctrl Pts',(63.4051854908466,-6.02660238742828,0.02));
#9804=CARTESIAN_POINT('',(63.5770805180073,-5.37175953388214,0.));
#9805=CARTESIAN_POINT('Ctrl Pts',(63.5770805180073,-5.37175953388214,0.));
#9806=CARTESIAN_POINT('Ctrl Pts',(63.574628585753,-5.50408876788407,0.));
#9807=CARTESIAN_POINT('Ctrl Pts',(63.5703023850552,-5.73757108514123,0.));
#9808=CARTESIAN_POINT('Ctrl Pts',(63.4550967761474,-5.93923444207987,0.));
#9809=CARTESIAN_POINT('Ctrl Pts',(63.4051854908466,-6.02660238742828,0.));
#9810=CARTESIAN_POINT('',(63.5770805180073,-5.37175953388214,0.02));
#9811=CARTESIAN_POINT('',(63.5770805180073,-5.37175953388214,0.));
#9812=CARTESIAN_POINT('Ctrl Pts',(63.5770805180073,-5.37175953388214,0.02));
#9813=CARTESIAN_POINT('Ctrl Pts',(63.574628585753,-5.50408876788407,0.02));
#9814=CARTESIAN_POINT('Ctrl Pts',(63.5703023850552,-5.73757108514123,0.02));
#9815=CARTESIAN_POINT('Ctrl Pts',(63.4550967761474,-5.93923444207987,0.02));
#9816=CARTESIAN_POINT('Ctrl Pts',(63.4051854908466,-6.02660238742828,0.02));
#9817=CARTESIAN_POINT('Ctrl Pts',(63.4082539379597,-4.76909935474396,0.));
#9818=CARTESIAN_POINT('Ctrl Pts',(63.4082539379597,-4.76909935474396,0.02));
#9819=CARTESIAN_POINT('Ctrl Pts',(63.4573158332276,-4.85015570441702,0.));
#9820=CARTESIAN_POINT('Ctrl Pts',(63.4573158332276,-4.85015570441702,0.02));
#9821=CARTESIAN_POINT('Ctrl Pts',(63.5687817131606,-5.03431119394988,0.));
#9822=CARTESIAN_POINT('Ctrl Pts',(63.5687817131606,-5.03431119394988,0.02));
#9823=CARTESIAN_POINT('Ctrl Pts',(63.5741019771797,-5.25064526788166,0.));
#9824=CARTESIAN_POINT('Ctrl Pts',(63.5741019771797,-5.25064526788166,0.02));
#9825=CARTESIAN_POINT('Ctrl Pts',(63.5770805180073,-5.37175953388214,0.));
#9826=CARTESIAN_POINT('Ctrl Pts',(63.5770805180073,-5.37175953388214,0.02));
#9827=CARTESIAN_POINT('',(63.4082539379597,-4.76909935474396,0.));
#9828=CARTESIAN_POINT('Ctrl Pts',(63.4082539379597,-4.76909935474396,0.));
#9829=CARTESIAN_POINT('Ctrl Pts',(63.4573158332276,-4.85015570441702,0.));
#9830=CARTESIAN_POINT('Ctrl Pts',(63.5687817131606,-5.03431119394988,0.));
#9831=CARTESIAN_POINT('Ctrl Pts',(63.5741019771797,-5.25064526788166,0.));
#9832=CARTESIAN_POINT('Ctrl Pts',(63.5770805180073,-5.37175953388214,0.));
#9833=CARTESIAN_POINT('',(63.4082539379597,-4.76909935474396,0.02));
#9834=CARTESIAN_POINT('',(63.4082539379597,-4.76909935474396,0.));
#9835=CARTESIAN_POINT('Ctrl Pts',(63.4082539379597,-4.76909935474396,0.02));
#9836=CARTESIAN_POINT('Ctrl Pts',(63.4573158332276,-4.85015570441702,0.02));
#9837=CARTESIAN_POINT('Ctrl Pts',(63.5687817131606,-5.03431119394988,0.02));
#9838=CARTESIAN_POINT('Ctrl Pts',(63.5741019771797,-5.25064526788166,0.02));
#9839=CARTESIAN_POINT('Ctrl Pts',(63.5770805180073,-5.37175953388214,0.02));
#9840=CARTESIAN_POINT('Ctrl Pts',(62.9979546368122,-4.57162320613861,0.));
#9841=CARTESIAN_POINT('Ctrl Pts',(62.9979546368122,-4.57162320613861,0.02));
#9842=CARTESIAN_POINT('Ctrl Pts',(63.0759842810373,-4.58052269732329,0.));
#9843=CARTESIAN_POINT('Ctrl Pts',(63.0759842810373,-4.58052269732329,0.02));
#9844=CARTESIAN_POINT('Ctrl Pts',(63.2353981150701,-4.5987042746556,0.));
#9845=CARTESIAN_POINT('Ctrl Pts',(63.2353981150701,-4.5987042746556,0.02));
#9846=CARTESIAN_POINT('Ctrl Pts',(63.3498326483035,-4.71150973951774,0.));
#9847=CARTESIAN_POINT('Ctrl Pts',(63.3498326483035,-4.71150973951774,0.02));
#9848=CARTESIAN_POINT('Ctrl Pts',(63.4082539379597,-4.76909935474396,0.));
#9849=CARTESIAN_POINT('Ctrl Pts',(63.4082539379597,-4.76909935474396,0.02));
#9850=CARTESIAN_POINT('',(62.9979546368122,-4.57162320613861,0.));
#9851=CARTESIAN_POINT('Ctrl Pts',(62.9979546368122,-4.57162320613861,0.));
#9852=CARTESIAN_POINT('Ctrl Pts',(63.0759842810373,-4.58052269732329,0.));
#9853=CARTESIAN_POINT('Ctrl Pts',(63.2353981150701,-4.5987042746556,0.));
#9854=CARTESIAN_POINT('Ctrl Pts',(63.3498326483035,-4.71150973951774,0.));
#9855=CARTESIAN_POINT('Ctrl Pts',(63.4082539379597,-4.76909935474396,0.));
#9856=CARTESIAN_POINT('',(62.9979546368122,-4.57162320613861,0.02));
#9857=CARTESIAN_POINT('',(62.9979546368122,-4.57162320613861,0.));
#9858=CARTESIAN_POINT('Ctrl Pts',(62.9979546368122,-4.57162320613861,0.02));
#9859=CARTESIAN_POINT('Ctrl Pts',(63.0759842810373,-4.58052269732329,0.02));
#9860=CARTESIAN_POINT('Ctrl Pts',(63.2353981150701,-4.5987042746556,0.02));
#9861=CARTESIAN_POINT('Ctrl Pts',(63.3498326483035,-4.71150973951774,0.02));
#9862=CARTESIAN_POINT('Ctrl Pts',(63.4082539379597,-4.76909935474396,0.02));
#9863=CARTESIAN_POINT('Ctrl Pts',(62.5825388729572,-4.77830767631531,0.));
#9864=CARTESIAN_POINT('Ctrl Pts',(62.5825388729572,-4.77830767631531,0.02));
#9865=CARTESIAN_POINT('Ctrl Pts',(62.6423037953419,-4.71804776141926,0.));
#9866=CARTESIAN_POINT('Ctrl Pts',(62.6423037953419,-4.71804776141926,0.02));
#9867=CARTESIAN_POINT('Ctrl Pts',(62.7576691346086,-4.60172692891782,0.));
#9868=CARTESIAN_POINT('Ctrl Pts',(62.7576691346086,-4.60172692891782,0.02));
#9869=CARTESIAN_POINT('Ctrl Pts',(62.9198104844733,-4.58141335110056,0.));
#9870=CARTESIAN_POINT('Ctrl Pts',(62.9198104844733,-4.58141335110056,0.02));
#9871=CARTESIAN_POINT('Ctrl Pts',(62.9979546368122,-4.57162320613861,0.));
#9872=CARTESIAN_POINT('Ctrl Pts',(62.9979546368122,-4.57162320613861,0.02));
#9873=CARTESIAN_POINT('',(62.5825388729572,-4.77830767631531,0.));
#9874=CARTESIAN_POINT('Ctrl Pts',(62.5825388729572,-4.77830767631531,0.));
#9875=CARTESIAN_POINT('Ctrl Pts',(62.6423037953419,-4.71804776141926,0.));
#9876=CARTESIAN_POINT('Ctrl Pts',(62.7576691346086,-4.60172692891782,0.));
#9877=CARTESIAN_POINT('Ctrl Pts',(62.9198104844733,-4.58141335110056,0.));
#9878=CARTESIAN_POINT('Ctrl Pts',(62.9979546368122,-4.57162320613861,0.));
#9879=CARTESIAN_POINT('',(62.5825388729572,-4.77830767631531,0.02));
#9880=CARTESIAN_POINT('',(62.5825388729572,-4.77830767631531,0.));
#9881=CARTESIAN_POINT('Ctrl Pts',(62.5825388729572,-4.77830767631531,0.02));
#9882=CARTESIAN_POINT('Ctrl Pts',(62.6423037953419,-4.71804776141926,0.02));
#9883=CARTESIAN_POINT('Ctrl Pts',(62.7576691346086,-4.60172692891782,0.02));
#9884=CARTESIAN_POINT('Ctrl Pts',(62.9198104844733,-4.58141335110056,0.02));
#9885=CARTESIAN_POINT('Ctrl Pts',(62.9979546368122,-4.57162320613861,0.02));
#9886=CARTESIAN_POINT('Ctrl Pts',(62.4065478146076,-5.40245532989502,0.));
#9887=CARTESIAN_POINT('Ctrl Pts',(62.4065478146076,-5.40245532989502,0.02));
#9888=CARTESIAN_POINT('Ctrl Pts',(62.4098085245379,-5.2773953969724,0.));
#9889=CARTESIAN_POINT('Ctrl Pts',(62.4098085245379,-5.2773953969724,0.02));
#9890=CARTESIAN_POINT('Ctrl Pts',(62.4156520862681,-5.05327382417831,0.));
#9891=CARTESIAN_POINT('Ctrl Pts',(62.4156520862681,-5.05327382417831,0.02));
#9892=CARTESIAN_POINT('Ctrl Pts',(62.5313849821782,-4.86258989286917,0.));
#9893=CARTESIAN_POINT('Ctrl Pts',(62.5313849821782,-4.86258989286917,0.02));
#9894=CARTESIAN_POINT('Ctrl Pts',(62.5825388729572,-4.77830767631531,0.));
#9895=CARTESIAN_POINT('Ctrl Pts',(62.5825388729572,-4.77830767631531,0.02));
#9896=CARTESIAN_POINT('',(62.4065478146076,-5.40245532989502,0.));
#9897=CARTESIAN_POINT('Ctrl Pts',(62.4065478146076,-5.40245532989502,0.));
#9898=CARTESIAN_POINT('Ctrl Pts',(62.4098085245379,-5.2773953969724,0.));
#9899=CARTESIAN_POINT('Ctrl Pts',(62.4156520862681,-5.05327382417831,0.));
#9900=CARTESIAN_POINT('Ctrl Pts',(62.5313849821782,-4.86258989286917,0.));
#9901=CARTESIAN_POINT('Ctrl Pts',(62.5825388729572,-4.77830767631531,0.));
#9902=CARTESIAN_POINT('',(62.4065478146076,-5.40245532989502,0.02));
#9903=CARTESIAN_POINT('',(62.4065478146076,-5.40245532989502,0.));
#9904=CARTESIAN_POINT('Ctrl Pts',(62.4065478146076,-5.40245532989502,0.02));
#9905=CARTESIAN_POINT('Ctrl Pts',(62.4098085245379,-5.2773953969724,0.02));
#9906=CARTESIAN_POINT('Ctrl Pts',(62.4156520862681,-5.05327382417831,0.02));
#9907=CARTESIAN_POINT('Ctrl Pts',(62.5313849821782,-4.86258989286917,0.02));
#9908=CARTESIAN_POINT('Ctrl Pts',(62.5825388729572,-4.77830767631531,0.02));
#9909=CARTESIAN_POINT('Ctrl Pts',(62.5712831318378,-6.03478789329529,0.));
#9910=CARTESIAN_POINT('Ctrl Pts',(62.5712831318378,-6.03478789329529,0.02));
#9911=CARTESIAN_POINT('Ctrl Pts',(62.5234579202046,-5.95056367878119,0.));
#9912=CARTESIAN_POINT('Ctrl Pts',(62.5234579202046,-5.95056367878119,0.02));
#9913=CARTESIAN_POINT('Ctrl Pts',(62.4128011710697,-5.75568784952077,0.));
#9914=CARTESIAN_POINT('Ctrl Pts',(62.4128011710697,-5.75568784952077,0.02));
#9915=CARTESIAN_POINT('Ctrl Pts',(62.4088125669357,-5.5303840951965,0.));
#9916=CARTESIAN_POINT('Ctrl Pts',(62.4088125669357,-5.5303840951965,0.02));
#9917=CARTESIAN_POINT('Ctrl Pts',(62.4065478146076,-5.40245532989502,0.));
#9918=CARTESIAN_POINT('Ctrl Pts',(62.4065478146076,-5.40245532989502,0.02));
#9919=CARTESIAN_POINT('Ctrl Pts',(62.5712831318378,-6.03478789329529,0.));
#9920=CARTESIAN_POINT('Ctrl Pts',(62.5234579202046,-5.95056367878119,0.));
#9921=CARTESIAN_POINT('Ctrl Pts',(62.4128011710697,-5.75568784952077,0.));
#9922=CARTESIAN_POINT('Ctrl Pts',(62.4088125669357,-5.5303840951965,0.));
#9923=CARTESIAN_POINT('Ctrl Pts',(62.4065478146076,-5.40245532989502,0.));
#9924=CARTESIAN_POINT('Ctrl Pts',(62.5712831318378,-6.03478789329529,0.02));
#9925=CARTESIAN_POINT('Ctrl Pts',(62.5234579202046,-5.95056367878119,0.02));
#9926=CARTESIAN_POINT('Ctrl Pts',(62.4128011710697,-5.75568784952077,0.02));
#9927=CARTESIAN_POINT('Ctrl Pts',(62.4088125669357,-5.5303840951965,0.02));
#9928=CARTESIAN_POINT('Ctrl Pts',(62.4065478146076,-5.40245532989502,0.02));
#9929=CARTESIAN_POINT('Origin',(63.9126880466938,-7.31787085533142,0.));
#9930=CARTESIAN_POINT('',(63.9126880466938,-7.31787085533142,0.));
#9931=CARTESIAN_POINT('',(63.9126880466938,-4.31787133216858,0.));
#9932=CARTESIAN_POINT('',(63.9126880466938,-16.8539354276657,0.));
#9933=CARTESIAN_POINT('',(63.9126880466938,-7.31787085533142,0.02));
#9934=CARTESIAN_POINT('',(63.9126880466938,-7.31787085533142,0.));
#9935=CARTESIAN_POINT('',(63.9126880466938,-4.31787133216858,0.02));
#9936=CARTESIAN_POINT('',(63.9126880466938,-7.31787085533142,0.02));
#9937=CARTESIAN_POINT('',(63.9126880466938,-4.31787133216858,0.));
#9938=CARTESIAN_POINT('Origin',(63.546384125948,-7.31787085533142,0.));
#9939=CARTESIAN_POINT('',(63.546384125948,-7.31787085533142,0.));
#9940=CARTESIAN_POINT('',(46.173192062974,-7.31787085533142,0.));
#9941=CARTESIAN_POINT('',(63.546384125948,-7.31787085533142,0.02));
#9942=CARTESIAN_POINT('',(63.546384125948,-7.31787085533142,0.));
#9943=CARTESIAN_POINT('',(63.546384125948,-7.31787085533142,0.02));
#9944=CARTESIAN_POINT('Origin',(63.546384125948,-6.24147295951843,0.));
#9945=CARTESIAN_POINT('',(63.546384125948,-6.24147295951843,0.));
#9946=CARTESIAN_POINT('',(63.546384125948,-16.3157364797592,0.));
#9947=CARTESIAN_POINT('',(63.546384125948,-6.24147295951843,0.02));
#9948=CARTESIAN_POINT('',(63.546384125948,-6.24147295951843,0.));
#9949=CARTESIAN_POINT('',(63.546384125948,-6.24147295951843,0.02));
#9950=CARTESIAN_POINT('Ctrl Pts',(63.2967264950275,-6.45736634731293,0.));
#9951=CARTESIAN_POINT('Ctrl Pts',(63.2967264950275,-6.45736634731293,0.02));
#9952=CARTESIAN_POINT('Ctrl Pts',(63.3452371279302,-6.42801108284281,0.));
#9953=CARTESIAN_POINT('Ctrl Pts',(63.3452371279302,-6.42801108284281,0.02));
#9954=CARTESIAN_POINT('Ctrl Pts',(63.4407511961824,-6.37021260514023,0.));
#9955=CARTESIAN_POINT('Ctrl Pts',(63.4407511961824,-6.37021260514023,0.02));
#9956=CARTESIAN_POINT('Ctrl Pts',(63.5115455239549,-6.28393234490607,0.));
#9957=CARTESIAN_POINT('Ctrl Pts',(63.5115455239549,-6.28393234490607,0.02));
#9958=CARTESIAN_POINT('Ctrl Pts',(63.546384125948,-6.24147295951843,0.));
#9959=CARTESIAN_POINT('Ctrl Pts',(63.546384125948,-6.24147295951843,0.02));
#9960=CARTESIAN_POINT('',(63.2967264950275,-6.45736634731293,0.));
#9961=CARTESIAN_POINT('Ctrl Pts',(63.2967264950275,-6.45736634731293,0.));
#9962=CARTESIAN_POINT('Ctrl Pts',(63.3452371279302,-6.42801108284281,0.));
#9963=CARTESIAN_POINT('Ctrl Pts',(63.4407511961824,-6.37021260514023,0.));
#9964=CARTESIAN_POINT('Ctrl Pts',(63.5115455239549,-6.28393234490607,0.));
#9965=CARTESIAN_POINT('Ctrl Pts',(63.546384125948,-6.24147295951843,0.));
#9966=CARTESIAN_POINT('',(63.2967264950275,-6.45736634731293,0.02));
#9967=CARTESIAN_POINT('',(63.2967264950275,-6.45736634731293,0.));
#9968=CARTESIAN_POINT('Ctrl Pts',(63.2967264950275,-6.45736634731293,0.02));
#9969=CARTESIAN_POINT('Ctrl Pts',(63.3452371279302,-6.42801108284281,0.02));
#9970=CARTESIAN_POINT('Ctrl Pts',(63.4407511961824,-6.37021260514023,0.02));
#9971=CARTESIAN_POINT('Ctrl Pts',(63.5115455239549,-6.28393234490607,0.02));
#9972=CARTESIAN_POINT('Ctrl Pts',(63.546384125948,-6.24147295951843,0.02));
#9973=CARTESIAN_POINT('Ctrl Pts',(62.9467947781086,-6.54024481773376,0.));
#9974=CARTESIAN_POINT('Ctrl Pts',(62.9467947781086,-6.54024481773376,0.02));
#9975=CARTESIAN_POINT('Ctrl Pts',(63.0096384224187,-6.53724158507538,0.));
#9976=CARTESIAN_POINT('Ctrl Pts',(63.0096384224187,-6.53724158507538,0.02));
#9977=CARTESIAN_POINT('Ctrl Pts',(63.1315359610211,-6.53141622798595,0.));
#9978=CARTESIAN_POINT('Ctrl Pts',(63.1315359610211,-6.53141622798595,0.02));
#9979=CARTESIAN_POINT('Ctrl Pts',(63.2428162044194,-6.48153268717368,0.));
#9980=CARTESIAN_POINT('Ctrl Pts',(63.2428162044194,-6.48153268717368,0.02));
#9981=CARTESIAN_POINT('Ctrl Pts',(63.2967264950275,-6.45736634731293,0.));
#9982=CARTESIAN_POINT('Ctrl Pts',(63.2967264950275,-6.45736634731293,0.02));
#9983=CARTESIAN_POINT('',(62.9467947781086,-6.54024481773376,0.));
#9984=CARTESIAN_POINT('Ctrl Pts',(62.9467947781086,-6.54024481773376,0.));
#9985=CARTESIAN_POINT('Ctrl Pts',(63.0096384224187,-6.53724158507538,0.));
#9986=CARTESIAN_POINT('Ctrl Pts',(63.1315359610211,-6.53141622798595,0.));
#9987=CARTESIAN_POINT('Ctrl Pts',(63.2428162044194,-6.48153268717368,0.));
#9988=CARTESIAN_POINT('Ctrl Pts',(63.2967264950275,-6.45736634731293,0.));
#9989=CARTESIAN_POINT('',(62.9467947781086,-6.54024481773376,0.02));
#9990=CARTESIAN_POINT('',(62.9467947781086,-6.54024481773376,0.));
#9991=CARTESIAN_POINT('Ctrl Pts',(62.9467947781086,-6.54024481773376,0.02));
#9992=CARTESIAN_POINT('Ctrl Pts',(63.0096384224187,-6.53724158507538,0.02));
#9993=CARTESIAN_POINT('Ctrl Pts',(63.1315359610211,-6.53141622798595,0.02));
#9994=CARTESIAN_POINT('Ctrl Pts',(63.2428162044194,-6.48153268717368,0.02));
#9995=CARTESIAN_POINT('Ctrl Pts',(63.2967264950275,-6.45736634731293,0.02));
#9996=CARTESIAN_POINT('Ctrl Pts',(62.4618013203144,-6.3990443944931,0.));
#9997=CARTESIAN_POINT('Ctrl Pts',(62.4618013203144,-6.3990443944931,0.02));
#9998=CARTESIAN_POINT('Ctrl Pts',(62.5366488214462,-6.44022675879457,0.));
#9999=CARTESIAN_POINT('Ctrl Pts',(62.5366488214462,-6.44022675879457,0.02));
#10000=CARTESIAN_POINT('Ctrl Pts',(62.6877561800158,-6.52336858978626,0.));
#10001=CARTESIAN_POINT('Ctrl Pts',(62.6877561800158,-6.52336858978626,0.02));
#10002=CARTESIAN_POINT('Ctrl Pts',(62.8599122147015,-6.53458446458363,0.));
#10003=CARTESIAN_POINT('Ctrl Pts',(62.8599122147015,-6.53458446458363,0.02));
#10004=CARTESIAN_POINT('Ctrl Pts',(62.9467947781086,-6.54024481773376,0.));
#10005=CARTESIAN_POINT('Ctrl Pts',(62.9467947781086,-6.54024481773376,0.02));
#10006=CARTESIAN_POINT('',(62.4618013203144,-6.3990443944931,0.));
#10007=CARTESIAN_POINT('Ctrl Pts',(62.4618013203144,-6.3990443944931,0.));
#10008=CARTESIAN_POINT('Ctrl Pts',(62.5366488214462,-6.44022675879457,0.));
#10009=CARTESIAN_POINT('Ctrl Pts',(62.6877561800158,-6.52336858978626,0.));
#10010=CARTESIAN_POINT('Ctrl Pts',(62.8599122147015,-6.53458446458363,0.));
#10011=CARTESIAN_POINT('Ctrl Pts',(62.9467947781086,-6.54024481773376,0.));
#10012=CARTESIAN_POINT('',(62.4618013203144,-6.3990443944931,0.02));
#10013=CARTESIAN_POINT('',(62.4618013203144,-6.3990443944931,0.));
#10014=CARTESIAN_POINT('Ctrl Pts',(62.4618013203144,-6.3990443944931,0.02));
#10015=CARTESIAN_POINT('Ctrl Pts',(62.5366488214462,-6.44022675879457,0.02));
#10016=CARTESIAN_POINT('Ctrl Pts',(62.6877561800158,-6.52336858978626,0.02));
#10017=CARTESIAN_POINT('Ctrl Pts',(62.8599122147015,-6.53458446458363,0.02));
#10018=CARTESIAN_POINT('Ctrl Pts',(62.9467947781086,-6.54024481773376,0.02));
#10019=CARTESIAN_POINT('Ctrl Pts',(62.1364267170429,-5.99283695220947,0.));
#10020=CARTESIAN_POINT('Ctrl Pts',(62.1364267170429,-5.99283695220947,0.02));
#10021=CARTESIAN_POINT('Ctrl Pts',(62.176073260777,-6.0753347865062,0.));
#10022=CARTESIAN_POINT('Ctrl Pts',(62.176073260777,-6.0753347865062,0.02));
#10023=CARTESIAN_POINT('Ctrl Pts',(62.2532791617154,-6.23598736860962,0.));
#10024=CARTESIAN_POINT('Ctrl Pts',(62.2532791617154,-6.23598736860962,0.02));
#10025=CARTESIAN_POINT('Ctrl Pts',(62.3935580351374,-6.34568053526471,0.));
#10026=CARTESIAN_POINT('Ctrl Pts',(62.3935580351374,-6.34568053526471,0.02));
#10027=CARTESIAN_POINT('Ctrl Pts',(62.4618013203144,-6.3990443944931,0.));
#10028=CARTESIAN_POINT('Ctrl Pts',(62.4618013203144,-6.3990443944931,0.02));
#10029=CARTESIAN_POINT('',(62.1364267170429,-5.99283695220947,0.));
#10030=CARTESIAN_POINT('Ctrl Pts',(62.1364267170429,-5.99283695220947,0.));
#10031=CARTESIAN_POINT('Ctrl Pts',(62.176073260777,-6.0753347865062,0.));
#10032=CARTESIAN_POINT('Ctrl Pts',(62.2532791617154,-6.23598736860962,0.));
#10033=CARTESIAN_POINT('Ctrl Pts',(62.3935580351374,-6.34568053526471,0.));
#10034=CARTESIAN_POINT('Ctrl Pts',(62.4618013203144,-6.3990443944931,0.));
#10035=CARTESIAN_POINT('',(62.1364267170429,-5.99283695220947,0.02));
#10036=CARTESIAN_POINT('',(62.1364267170429,-5.99283695220947,0.));
#10037=CARTESIAN_POINT('Ctrl Pts',(62.1364267170429,-5.99283695220947,0.02));
#10038=CARTESIAN_POINT('Ctrl Pts',(62.176073260777,-6.0753347865062,0.02));
#10039=CARTESIAN_POINT('Ctrl Pts',(62.2532791617154,-6.23598736860962,0.02));
#10040=CARTESIAN_POINT('Ctrl Pts',(62.3935580351374,-6.34568053526471,0.02));
#10041=CARTESIAN_POINT('Ctrl Pts',(62.4618013203144,-6.3990443944931,0.02));
#10042=CARTESIAN_POINT('Ctrl Pts',(62.0279677212238,-5.40245532989502,0.));
#10043=CARTESIAN_POINT('Ctrl Pts',(62.0279677212238,-5.40245532989502,0.02));
#10044=CARTESIAN_POINT('Ctrl Pts',(62.0318637177839,-5.50684473417241,0.));
#10045=CARTESIAN_POINT('Ctrl Pts',(62.0318637177839,-5.50684473417241,0.02));
#10046=CARTESIAN_POINT('Ctrl Pts',(62.0394081171382,-5.70898951075813,0.));
#10047=CARTESIAN_POINT('Ctrl Pts',(62.0394081171382,-5.70898951075813,0.02));
#10048=CARTESIAN_POINT('Ctrl Pts',(62.1048025601711,-5.90031411612497,0.));
#10049=CARTESIAN_POINT('Ctrl Pts',(62.1048025601711,-5.90031411612497,0.02));
#10050=CARTESIAN_POINT('Ctrl Pts',(62.1364267170429,-5.99283695220947,0.));
#10051=CARTESIAN_POINT('Ctrl Pts',(62.1364267170429,-5.99283695220947,0.02));
#10052=CARTESIAN_POINT('',(62.0279677212238,-5.40245532989502,0.));
#10053=CARTESIAN_POINT('Ctrl Pts',(62.0279677212238,-5.40245532989502,0.));
#10054=CARTESIAN_POINT('Ctrl Pts',(62.0318637177839,-5.50684473417241,0.));
#10055=CARTESIAN_POINT('Ctrl Pts',(62.0394081171382,-5.70898951075813,0.));
#10056=CARTESIAN_POINT('Ctrl Pts',(62.1048025601711,-5.90031411612497,0.));
#10057=CARTESIAN_POINT('Ctrl Pts',(62.1364267170429,-5.99283695220947,0.));
#10058=CARTESIAN_POINT('',(62.0279677212238,-5.40245532989502,0.02));
#10059=CARTESIAN_POINT('',(62.0279677212238,-5.40245532989502,0.));
#10060=CARTESIAN_POINT('Ctrl Pts',(62.0279677212238,-5.40245532989502,0.02));
#10061=CARTESIAN_POINT('Ctrl Pts',(62.0318637177839,-5.50684473417241,0.02));
#10062=CARTESIAN_POINT('Ctrl Pts',(62.0394081171382,-5.70898951075813,0.02));
#10063=CARTESIAN_POINT('Ctrl Pts',(62.1048025601711,-5.90031411612497,0.02));
#10064=CARTESIAN_POINT('Ctrl Pts',(62.1364267170429,-5.99283695220947,0.02));
#10065=CARTESIAN_POINT('Ctrl Pts',(62.1476800739765,-4.81207311153412,0.));
#10066=CARTESIAN_POINT('Ctrl Pts',(62.1476800739765,-4.81207311153412,0.02));
#10067=CARTESIAN_POINT('Ctrl Pts',(62.1127812826304,-4.90304303178312,0.));
#10068=CARTESIAN_POINT('Ctrl Pts',(62.1127812826304,-4.90304303178312,0.02));
#10069=CARTESIAN_POINT('Ctrl Pts',(62.0399108517086,-5.09299279891736,0.));
#10070=CARTESIAN_POINT('Ctrl Pts',(62.0399108517086,-5.09299279891736,0.02));
#10071=CARTESIAN_POINT('Ctrl Pts',(62.0320591302361,-5.29644143430721,0.));
#10072=CARTESIAN_POINT('Ctrl Pts',(62.0320591302361,-5.29644143430721,0.02));
#10073=CARTESIAN_POINT('Ctrl Pts',(62.0279677212238,-5.40245532989502,0.));
#10074=CARTESIAN_POINT('Ctrl Pts',(62.0279677212238,-5.40245532989502,0.02));
#10075=CARTESIAN_POINT('',(62.1476800739765,-4.81207311153412,0.));
#10076=CARTESIAN_POINT('Ctrl Pts',(62.1476800739765,-4.81207311153412,0.));
#10077=CARTESIAN_POINT('Ctrl Pts',(62.1127812826304,-4.90304303178312,0.));
#10078=CARTESIAN_POINT('Ctrl Pts',(62.0399108517086,-5.09299279891736,0.));
#10079=CARTESIAN_POINT('Ctrl Pts',(62.0320591302361,-5.29644143430721,0.));
#10080=CARTESIAN_POINT('Ctrl Pts',(62.0279677212238,-5.40245532989502,0.));
#10081=CARTESIAN_POINT('',(62.1476800739765,-4.81207311153412,0.02));
#10082=CARTESIAN_POINT('',(62.1476800739765,-4.81207311153412,0.));
#10083=CARTESIAN_POINT('Ctrl Pts',(62.1476800739765,-4.81207311153412,0.02));
#10084=CARTESIAN_POINT('Ctrl Pts',(62.1127812826304,-4.90304303178312,0.02));
#10085=CARTESIAN_POINT('Ctrl Pts',(62.0399108517086,-5.09299279891736,0.02));
#10086=CARTESIAN_POINT('Ctrl Pts',(62.0320591302361,-5.29644143430721,0.02));
#10087=CARTESIAN_POINT('Ctrl Pts',(62.0279677212238,-5.40245532989502,0.02));
#10088=CARTESIAN_POINT('Ctrl Pts',(62.4853356182575,-4.41200494766235,0.));
#10089=CARTESIAN_POINT('Ctrl Pts',(62.4853356182575,-4.41200494766235,0.02));
#10090=CARTESIAN_POINT('Ctrl Pts',(62.4163664885538,-4.46538973573157,0.));
#10091=CARTESIAN_POINT('Ctrl Pts',(62.4163664885538,-4.46538973573157,0.02));
#10092=CARTESIAN_POINT('Ctrl Pts',(62.2753328830939,-4.57455523006868,0.));
#10093=CARTESIAN_POINT('Ctrl Pts',(62.2753328830939,-4.57455523006868,0.02));
#10094=CARTESIAN_POINT('Ctrl Pts',(62.1908490819533,-4.73175046614549,0.));
#10095=CARTESIAN_POINT('Ctrl Pts',(62.1908490819533,-4.73175046614549,0.02));
#10096=CARTESIAN_POINT('Ctrl Pts',(62.1476800739765,-4.81207311153412,0.));
#10097=CARTESIAN_POINT('Ctrl Pts',(62.1476800739765,-4.81207311153412,0.02));
#10098=CARTESIAN_POINT('',(62.4853356182575,-4.41200494766235,0.));
#10099=CARTESIAN_POINT('Ctrl Pts',(62.4853356182575,-4.41200494766235,0.));
#10100=CARTESIAN_POINT('Ctrl Pts',(62.4163664885538,-4.46538973573157,0.));
#10101=CARTESIAN_POINT('Ctrl Pts',(62.2753328830939,-4.57455523006868,0.));
#10102=CARTESIAN_POINT('Ctrl Pts',(62.1908490819533,-4.73175046614549,0.));
#10103=CARTESIAN_POINT('Ctrl Pts',(62.1476800739765,-4.81207311153412,0.));
#10104=CARTESIAN_POINT('',(62.4853356182575,-4.41200494766235,0.02));
#10105=CARTESIAN_POINT('',(62.4853356182575,-4.41200494766235,0.));
#10106=CARTESIAN_POINT('Ctrl Pts',(62.4853356182575,-4.41200494766235,0.02));
#10107=CARTESIAN_POINT('Ctrl Pts',(62.4163664885538,-4.46538973573157,0.02));
#10108=CARTESIAN_POINT('Ctrl Pts',(62.2753328830939,-4.57455523006868,0.02));
#10109=CARTESIAN_POINT('Ctrl Pts',(62.1908490819533,-4.73175046614549,0.02));
#10110=CARTESIAN_POINT('Ctrl Pts',(62.1476800739765,-4.81207311153412,0.02));
#10111=CARTESIAN_POINT('Ctrl Pts',(62.9631645977497,-4.26875829696655,0.));
#10112=CARTESIAN_POINT('Ctrl Pts',(62.9631645977497,-4.26875829696655,0.02));
#10113=CARTESIAN_POINT('Ctrl Pts',(62.8782486707879,-4.27474910102077,0.));
#10114=CARTESIAN_POINT('Ctrl Pts',(62.8782486707879,-4.27474910102077,0.02));
#10115=CARTESIAN_POINT('Ctrl Pts',(62.7082585738304,-4.28674187314804,0.));
#10116=CARTESIAN_POINT('Ctrl Pts',(62.7082585738304,-4.28674187314804,0.02));
#10117=CARTESIAN_POINT('Ctrl Pts',(62.5596893709211,-4.37022468489678,0.));
#10118=CARTESIAN_POINT('Ctrl Pts',(62.5596893709211,-4.37022468489678,0.02));
#10119=CARTESIAN_POINT('Ctrl Pts',(62.4853356182575,-4.41200494766235,0.));
#10120=CARTESIAN_POINT('Ctrl Pts',(62.4853356182575,-4.41200494766235,0.02));
#10121=CARTESIAN_POINT('',(62.9631645977497,-4.26875829696655,0.));
#10122=CARTESIAN_POINT('Ctrl Pts',(62.9631645977497,-4.26875829696655,0.));
#10123=CARTESIAN_POINT('Ctrl Pts',(62.8782486707879,-4.27474910102077,0.));
#10124=CARTESIAN_POINT('Ctrl Pts',(62.7082585738304,-4.28674187314804,0.));
#10125=CARTESIAN_POINT('Ctrl Pts',(62.5596893709211,-4.37022468489678,0.));
#10126=CARTESIAN_POINT('Ctrl Pts',(62.4853356182575,-4.41200494766235,0.));
#10127=CARTESIAN_POINT('',(62.9631645977497,-4.26875829696655,0.02));
#10128=CARTESIAN_POINT('',(62.9631645977497,-4.26875829696655,0.));
#10129=CARTESIAN_POINT('Ctrl Pts',(62.9631645977497,-4.26875829696655,0.02));
#10130=CARTESIAN_POINT('Ctrl Pts',(62.8782486707879,-4.27474910102077,0.02));
#10131=CARTESIAN_POINT('Ctrl Pts',(62.7082585738304,-4.28674187314804,0.02));
#10132=CARTESIAN_POINT('Ctrl Pts',(62.5596893709211,-4.37022468489678,0.02));
#10133=CARTESIAN_POINT('Ctrl Pts',(62.4853356182575,-4.41200494766235,0.02));
#10134=CARTESIAN_POINT('Ctrl Pts',(63.5709412395954,-4.5920866727829,0.));
#10135=CARTESIAN_POINT('Ctrl Pts',(63.5709412395954,-4.5920866727829,0.02));
#10136=CARTESIAN_POINT('Ctrl Pts',(63.4930733682396,-4.49778738479662,0.));
#10137=CARTESIAN_POINT('Ctrl Pts',(63.4930733682396,-4.49778738479662,0.02));
#10138=CARTESIAN_POINT('Ctrl Pts',(63.3352283802252,-4.30663447766301,0.));
#10139=CARTESIAN_POINT('Ctrl Pts',(63.3352283802252,-4.30663447766301,0.02));
#10140=CARTESIAN_POINT('Ctrl Pts',(63.0882858036881,-4.28149566520366,0.));
#10141=CARTESIAN_POINT('Ctrl Pts',(63.0882858036881,-4.28149566520366,0.02));
#10142=CARTESIAN_POINT('Ctrl Pts',(62.9631645977497,-4.26875829696655,0.));
#10143=CARTESIAN_POINT('Ctrl Pts',(62.9631645977497,-4.26875829696655,0.02));
#10144=CARTESIAN_POINT('',(63.5709412395954,-4.5920866727829,0.));
#10145=CARTESIAN_POINT('Ctrl Pts',(63.5709412395954,-4.5920866727829,0.));
#10146=CARTESIAN_POINT('Ctrl Pts',(63.4930733682396,-4.49778738479662,0.));
#10147=CARTESIAN_POINT('Ctrl Pts',(63.3352283802252,-4.30663447766301,0.));
#10148=CARTESIAN_POINT('Ctrl Pts',(63.0882858036881,-4.28149566520366,0.));
#10149=CARTESIAN_POINT('Ctrl Pts',(62.9631645977497,-4.26875829696655,0.));
#10150=CARTESIAN_POINT('',(63.5709412395954,-4.5920866727829,0.02));
#10151=CARTESIAN_POINT('',(63.5709412395954,-4.5920866727829,0.));
#10152=CARTESIAN_POINT('Ctrl Pts',(63.5709412395954,-4.5920866727829,0.02));
#10153=CARTESIAN_POINT('Ctrl Pts',(63.4930733682396,-4.49778738479662,0.02));
#10154=CARTESIAN_POINT('Ctrl Pts',(63.3352283802252,-4.30663447766301,0.02));
#10155=CARTESIAN_POINT('Ctrl Pts',(63.0882858036881,-4.28149566520366,0.02));
#10156=CARTESIAN_POINT('Ctrl Pts',(62.9631645977497,-4.26875829696655,0.02));
#10157=CARTESIAN_POINT('Origin',(63.5709412395954,-4.31787133216858,0.));
#10158=CARTESIAN_POINT('',(63.5709412395954,-4.31787133216858,0.));
#10159=CARTESIAN_POINT('',(63.5709412395954,-15.3539356660843,0.));
#10160=CARTESIAN_POINT('',(63.5709412395954,-4.31787133216858,0.02));
#10161=CARTESIAN_POINT('',(63.5709412395954,-4.31787133216858,0.));
#10162=CARTESIAN_POINT('',(63.5709412395954,-4.31787133216858,0.02));
#10163=CARTESIAN_POINT('Origin',(63.9126880466938,-4.31787133216858,0.));
#10164=CARTESIAN_POINT('',(46.3563440233469,-4.31787133216858,0.));
#10165=CARTESIAN_POINT('',(63.9126880466938,-4.31787133216858,0.02));
#10166=CARTESIAN_POINT('Origin',(52.9563443362713,-8.13437923789024,0.02));
#10167=CARTESIAN_POINT('Origin',(50.4106421768665,-5.45566141605377,0.));
#10168=CARTESIAN_POINT('',(50.4106421768665,-5.45566141605377,0.));
#10169=CARTESIAN_POINT('',(50.4106421768665,-4.31787133216858,0.));
#10170=CARTESIAN_POINT('',(50.4106421768665,-15.9228307080269,0.));
#10171=CARTESIAN_POINT('',(50.4106421768665,-5.45566141605377,0.02));
#10172=CARTESIAN_POINT('',(50.4106421768665,-5.45566141605377,0.));
#10173=CARTESIAN_POINT('',(50.4106421768665,-4.31787133216858,0.02));
#10174=CARTESIAN_POINT('',(50.4106421768665,-5.45566141605377,0.02));
#10175=CARTESIAN_POINT('',(50.4106421768665,-4.31787133216858,0.));
#10176=CARTESIAN_POINT('Ctrl Pts',(50.4720331728458,-5.88540196418762,0.));
#10177=CARTESIAN_POINT('Ctrl Pts',(50.4720331728458,-5.88540196418762,0.02));
#10178=CARTESIAN_POINT('Ctrl Pts',(50.4541327035639,-5.8172190791793,0.));
#10179=CARTESIAN_POINT('Ctrl Pts',(50.4541327035639,-5.8172190791793,0.02));
#10180=CARTESIAN_POINT('Ctrl Pts',(50.417155290161,-5.67637211666489,0.));
#10181=CARTESIAN_POINT('Ctrl Pts',(50.417155290161,-5.67637211666489,0.02));
#10182=CARTESIAN_POINT('Ctrl Pts',(50.4128587806037,-5.53077574950505,0.));
#10183=CARTESIAN_POINT('Ctrl Pts',(50.4128587806037,-5.53077574950505,0.02));
#10184=CARTESIAN_POINT('Ctrl Pts',(50.4106421768665,-5.45566141605377,0.));
#10185=CARTESIAN_POINT('Ctrl Pts',(50.4106421768665,-5.45566141605377,0.02));
#10186=CARTESIAN_POINT('',(50.4720331728458,-5.88540196418762,0.));
#10187=CARTESIAN_POINT('Ctrl Pts',(50.4720331728458,-5.88540196418762,0.));
#10188=CARTESIAN_POINT('Ctrl Pts',(50.4541327035639,-5.8172190791793,0.));
#10189=CARTESIAN_POINT('Ctrl Pts',(50.417155290161,-5.67637211666489,0.));
#10190=CARTESIAN_POINT('Ctrl Pts',(50.4128587806037,-5.53077574950505,0.));
#10191=CARTESIAN_POINT('Ctrl Pts',(50.4106421768665,-5.45566141605377,0.));
#10192=CARTESIAN_POINT('',(50.4720331728458,-5.88540196418762,0.02));
#10193=CARTESIAN_POINT('',(50.4720331728458,-5.88540196418762,0.));
#10194=CARTESIAN_POINT('Ctrl Pts',(50.4720331728458,-5.88540196418762,0.02));
#10195=CARTESIAN_POINT('Ctrl Pts',(50.4541327035639,-5.8172190791793,0.02));
#10196=CARTESIAN_POINT('Ctrl Pts',(50.417155290161,-5.67637211666489,0.02));
#10197=CARTESIAN_POINT('Ctrl Pts',(50.4128587806037,-5.53077574950505,0.02));
#10198=CARTESIAN_POINT('Ctrl Pts',(50.4106421768665,-5.45566141605377,0.02));
#10199=CARTESIAN_POINT('Ctrl Pts',(50.6091411411762,-6.08697116374969,0.));
#10200=CARTESIAN_POINT('Ctrl Pts',(50.6091411411762,-6.08697116374969,0.02));
#10201=CARTESIAN_POINT('Ctrl Pts',(50.5791892727636,-6.05978178609877,0.));
#10202=CARTESIAN_POINT('Ctrl Pts',(50.5791892727636,-6.05978178609877,0.02));
#10203=CARTESIAN_POINT('Ctrl Pts',(50.5173741238389,-6.00366791014584,0.));
#10204=CARTESIAN_POINT('Ctrl Pts',(50.5173741238389,-6.00366791014584,0.02));
#10205=CARTESIAN_POINT('Ctrl Pts',(50.4874552016828,-5.92562831121065,0.));
#10206=CARTESIAN_POINT('Ctrl Pts',(50.4874552016828,-5.92562831121065,0.02));
#10207=CARTESIAN_POINT('Ctrl Pts',(50.4720331728458,-5.88540196418762,0.));
#10208=CARTESIAN_POINT('Ctrl Pts',(50.4720331728458,-5.88540196418762,0.02));
#10209=CARTESIAN_POINT('',(50.6091411411762,-6.08697116374969,0.));
#10210=CARTESIAN_POINT('Ctrl Pts',(50.6091411411762,-6.08697116374969,0.));
#10211=CARTESIAN_POINT('Ctrl Pts',(50.5791892727636,-6.05978178609877,0.));
#10212=CARTESIAN_POINT('Ctrl Pts',(50.5173741238389,-6.00366791014584,0.));
#10213=CARTESIAN_POINT('Ctrl Pts',(50.4874552016828,-5.92562831121065,0.));
#10214=CARTESIAN_POINT('Ctrl Pts',(50.4720331728458,-5.88540196418762,0.));
#10215=CARTESIAN_POINT('',(50.6091411411762,-6.08697116374969,0.02));
#10216=CARTESIAN_POINT('',(50.6091411411762,-6.08697116374969,0.));
#10217=CARTESIAN_POINT('Ctrl Pts',(50.6091411411762,-6.08697116374969,0.02));
#10218=CARTESIAN_POINT('Ctrl Pts',(50.5791892727636,-6.05978178609877,0.02));
#10219=CARTESIAN_POINT('Ctrl Pts',(50.5173741238389,-6.00366791014584,0.02));
#10220=CARTESIAN_POINT('Ctrl Pts',(50.4874552016828,-5.92562831121065,0.02));
#10221=CARTESIAN_POINT('Ctrl Pts',(50.4720331728458,-5.88540196418762,0.02));
#10222=CARTESIAN_POINT('Ctrl Pts',(50.8260579407215,-6.15961790084839,0.));
#10223=CARTESIAN_POINT('Ctrl Pts',(50.8260579407215,-6.15961790084839,0.02));
#10224=CARTESIAN_POINT('Ctrl Pts',(50.7868430680301,-6.15659651636255,0.));
#10225=CARTESIAN_POINT('Ctrl Pts',(50.7868430680301,-6.15659651636255,0.02));
#10226=CARTESIAN_POINT('Ctrl Pts',(50.7084488339918,-6.15055648342999,0.));
#10227=CARTESIAN_POINT('Ctrl Pts',(50.7084488339918,-6.15055648342999,0.02));
#10228=CARTESIAN_POINT('Ctrl Pts',(50.6422337073141,-6.10815986864513,0.));
#10229=CARTESIAN_POINT('Ctrl Pts',(50.6422337073141,-6.10815986864513,0.02));
#10230=CARTESIAN_POINT('Ctrl Pts',(50.6091411411762,-6.08697116374969,0.));
#10231=CARTESIAN_POINT('Ctrl Pts',(50.6091411411762,-6.08697116374969,0.02));
#10232=CARTESIAN_POINT('',(50.8260579407215,-6.15961790084839,0.));
#10233=CARTESIAN_POINT('Ctrl Pts',(50.8260579407215,-6.15961790084839,0.));
#10234=CARTESIAN_POINT('Ctrl Pts',(50.7868430680301,-6.15659651636255,0.));
#10235=CARTESIAN_POINT('Ctrl Pts',(50.7084488339918,-6.15055648342999,0.));
#10236=CARTESIAN_POINT('Ctrl Pts',(50.6422337073141,-6.10815986864513,0.));
#10237=CARTESIAN_POINT('Ctrl Pts',(50.6091411411762,-6.08697116374969,0.));
#10238=CARTESIAN_POINT('',(50.8260579407215,-6.15961790084839,0.02));
#10239=CARTESIAN_POINT('',(50.8260579407215,-6.15961790084839,0.));
#10240=CARTESIAN_POINT('Ctrl Pts',(50.8260579407215,-6.15961790084839,0.02));
#10241=CARTESIAN_POINT('Ctrl Pts',(50.7868430680301,-6.15659651636255,0.02));
#10242=CARTESIAN_POINT('Ctrl Pts',(50.7084488339918,-6.15055648342999,0.02));
#10243=CARTESIAN_POINT('Ctrl Pts',(50.6422337073141,-6.10815986864513,0.02));
#10244=CARTESIAN_POINT('Ctrl Pts',(50.6091411411762,-6.08697116374969,0.02));
#10245=CARTESIAN_POINT('Ctrl Pts',(51.0961808264256,-6.07980847358704,0.));
#10246=CARTESIAN_POINT('Ctrl Pts',(51.0961808264256,-6.07980847358704,0.02));
#10247=CARTESIAN_POINT('Ctrl Pts',(51.0521204906305,-6.10307562133358,0.));
#10248=CARTESIAN_POINT('Ctrl Pts',(51.0521204906305,-6.10307562133358,0.02));
#10249=CARTESIAN_POINT('Ctrl Pts',(50.9673412007848,-6.1478454177296,0.));
#10250=CARTESIAN_POINT('Ctrl Pts',(50.9673412007848,-6.1478454177296,0.02));
#10251=CARTESIAN_POINT('Ctrl Pts',(50.8718984751866,-6.15579822031508,0.));
#10252=CARTESIAN_POINT('Ctrl Pts',(50.8718984751866,-6.15579822031508,0.02));
#10253=CARTESIAN_POINT('Ctrl Pts',(50.8260579407215,-6.15961790084839,0.));
#10254=CARTESIAN_POINT('Ctrl Pts',(50.8260579407215,-6.15961790084839,0.02));
#10255=CARTESIAN_POINT('',(51.0961808264256,-6.07980847358704,0.));
#10256=CARTESIAN_POINT('Ctrl Pts',(51.0961808264256,-6.07980847358704,0.));
#10257=CARTESIAN_POINT('Ctrl Pts',(51.0521204906305,-6.10307562133358,0.));
#10258=CARTESIAN_POINT('Ctrl Pts',(50.9673412007848,-6.1478454177296,0.));
#10259=CARTESIAN_POINT('Ctrl Pts',(50.8718984751866,-6.15579822031508,0.));
#10260=CARTESIAN_POINT('Ctrl Pts',(50.8260579407215,-6.15961790084839,0.));
#10261=CARTESIAN_POINT('',(51.0961808264256,-6.07980847358704,0.02));
#10262=CARTESIAN_POINT('',(51.0961808264256,-6.07980847358704,0.));
#10263=CARTESIAN_POINT('Ctrl Pts',(51.0961808264256,-6.07980847358704,0.02));
#10264=CARTESIAN_POINT('Ctrl Pts',(51.0521204906305,-6.10307562133358,0.02));
#10265=CARTESIAN_POINT('Ctrl Pts',(50.9673412007848,-6.1478454177296,0.02));
#10266=CARTESIAN_POINT('Ctrl Pts',(50.8718984751866,-6.15579822031508,0.02));
#10267=CARTESIAN_POINT('Ctrl Pts',(50.8260579407215,-6.15961790084839,0.02));
#10268=CARTESIAN_POINT('Origin',(51.2230564653873,-6.42155468463898,0.));
#10269=CARTESIAN_POINT('',(51.2230564653873,-6.42155468463898,0.));
#10270=CARTESIAN_POINT('',(53.1226412134154,-11.5381861792488,0.));
#10271=CARTESIAN_POINT('',(51.2230564653873,-6.42155468463898,0.02));
#10272=CARTESIAN_POINT('',(51.2230564653873,-6.42155468463898,0.));
#10273=CARTESIAN_POINT('',(51.2230564653873,-6.42155468463898,0.02));
#10274=CARTESIAN_POINT('Ctrl Pts',(50.8444757759571,-6.54024481773376,0.));
#10275=CARTESIAN_POINT('Ctrl Pts',(50.8444757759571,-6.54024481773376,0.02));
#10276=CARTESIAN_POINT('Ctrl Pts',(50.9082857911921,-6.53436198449257,0.));
#10277=CARTESIAN_POINT('Ctrl Pts',(50.9082857911921,-6.53436198449257,0.02));
#10278=CARTESIAN_POINT('Ctrl Pts',(51.0427813445754,-6.52196244330264,0.));
#10279=CARTESIAN_POINT('Ctrl Pts',(51.0427813445754,-6.52196244330264,0.02));
#10280=CARTESIAN_POINT('Ctrl Pts',(51.1609511133092,-6.45614547661901,0.));
#10281=CARTESIAN_POINT('Ctrl Pts',(51.1609511133092,-6.45614547661901,0.02));
#10282=CARTESIAN_POINT('Ctrl Pts',(51.2230564653873,-6.42155468463898,0.));
#10283=CARTESIAN_POINT('Ctrl Pts',(51.2230564653873,-6.42155468463898,0.02));
#10284=CARTESIAN_POINT('',(50.8444757759571,-6.54024481773376,0.));
#10285=CARTESIAN_POINT('Ctrl Pts',(50.8444757759571,-6.54024481773376,0.));
#10286=CARTESIAN_POINT('Ctrl Pts',(50.9082857911921,-6.53436198449257,0.));
#10287=CARTESIAN_POINT('Ctrl Pts',(51.0427813445754,-6.52196244330264,0.));
#10288=CARTESIAN_POINT('Ctrl Pts',(51.1609511133092,-6.45614547661901,0.));
#10289=CARTESIAN_POINT('Ctrl Pts',(51.2230564653873,-6.42155468463898,0.));
#10290=CARTESIAN_POINT('',(50.8444757759571,-6.54024481773376,0.02));
#10291=CARTESIAN_POINT('',(50.8444757759571,-6.54024481773376,0.));
#10292=CARTESIAN_POINT('Ctrl Pts',(50.8444757759571,-6.54024481773376,0.02));
#10293=CARTESIAN_POINT('Ctrl Pts',(50.9082857911921,-6.53436198449257,0.02));
#10294=CARTESIAN_POINT('Ctrl Pts',(51.0427813445754,-6.52196244330264,0.02));
#10295=CARTESIAN_POINT('Ctrl Pts',(51.1609511133092,-6.45614547661901,0.02));
#10296=CARTESIAN_POINT('Ctrl Pts',(51.2230564653873,-6.42155468463898,0.02));
#10297=CARTESIAN_POINT('Ctrl Pts',(50.6081183254719,-6.46657526493073,0.));
#10298=CARTESIAN_POINT('Ctrl Pts',(50.6081183254719,-6.46657526493073,0.02));
#10299=CARTESIAN_POINT('Ctrl Pts',(50.6447652227183,-6.48806224509583,0.));
#10300=CARTESIAN_POINT('Ctrl Pts',(50.6447652227183,-6.48806224509583,0.02));
#10301=CARTESIAN_POINT('Ctrl Pts',(50.7178562471233,-6.53091731631994,0.));
#10302=CARTESIAN_POINT('Ctrl Pts',(50.7178562471233,-6.53091731631994,0.02));
#10303=CARTESIAN_POINT('Ctrl Pts',(50.8023473985028,-6.53714140624672,0.));
#10304=CARTESIAN_POINT('Ctrl Pts',(50.8023473985028,-6.53714140624672,0.02));
#10305=CARTESIAN_POINT('Ctrl Pts',(50.8444757759571,-6.54024481773376,0.));
#10306=CARTESIAN_POINT('Ctrl Pts',(50.8444757759571,-6.54024481773376,0.02));
#10307=CARTESIAN_POINT('',(50.6081183254719,-6.46657526493073,0.));
#10308=CARTESIAN_POINT('Ctrl Pts',(50.6081183254719,-6.46657526493073,0.));
#10309=CARTESIAN_POINT('Ctrl Pts',(50.6447652227183,-6.48806224509583,0.));
#10310=CARTESIAN_POINT('Ctrl Pts',(50.7178562471233,-6.53091731631994,0.));
#10311=CARTESIAN_POINT('Ctrl Pts',(50.8023473985028,-6.53714140624672,0.));
#10312=CARTESIAN_POINT('Ctrl Pts',(50.8444757759571,-6.54024481773376,0.));
#10313=CARTESIAN_POINT('',(50.6081183254719,-6.46657526493073,0.02));
#10314=CARTESIAN_POINT('',(50.6081183254719,-6.46657526493073,0.));
#10315=CARTESIAN_POINT('Ctrl Pts',(50.6081183254719,-6.46657526493073,0.02));
#10316=CARTESIAN_POINT('Ctrl Pts',(50.6447652227183,-6.48806224509583,0.02));
#10317=CARTESIAN_POINT('Ctrl Pts',(50.7178562471233,-6.53091731631994,0.02));
#10318=CARTESIAN_POINT('Ctrl Pts',(50.8023473985028,-6.53714140624672,0.02));
#10319=CARTESIAN_POINT('Ctrl Pts',(50.8444757759571,-6.54024481773376,0.02));
#10320=CARTESIAN_POINT('Ctrl Pts',(50.3738071024418,-6.16166412830353,0.));
#10321=CARTESIAN_POINT('Ctrl Pts',(50.3738071024418,-6.16166412830353,0.02));
#10322=CARTESIAN_POINT('Ctrl Pts',(50.4107351297156,-6.22860567314703,0.));
#10323=CARTESIAN_POINT('Ctrl Pts',(50.4107351297156,-6.22860567314703,0.02));
#10324=CARTESIAN_POINT('Ctrl Pts',(50.4735451389252,-6.34246496535753,0.));
#10325=CARTESIAN_POINT('Ctrl Pts',(50.4735451389252,-6.34246496535753,0.02));
#10326=CARTESIAN_POINT('Ctrl Pts',(50.5688473525434,-6.43035755812184,0.));
#10327=CARTESIAN_POINT('Ctrl Pts',(50.5688473525434,-6.43035755812184,0.02));
#10328=CARTESIAN_POINT('Ctrl Pts',(50.6081183254719,-6.46657526493073,0.));
#10329=CARTESIAN_POINT('Ctrl Pts',(50.6081183254719,-6.46657526493073,0.02));
#10330=CARTESIAN_POINT('',(50.3738071024418,-6.16166412830353,0.));
#10331=CARTESIAN_POINT('Ctrl Pts',(50.3738071024418,-6.16166412830353,0.));
#10332=CARTESIAN_POINT('Ctrl Pts',(50.4107351297156,-6.22860567314703,0.));
#10333=CARTESIAN_POINT('Ctrl Pts',(50.4735451389252,-6.34246496535753,0.));
#10334=CARTESIAN_POINT('Ctrl Pts',(50.5688473525434,-6.43035755812184,0.));
#10335=CARTESIAN_POINT('Ctrl Pts',(50.6081183254719,-6.46657526493073,0.));
#10336=CARTESIAN_POINT('',(50.3738071024418,-6.16166412830353,0.02));
#10337=CARTESIAN_POINT('',(50.3738071024418,-6.16166412830353,0.));
#10338=CARTESIAN_POINT('Ctrl Pts',(50.3738071024418,-6.16166412830353,0.02));
#10339=CARTESIAN_POINT('Ctrl Pts',(50.4107351297156,-6.22860567314703,0.02));
#10340=CARTESIAN_POINT('Ctrl Pts',(50.4735451389252,-6.34246496535753,0.02));
#10341=CARTESIAN_POINT('Ctrl Pts',(50.5688473525434,-6.43035755812184,0.02));
#10342=CARTESIAN_POINT('Ctrl Pts',(50.6081183254719,-6.46657526493073,0.02));
#10343=CARTESIAN_POINT('Origin',(50.3738071024418,-6.49113178253174,0.));
#10344=CARTESIAN_POINT('',(50.3738071024418,-6.49113178253174,0.));
#10345=CARTESIAN_POINT('',(50.3738071024418,-16.4405658912659,0.));
#10346=CARTESIAN_POINT('',(50.3738071024418,-6.49113178253174,0.02));
#10347=CARTESIAN_POINT('',(50.3738071024418,-6.49113178253174,0.));
#10348=CARTESIAN_POINT('',(50.3738071024418,-6.49113178253174,0.02));
#10349=CARTESIAN_POINT('Origin',(50.042292624712,-6.49113178253174,0.));
#10350=CARTESIAN_POINT('',(50.042292624712,-6.49113178253174,0.));
#10351=CARTESIAN_POINT('',(39.421146312356,-6.49113178253174,0.));
#10352=CARTESIAN_POINT('',(50.042292624712,-6.49113178253174,0.02));
#10353=CARTESIAN_POINT('',(50.042292624712,-6.49113178253174,0.));
#10354=CARTESIAN_POINT('',(50.042292624712,-6.49113178253174,0.02));
#10355=CARTESIAN_POINT('Origin',(50.042292624712,-4.31787133216858,0.));
#10356=CARTESIAN_POINT('',(50.042292624712,-4.31787133216858,0.));
#10357=CARTESIAN_POINT('',(50.042292624712,-15.3539356660843,0.));
#10358=CARTESIAN_POINT('',(50.042292624712,-4.31787133216858,0.02));
#10359=CARTESIAN_POINT('',(50.042292624712,-4.31787133216858,0.));
#10360=CARTESIAN_POINT('',(50.042292624712,-4.31787133216858,0.02));
#10361=CARTESIAN_POINT('Origin',(50.4106421768665,-4.31787133216858,0.));
#10362=CARTESIAN_POINT('',(39.6053210884333,-4.31787133216858,0.));
#10363=CARTESIAN_POINT('',(50.4106421768665,-4.31787133216858,0.02));
#10364=CARTESIAN_POINT('Origin',(52.9563443362713,-8.13437923789024,0.02));
#10365=CARTESIAN_POINT('Ctrl Pts',(54.7019119560719,-6.23738050460815,0.));
#10366=CARTESIAN_POINT('Ctrl Pts',(54.7019119560719,-6.23738050460815,0.02));
#10367=CARTESIAN_POINT('Ctrl Pts',(54.6231681526124,-6.22744112916817,0.));
#10368=CARTESIAN_POINT('Ctrl Pts',(54.6231681526124,-6.22744112916817,0.02));
#10369=CARTESIAN_POINT('Ctrl Pts',(54.459764026599,-6.20681557026025,0.));
#10370=CARTESIAN_POINT('Ctrl Pts',(54.459764026599,-6.20681557026025,0.02));
#10371=CARTESIAN_POINT('Ctrl Pts',(54.3442813824141,-6.0887803253746,0.));
#10372=CARTESIAN_POINT('Ctrl Pts',(54.3442813824141,-6.0887803253746,0.02));
#10373=CARTESIAN_POINT('Ctrl Pts',(54.2844493687153,-6.02762579917908,0.));
#10374=CARTESIAN_POINT('Ctrl Pts',(54.2844493687153,-6.02762579917908,0.02));
#10375=CARTESIAN_POINT('',(54.7019119560719,-6.23738050460815,0.));
#10376=CARTESIAN_POINT('',(54.2844493687153,-6.02762579917908,0.));
#10377=CARTESIAN_POINT('Ctrl Pts',(54.7019119560719,-6.23738050460815,0.));
#10378=CARTESIAN_POINT('Ctrl Pts',(54.6231681526124,-6.22744112916817,0.));
#10379=CARTESIAN_POINT('Ctrl Pts',(54.459764026599,-6.20681557026025,0.));
#10380=CARTESIAN_POINT('Ctrl Pts',(54.3442813824141,-6.0887803253746,0.));
#10381=CARTESIAN_POINT('Ctrl Pts',(54.2844493687153,-6.02762579917908,0.));
#10382=CARTESIAN_POINT('',(54.7019119560719,-6.23738050460815,0.02));
#10383=CARTESIAN_POINT('',(54.7019119560719,-6.23738050460815,0.));
#10384=CARTESIAN_POINT('',(54.2844493687153,-6.02762579917908,0.02));
#10385=CARTESIAN_POINT('Ctrl Pts',(54.7019119560719,-6.23738050460815,0.02));
#10386=CARTESIAN_POINT('Ctrl Pts',(54.6231681526124,-6.22744112916817,0.02));
#10387=CARTESIAN_POINT('Ctrl Pts',(54.459764026599,-6.20681557026025,0.02));
#10388=CARTESIAN_POINT('Ctrl Pts',(54.3442813824141,-6.0887803253746,0.02));
#10389=CARTESIAN_POINT('Ctrl Pts',(54.2844493687153,-6.02762579917908,0.02));
#10390=CARTESIAN_POINT('',(54.2844493687153,-6.02762579917908,0.));
#10391=CARTESIAN_POINT('Ctrl Pts',(55.1101656258106,-6.03478789329529,0.));
#10392=CARTESIAN_POINT('Ctrl Pts',(55.1101656258106,-6.03478789329529,0.02));
#10393=CARTESIAN_POINT('Ctrl Pts',(55.0521202856799,-6.09386373532734,0.));
#10394=CARTESIAN_POINT('Ctrl Pts',(55.0521202856799,-6.09386373532734,0.02));
#10395=CARTESIAN_POINT('Ctrl Pts',(54.9391804975164,-6.20880858825878,0.));
#10396=CARTESIAN_POINT('Ctrl Pts',(54.9391804975164,-6.20880858825878,0.02));
#10397=CARTESIAN_POINT('Ctrl Pts',(54.7795166564794,-6.22803533396369,0.));
#10398=CARTESIAN_POINT('Ctrl Pts',(54.7795166564794,-6.22803533396369,0.02));
#10399=CARTESIAN_POINT('Ctrl Pts',(54.7019119560719,-6.23738050460815,0.));
#10400=CARTESIAN_POINT('Ctrl Pts',(54.7019119560719,-6.23738050460815,0.02));
#10401=CARTESIAN_POINT('',(55.1101656258106,-6.03478789329529,0.));
#10402=CARTESIAN_POINT('Ctrl Pts',(55.1101656258106,-6.03478789329529,0.));
#10403=CARTESIAN_POINT('Ctrl Pts',(55.0521202856799,-6.09386373532734,0.));
#10404=CARTESIAN_POINT('Ctrl Pts',(54.9391804975164,-6.20880858825878,0.));
#10405=CARTESIAN_POINT('Ctrl Pts',(54.7795166564794,-6.22803533396369,0.));
#10406=CARTESIAN_POINT('Ctrl Pts',(54.7019119560719,-6.23738050460815,0.));
#10407=CARTESIAN_POINT('',(55.1101656258106,-6.03478789329529,0.02));
#10408=CARTESIAN_POINT('',(55.1101656258106,-6.03478789329529,0.));
#10409=CARTESIAN_POINT('Ctrl Pts',(55.1101656258106,-6.03478789329529,0.02));
#10410=CARTESIAN_POINT('Ctrl Pts',(55.0521202856799,-6.09386373532734,0.02));
#10411=CARTESIAN_POINT('Ctrl Pts',(54.9391804975164,-6.20880858825878,0.02));
#10412=CARTESIAN_POINT('Ctrl Pts',(54.7795166564794,-6.22803533396369,0.02));
#10413=CARTESIAN_POINT('Ctrl Pts',(54.7019119560719,-6.23738050460815,0.02));
#10414=CARTESIAN_POINT('Ctrl Pts',(55.2789922058582,-5.4065477848053,0.));
#10415=CARTESIAN_POINT('Ctrl Pts',(55.2789922058582,-5.4065477848053,0.02));
#10416=CARTESIAN_POINT('Ctrl Pts',(55.2763576295635,-5.53318812985259,0.));
#10417=CARTESIAN_POINT('Ctrl Pts',(55.2763576295635,-5.53318812985259,0.02));
#10418=CARTESIAN_POINT('Ctrl Pts',(55.2716869482443,-5.7577011549813,0.));
#10419=CARTESIAN_POINT('Ctrl Pts',(55.2716869482443,-5.7577011549813,0.02));
#10420=CARTESIAN_POINT('Ctrl Pts',(55.159201685603,-5.95066747090828,0.));
#10421=CARTESIAN_POINT('Ctrl Pts',(55.159201685603,-5.95066747090828,0.02));
#10422=CARTESIAN_POINT('Ctrl Pts',(55.1101656258106,-6.03478789329529,0.));
#10423=CARTESIAN_POINT('Ctrl Pts',(55.1101656258106,-6.03478789329529,0.02));
#10424=CARTESIAN_POINT('',(55.2789922058582,-5.4065477848053,0.));
#10425=CARTESIAN_POINT('Ctrl Pts',(55.2789922058582,-5.4065477848053,0.));
#10426=CARTESIAN_POINT('Ctrl Pts',(55.2763576295635,-5.53318812985259,0.));
#10427=CARTESIAN_POINT('Ctrl Pts',(55.2716869482443,-5.7577011549813,0.));
#10428=CARTESIAN_POINT('Ctrl Pts',(55.159201685603,-5.95066747090828,0.));
#10429=CARTESIAN_POINT('Ctrl Pts',(55.1101656258106,-6.03478789329529,0.));
#10430=CARTESIAN_POINT('',(55.2789922058582,-5.4065477848053,0.02));
#10431=CARTESIAN_POINT('',(55.2789922058582,-5.4065477848053,0.));
#10432=CARTESIAN_POINT('Ctrl Pts',(55.2789922058582,-5.4065477848053,0.02));
#10433=CARTESIAN_POINT('Ctrl Pts',(55.2763576295635,-5.53318812985259,0.02));
#10434=CARTESIAN_POINT('Ctrl Pts',(55.2716869482443,-5.7577011549813,0.02));
#10435=CARTESIAN_POINT('Ctrl Pts',(55.159201685603,-5.95066747090828,0.02));
#10436=CARTESIAN_POINT('Ctrl Pts',(55.1101656258106,-6.03478789329529,0.02));
#10437=CARTESIAN_POINT('Ctrl Pts',(55.1030023396015,-4.78137731552124,0.));
#10438=CARTESIAN_POINT('Ctrl Pts',(55.1030023396015,-4.78137731552124,0.02));
#10439=CARTESIAN_POINT('Ctrl Pts',(55.1541669263072,-4.86626321224485,0.));
#10440=CARTESIAN_POINT('Ctrl Pts',(55.1541669263072,-4.86626321224485,0.02));
#10441=CARTESIAN_POINT('Ctrl Pts',(55.2694380260412,-5.05750663464397,0.));
#10442=CARTESIAN_POINT('Ctrl Pts',(55.2694380260412,-5.05750663464397,0.02));
#10443=CARTESIAN_POINT('Ctrl Pts',(55.2755777042185,-5.28180640434174,0.));
#10444=CARTESIAN_POINT('Ctrl Pts',(55.2755777042185,-5.28180640434174,0.02));
#10445=CARTESIAN_POINT('Ctrl Pts',(55.2789922058582,-5.4065477848053,0.));
#10446=CARTESIAN_POINT('Ctrl Pts',(55.2789922058582,-5.4065477848053,0.02));
#10447=CARTESIAN_POINT('',(55.1030023396015,-4.78137731552124,0.));
#10448=CARTESIAN_POINT('Ctrl Pts',(55.1030023396015,-4.78137731552124,0.));
#10449=CARTESIAN_POINT('Ctrl Pts',(55.1541669263072,-4.86626321224485,0.));
#10450=CARTESIAN_POINT('Ctrl Pts',(55.2694380260412,-5.05750663464397,0.));
#10451=CARTESIAN_POINT('Ctrl Pts',(55.2755777042185,-5.28180640434174,0.));
#10452=CARTESIAN_POINT('Ctrl Pts',(55.2789922058582,-5.4065477848053,0.));
#10453=CARTESIAN_POINT('',(55.1030023396015,-4.78137731552124,0.02));
#10454=CARTESIAN_POINT('',(55.1030023396015,-4.78137731552124,0.));
#10455=CARTESIAN_POINT('Ctrl Pts',(55.1030023396015,-4.78137731552124,0.02));
#10456=CARTESIAN_POINT('Ctrl Pts',(55.1541669263072,-4.86626321224485,0.02));
#10457=CARTESIAN_POINT('Ctrl Pts',(55.2694380260412,-5.05750663464397,0.02));
#10458=CARTESIAN_POINT('Ctrl Pts',(55.2755777042185,-5.28180640434174,0.02));
#10459=CARTESIAN_POINT('Ctrl Pts',(55.2789922058582,-5.4065477848053,0.02));
#10460=CARTESIAN_POINT('Ctrl Pts',(54.6855409443378,-4.57162320613861,0.));
#10461=CARTESIAN_POINT('Ctrl Pts',(54.6855409443378,-4.57162320613861,0.02));
#10462=CARTESIAN_POINT('Ctrl Pts',(54.7642843245003,-4.58156242284195,0.));
#10463=CARTESIAN_POINT('Ctrl Pts',(54.7642843245003,-4.58156242284195,0.02));
#10464=CARTESIAN_POINT('Ctrl Pts',(54.9276880469113,-4.60218771227994,0.));
#10465=CARTESIAN_POINT('Ctrl Pts',(54.9276880469113,-4.60218771227994,0.02));
#10466=CARTESIAN_POINT('Ctrl Pts',(55.0431703440217,-4.72022273773659,0.));
#10467=CARTESIAN_POINT('Ctrl Pts',(55.0431703440217,-4.72022273773659,0.02));
#10468=CARTESIAN_POINT('Ctrl Pts',(55.1030023396015,-4.78137731552124,0.));
#10469=CARTESIAN_POINT('Ctrl Pts',(55.1030023396015,-4.78137731552124,0.02));
#10470=CARTESIAN_POINT('',(54.6855409443378,-4.57162320613861,0.));
#10471=CARTESIAN_POINT('Ctrl Pts',(54.6855409443378,-4.57162320613861,0.));
#10472=CARTESIAN_POINT('Ctrl Pts',(54.7642843245003,-4.58156242284195,0.));
#10473=CARTESIAN_POINT('Ctrl Pts',(54.9276880469113,-4.60218771227994,0.));
#10474=CARTESIAN_POINT('Ctrl Pts',(55.0431703440217,-4.72022273773659,0.));
#10475=CARTESIAN_POINT('Ctrl Pts',(55.1030023396015,-4.78137731552124,0.));
#10476=CARTESIAN_POINT('',(54.6855409443378,-4.57162320613861,0.02));
#10477=CARTESIAN_POINT('',(54.6855409443378,-4.57162320613861,0.));
#10478=CARTESIAN_POINT('Ctrl Pts',(54.6855409443378,-4.57162320613861,0.02));
#10479=CARTESIAN_POINT('Ctrl Pts',(54.7642843245003,-4.58156242284195,0.02));
#10480=CARTESIAN_POINT('Ctrl Pts',(54.9276880469113,-4.60218771227994,0.02));
#10481=CARTESIAN_POINT('Ctrl Pts',(55.0431703440217,-4.72022273773659,0.02));
#10482=CARTESIAN_POINT('Ctrl Pts',(55.1030023396015,-4.78137731552124,0.02));
#10483=CARTESIAN_POINT('Ctrl Pts',(54.2148716747761,-4.85607028007507,0.));
#10484=CARTESIAN_POINT('Ctrl Pts',(54.2148716747761,-4.85607028007507,0.02));
#10485=CARTESIAN_POINT('Ctrl Pts',(54.2760997308089,-4.77313722174076,0.));
#10486=CARTESIAN_POINT('Ctrl Pts',(54.2760997308089,-4.77313722174076,0.02));
#10487=CARTESIAN_POINT('Ctrl Pts',(54.394362304644,-4.61295122907476,0.));
#10488=CARTESIAN_POINT('Ctrl Pts',(54.394362304644,-4.61295122907476,0.02));
#10489=CARTESIAN_POINT('Ctrl Pts',(54.5908033012079,-4.58506965774752,0.));
#10490=CARTESIAN_POINT('Ctrl Pts',(54.5908033012079,-4.58506965774752,0.02));
#10491=CARTESIAN_POINT('Ctrl Pts',(54.6855409443378,-4.57162320613861,0.));
#10492=CARTESIAN_POINT('Ctrl Pts',(54.6855409443378,-4.57162320613861,0.02));
#10493=CARTESIAN_POINT('',(54.2148716747761,-4.85607028007507,0.));
#10494=CARTESIAN_POINT('Ctrl Pts',(54.2148716747761,-4.85607028007507,0.));
#10495=CARTESIAN_POINT('Ctrl Pts',(54.2760997308089,-4.77313722174076,0.));
#10496=CARTESIAN_POINT('Ctrl Pts',(54.394362304644,-4.61295122907476,0.));
#10497=CARTESIAN_POINT('Ctrl Pts',(54.5908033012079,-4.58506965774752,0.));
#10498=CARTESIAN_POINT('Ctrl Pts',(54.6855409443378,-4.57162320613861,0.));
#10499=CARTESIAN_POINT('',(54.2148716747761,-4.85607028007507,0.02));
#10500=CARTESIAN_POINT('',(54.2148716747761,-4.85607028007507,0.));
#10501=CARTESIAN_POINT('Ctrl Pts',(54.2148716747761,-4.85607028007507,0.02));
#10502=CARTESIAN_POINT('Ctrl Pts',(54.2760997308089,-4.77313722174076,0.02));
#10503=CARTESIAN_POINT('Ctrl Pts',(54.394362304644,-4.61295122907476,0.02));
#10504=CARTESIAN_POINT('Ctrl Pts',(54.5908033012079,-4.58506965774752,0.02));
#10505=CARTESIAN_POINT('Ctrl Pts',(54.6855409443378,-4.57162320613861,0.02));
#10506=CARTESIAN_POINT('Ctrl Pts',(54.1084595024586,-5.42087256908417,0.));
#10507=CARTESIAN_POINT('Ctrl Pts',(54.1084595024586,-5.42087256908417,0.02));
#10508=CARTESIAN_POINT('Ctrl Pts',(54.1090823594318,-5.30692515055633,0.));
#10509=CARTESIAN_POINT('Ctrl Pts',(54.1090823594318,-5.30692515055633,0.02));
#10510=CARTESIAN_POINT('Ctrl Pts',(54.1101510857723,-5.11140898417743,0.));
#10511=CARTESIAN_POINT('Ctrl Pts',(54.1101510857723,-5.11140898417743,0.02));
#10512=CARTESIAN_POINT('Ctrl Pts',(54.1840438422937,-4.93123734006975,0.));
#10513=CARTESIAN_POINT('Ctrl Pts',(54.1840438422937,-4.93123734006975,0.02));
#10514=CARTESIAN_POINT('Ctrl Pts',(54.2148716747761,-4.85607028007507,0.));
#10515=CARTESIAN_POINT('Ctrl Pts',(54.2148716747761,-4.85607028007507,0.02));
#10516=CARTESIAN_POINT('',(54.1084595024586,-5.42087256908417,0.));
#10517=CARTESIAN_POINT('Ctrl Pts',(54.1084595024586,-5.42087256908417,0.));
#10518=CARTESIAN_POINT('Ctrl Pts',(54.1090823594318,-5.30692515055633,0.));
#10519=CARTESIAN_POINT('Ctrl Pts',(54.1101510857723,-5.11140898417743,0.));
#10520=CARTESIAN_POINT('Ctrl Pts',(54.1840438422937,-4.93123734006975,0.));
#10521=CARTESIAN_POINT('Ctrl Pts',(54.2148716747761,-4.85607028007507,0.));
#10522=CARTESIAN_POINT('',(54.1084595024586,-5.42087256908417,0.02));
#10523=CARTESIAN_POINT('',(54.1084595024586,-5.42087256908417,0.));
#10524=CARTESIAN_POINT('Ctrl Pts',(54.1084595024586,-5.42087256908417,0.02));
#10525=CARTESIAN_POINT('Ctrl Pts',(54.1090823594318,-5.30692515055633,0.02));
#10526=CARTESIAN_POINT('Ctrl Pts',(54.1101510857723,-5.11140898417743,0.02));
#10527=CARTESIAN_POINT('Ctrl Pts',(54.1840438422937,-4.93123734006975,0.02));
#10528=CARTESIAN_POINT('Ctrl Pts',(54.2148716747761,-4.85607028007507,0.02));
#10529=CARTESIAN_POINT('Ctrl Pts',(54.2844493687153,-6.02762579917908,0.));
#10530=CARTESIAN_POINT('Ctrl Pts',(54.2844493687153,-6.02762579917908,0.02));
#10531=CARTESIAN_POINT('Ctrl Pts',(54.2332535164423,-5.94433113566949,0.));
#10532=CARTESIAN_POINT('Ctrl Pts',(54.2332535164423,-5.94433113566949,0.02));
#10533=CARTESIAN_POINT('Ctrl Pts',(54.1194323932955,-5.75914636518783,0.));
#10534=CARTESIAN_POINT('Ctrl Pts',(54.1194323932955,-5.75914636518783,0.02));
#10535=CARTESIAN_POINT('Ctrl Pts',(54.1123540578829,-5.54093446226187,0.));
#10536=CARTESIAN_POINT('Ctrl Pts',(54.1123540578829,-5.54093446226187,0.02));
#10537=CARTESIAN_POINT('Ctrl Pts',(54.1084595024586,-5.42087256908417,0.));
#10538=CARTESIAN_POINT('Ctrl Pts',(54.1084595024586,-5.42087256908417,0.02));
#10539=CARTESIAN_POINT('Ctrl Pts',(54.2844493687153,-6.02762579917908,0.));
#10540=CARTESIAN_POINT('Ctrl Pts',(54.2332535164423,-5.94433113566949,0.));
#10541=CARTESIAN_POINT('Ctrl Pts',(54.1194323932955,-5.75914636518783,0.));
#10542=CARTESIAN_POINT('Ctrl Pts',(54.1123540578829,-5.54093446226187,0.));
#10543=CARTESIAN_POINT('Ctrl Pts',(54.1084595024586,-5.42087256908417,0.));
#10544=CARTESIAN_POINT('Ctrl Pts',(54.2844493687153,-6.02762579917908,0.02));
#10545=CARTESIAN_POINT('Ctrl Pts',(54.2332535164423,-5.94433113566949,0.02));
#10546=CARTESIAN_POINT('Ctrl Pts',(54.1194323932955,-5.75914636518783,0.02));
#10547=CARTESIAN_POINT('Ctrl Pts',(54.1123540578829,-5.54093446226187,0.02));
#10548=CARTESIAN_POINT('Ctrl Pts',(54.1084595024586,-5.42087256908417,0.02));
#10549=CARTESIAN_POINT('Ctrl Pts',(54.7162361443043,-4.26875829696655,0.));
#10550=CARTESIAN_POINT('Ctrl Pts',(54.7162361443043,-4.26875829696655,0.02));
#10551=CARTESIAN_POINT('Ctrl Pts',(54.5947882621399,-4.28231305809274,0.));
#10552=CARTESIAN_POINT('Ctrl Pts',(54.5947882621399,-4.28231305809274,0.02));
#10553=CARTESIAN_POINT('Ctrl Pts',(54.3511236911687,-4.30950838662023,0.));
#10554=CARTESIAN_POINT('Ctrl Pts',(54.3511236911687,-4.30950838662023,0.02));
#10555=CARTESIAN_POINT('Ctrl Pts',(54.1922437618532,-4.49633327010868,0.));
#10556=CARTESIAN_POINT('Ctrl Pts',(54.1922437618532,-4.49633327010868,0.02));
#10557=CARTESIAN_POINT('Ctrl Pts',(54.1125531494617,-4.59004044532776,0.));
#10558=CARTESIAN_POINT('Ctrl Pts',(54.1125531494617,-4.59004044532776,0.02));
#10559=CARTESIAN_POINT('',(54.7162361443043,-4.26875829696655,0.));
#10560=CARTESIAN_POINT('',(54.1125531494617,-4.59004044532776,0.));
#10561=CARTESIAN_POINT('Ctrl Pts',(54.7162361443043,-4.26875829696655,0.));
#10562=CARTESIAN_POINT('Ctrl Pts',(54.5947882621399,-4.28231305809274,0.));
#10563=CARTESIAN_POINT('Ctrl Pts',(54.3511236911687,-4.30950838662023,0.));
#10564=CARTESIAN_POINT('Ctrl Pts',(54.1922437618532,-4.49633327010868,0.));
#10565=CARTESIAN_POINT('Ctrl Pts',(54.1125531494617,-4.59004044532776,0.));
#10566=CARTESIAN_POINT('',(54.7162361443043,-4.26875829696655,0.02));
#10567=CARTESIAN_POINT('',(54.7162361443043,-4.26875829696655,0.));
#10568=CARTESIAN_POINT('',(54.1125531494617,-4.59004044532776,0.02));
#10569=CARTESIAN_POINT('Ctrl Pts',(54.7162361443043,-4.26875829696655,0.02));
#10570=CARTESIAN_POINT('Ctrl Pts',(54.5947882621399,-4.28231305809274,0.02));
#10571=CARTESIAN_POINT('Ctrl Pts',(54.3511236911687,-4.30950838662023,0.02));
#10572=CARTESIAN_POINT('Ctrl Pts',(54.1922437618532,-4.49633327010868,0.02));
#10573=CARTESIAN_POINT('Ctrl Pts',(54.1125531494617,-4.59004044532776,0.02));
#10574=CARTESIAN_POINT('',(54.1125531494617,-4.59004044532776,0.));
#10575=CARTESIAN_POINT('Ctrl Pts',(55.3792650997639,-4.57366943359375,0.));
#10576=CARTESIAN_POINT('Ctrl Pts',(55.3792650997639,-4.57366943359375,0.02));
#10577=CARTESIAN_POINT('Ctrl Pts',(55.2837474283684,-4.48474536441509,0.));
#10578=CARTESIAN_POINT('Ctrl Pts',(55.2837474283684,-4.48474536441509,0.02));
#10579=CARTESIAN_POINT('Ctrl Pts',(55.0960226362695,-4.3099792488339,0.));
#10580=CARTESIAN_POINT('Ctrl Pts',(55.0960226362695,-4.3099792488339,0.02));
#10581=CARTESIAN_POINT('Ctrl Pts',(54.8413344889538,-4.28233611753832,0.));
#10582=CARTESIAN_POINT('Ctrl Pts',(54.8413344889538,-4.28233611753832,0.02));
#10583=CARTESIAN_POINT('Ctrl Pts',(54.7162361443043,-4.26875829696655,0.));
#10584=CARTESIAN_POINT('Ctrl Pts',(54.7162361443043,-4.26875829696655,0.02));
#10585=CARTESIAN_POINT('',(55.3792650997639,-4.57366943359375,0.));
#10586=CARTESIAN_POINT('Ctrl Pts',(55.3792650997639,-4.57366943359375,0.));
#10587=CARTESIAN_POINT('Ctrl Pts',(55.2837474283684,-4.48474536441509,0.));
#10588=CARTESIAN_POINT('Ctrl Pts',(55.0960226362695,-4.3099792488339,0.));
#10589=CARTESIAN_POINT('Ctrl Pts',(54.8413344889538,-4.28233611753832,0.));
#10590=CARTESIAN_POINT('Ctrl Pts',(54.7162361443043,-4.26875829696655,0.));
#10591=CARTESIAN_POINT('',(55.3792650997639,-4.57366943359375,0.02));
#10592=CARTESIAN_POINT('',(55.3792650997639,-4.57366943359375,0.));
#10593=CARTESIAN_POINT('Ctrl Pts',(55.3792650997639,-4.57366943359375,0.02));
#10594=CARTESIAN_POINT('Ctrl Pts',(55.2837474283684,-4.48474536441509,0.02));
#10595=CARTESIAN_POINT('Ctrl Pts',(55.0960226362695,-4.3099792488339,0.02));
#10596=CARTESIAN_POINT('Ctrl Pts',(54.8413344889538,-4.28233611753832,0.02));
#10597=CARTESIAN_POINT('Ctrl Pts',(54.7162361443043,-4.26875829696655,0.02));
#10598=CARTESIAN_POINT('Ctrl Pts',(55.6555266678333,-5.43724358081818,0.));
#10599=CARTESIAN_POINT('Ctrl Pts',(55.6555266678333,-5.43724358081818,0.02));
#10600=CARTESIAN_POINT('Ctrl Pts',(55.6484079913868,-5.26680161526422,0.));
#10601=CARTESIAN_POINT('Ctrl Pts',(55.6484079913868,-5.26680161526422,0.02));
#10602=CARTESIAN_POINT('Ctrl Pts',(55.6352724752067,-4.95229888247419,0.));
#10603=CARTESIAN_POINT('Ctrl Pts',(55.6352724752067,-4.95229888247419,0.02));
#10604=CARTESIAN_POINT('Ctrl Pts',(55.4596915160013,-4.69261838810231,0.));
#10605=CARTESIAN_POINT('Ctrl Pts',(55.4596915160013,-4.69261838810231,0.02));
#10606=CARTESIAN_POINT('Ctrl Pts',(55.3792650997639,-4.57366943359375,0.));
#10607=CARTESIAN_POINT('Ctrl Pts',(55.3792650997639,-4.57366943359375,0.02));
#10608=CARTESIAN_POINT('',(55.6555266678333,-5.43724358081818,0.));
#10609=CARTESIAN_POINT('Ctrl Pts',(55.6555266678333,-5.43724358081818,0.));
#10610=CARTESIAN_POINT('Ctrl Pts',(55.6484079913868,-5.26680161526422,0.));
#10611=CARTESIAN_POINT('Ctrl Pts',(55.6352724752067,-4.95229888247419,0.));
#10612=CARTESIAN_POINT('Ctrl Pts',(55.4596915160013,-4.69261838810231,0.));
#10613=CARTESIAN_POINT('Ctrl Pts',(55.3792650997639,-4.57366943359375,0.));
#10614=CARTESIAN_POINT('',(55.6555266678333,-5.43724358081818,0.02));
#10615=CARTESIAN_POINT('',(55.6555266678333,-5.43724358081818,0.));
#10616=CARTESIAN_POINT('Ctrl Pts',(55.6555266678333,-5.43724358081818,0.02));
#10617=CARTESIAN_POINT('Ctrl Pts',(55.6484079913868,-5.26680161526422,0.02));
#10618=CARTESIAN_POINT('Ctrl Pts',(55.6352724752067,-4.95229888247419,0.02));
#10619=CARTESIAN_POINT('Ctrl Pts',(55.4596915160013,-4.69261838810231,0.02));
#10620=CARTESIAN_POINT('Ctrl Pts',(55.3792650997639,-4.57366943359375,0.02));
#10621=CARTESIAN_POINT('Ctrl Pts',(55.5900426208973,-5.87926268577576,0.));
#10622=CARTESIAN_POINT('Ctrl Pts',(55.5900426208973,-5.87926268577576,0.02));
#10623=CARTESIAN_POINT('Ctrl Pts',(55.6091398109339,-5.80838866180024,0.));
#10624=CARTESIAN_POINT('Ctrl Pts',(55.6091398109339,-5.80838866180024,0.02));
#10625=CARTESIAN_POINT('Ctrl Pts',(55.6481474693076,-5.66362235275158,0.));
#10626=CARTESIAN_POINT('Ctrl Pts',(55.6481474693076,-5.66362235275158,0.02));
#10627=CARTESIAN_POINT('Ctrl Pts',(55.6530329819882,-5.51374478040465,0.));
#10628=CARTESIAN_POINT('Ctrl Pts',(55.6530329819882,-5.51374478040465,0.02));
#10629=CARTESIAN_POINT('Ctrl Pts',(55.6555266678333,-5.43724358081818,0.));
#10630=CARTESIAN_POINT('Ctrl Pts',(55.6555266678333,-5.43724358081818,0.02));
#10631=CARTESIAN_POINT('',(55.5900426208973,-5.87926268577576,0.));
#10632=CARTESIAN_POINT('Ctrl Pts',(55.5900426208973,-5.87926268577576,0.));
#10633=CARTESIAN_POINT('Ctrl Pts',(55.6091398109339,-5.80838866180024,0.));
#10634=CARTESIAN_POINT('Ctrl Pts',(55.6481474693076,-5.66362235275158,0.));
#10635=CARTESIAN_POINT('Ctrl Pts',(55.6530329819882,-5.51374478040465,0.));
#10636=CARTESIAN_POINT('Ctrl Pts',(55.6555266678333,-5.43724358081818,0.));
#10637=CARTESIAN_POINT('',(55.5900426208973,-5.87926268577576,0.02));
#10638=CARTESIAN_POINT('',(55.5900426208973,-5.87926268577576,0.));
#10639=CARTESIAN_POINT('Ctrl Pts',(55.5900426208973,-5.87926268577576,0.02));
#10640=CARTESIAN_POINT('Ctrl Pts',(55.6091398109339,-5.80838866180024,0.02));
#10641=CARTESIAN_POINT('Ctrl Pts',(55.6481474693076,-5.66362235275158,0.02));
#10642=CARTESIAN_POINT('Ctrl Pts',(55.6530329819882,-5.51374478040465,0.02));
#10643=CARTESIAN_POINT('Ctrl Pts',(55.6555266678333,-5.43724358081818,0.02));
#10644=CARTESIAN_POINT('Ctrl Pts',(55.408937484026,-6.23226404190063,0.));
#10645=CARTESIAN_POINT('Ctrl Pts',(55.408937484026,-6.23226404190063,0.02));
#10646=CARTESIAN_POINT('Ctrl Pts',(55.4457724287513,-6.17974077908288,0.));
#10647=CARTESIAN_POINT('Ctrl Pts',(55.4457724287513,-6.17974077908288,0.02));
#10648=CARTESIAN_POINT('Ctrl Pts',(55.5223945054685,-6.07048470436715,0.));
#10649=CARTESIAN_POINT('Ctrl Pts',(55.5223945054685,-6.07048470436715,0.02));
#10650=CARTESIAN_POINT('Ctrl Pts',(55.5669213873848,-5.94461984933541,0.));
#10651=CARTESIAN_POINT('Ctrl Pts',(55.5669213873848,-5.94461984933541,0.02));
#10652=CARTESIAN_POINT('Ctrl Pts',(55.5900426208973,-5.87926268577576,0.));
#10653=CARTESIAN_POINT('Ctrl Pts',(55.5900426208973,-5.87926268577576,0.02));
#10654=CARTESIAN_POINT('',(55.408937484026,-6.23226404190063,0.));
#10655=CARTESIAN_POINT('Ctrl Pts',(55.408937484026,-6.23226404190063,0.));
#10656=CARTESIAN_POINT('Ctrl Pts',(55.4457724287513,-6.17974077908288,0.));
#10657=CARTESIAN_POINT('Ctrl Pts',(55.5223945054685,-6.07048470436715,0.));
#10658=CARTESIAN_POINT('Ctrl Pts',(55.5669213873848,-5.94461984933541,0.));
#10659=CARTESIAN_POINT('Ctrl Pts',(55.5900426208973,-5.87926268577576,0.));
#10660=CARTESIAN_POINT('',(55.408937484026,-6.23226404190063,0.02));
#10661=CARTESIAN_POINT('',(55.408937484026,-6.23226404190063,0.));
#10662=CARTESIAN_POINT('Ctrl Pts',(55.408937484026,-6.23226404190063,0.02));
#10663=CARTESIAN_POINT('Ctrl Pts',(55.4457724287513,-6.17974077908288,0.02));
#10664=CARTESIAN_POINT('Ctrl Pts',(55.5223945054685,-6.07048470436715,0.02));
#10665=CARTESIAN_POINT('Ctrl Pts',(55.5669213873848,-5.94461984933541,0.02));
#10666=CARTESIAN_POINT('Ctrl Pts',(55.5900426208973,-5.87926268577576,0.02));
#10667=CARTESIAN_POINT('Ctrl Pts',(55.1142580807209,-6.45941257476807,0.));
#10668=CARTESIAN_POINT('Ctrl Pts',(55.1142580807209,-6.45941257476807,0.02));
#10669=CARTESIAN_POINT('Ctrl Pts',(55.1710307064544,-6.43007953710237,0.));
#10670=CARTESIAN_POINT('Ctrl Pts',(55.1710307064544,-6.43007953710237,0.02));
#10671=CARTESIAN_POINT('Ctrl Pts',(55.2830534424818,-6.37220010854236,0.));
#10672=CARTESIAN_POINT('Ctrl Pts',(55.2830534424818,-6.37220010854236,0.02));
#10673=CARTESIAN_POINT('Ctrl Pts',(55.367358068523,-6.27848483198152,0.));
#10674=CARTESIAN_POINT('Ctrl Pts',(55.367358068523,-6.27848483198152,0.02));
#10675=CARTESIAN_POINT('Ctrl Pts',(55.408937484026,-6.23226404190063,0.));
#10676=CARTESIAN_POINT('Ctrl Pts',(55.408937484026,-6.23226404190063,0.02));
#10677=CARTESIAN_POINT('',(55.1142580807209,-6.45941257476807,0.));
#10678=CARTESIAN_POINT('Ctrl Pts',(55.1142580807209,-6.45941257476807,0.));
#10679=CARTESIAN_POINT('Ctrl Pts',(55.1710307064544,-6.43007953710237,0.));
#10680=CARTESIAN_POINT('Ctrl Pts',(55.2830534424818,-6.37220010854236,0.));
#10681=CARTESIAN_POINT('Ctrl Pts',(55.367358068523,-6.27848483198152,0.));
#10682=CARTESIAN_POINT('Ctrl Pts',(55.408937484026,-6.23226404190063,0.));
#10683=CARTESIAN_POINT('',(55.1142580807209,-6.45941257476807,0.02));
#10684=CARTESIAN_POINT('',(55.1142580807209,-6.45941257476807,0.));
#10685=CARTESIAN_POINT('Ctrl Pts',(55.1142580807209,-6.45941257476807,0.02));
#10686=CARTESIAN_POINT('Ctrl Pts',(55.1710307064544,-6.43007953710237,0.02));
#10687=CARTESIAN_POINT('Ctrl Pts',(55.2830534424818,-6.37220010854236,0.02));
#10688=CARTESIAN_POINT('Ctrl Pts',(55.367358068523,-6.27848483198152,0.02));
#10689=CARTESIAN_POINT('Ctrl Pts',(55.408937484026,-6.23226404190063,0.02));
#10690=CARTESIAN_POINT('Ctrl Pts',(54.7346539795399,-6.54024481773376,0.));
#10691=CARTESIAN_POINT('Ctrl Pts',(54.7346539795399,-6.54024481773376,0.02));
#10692=CARTESIAN_POINT('Ctrl Pts',(54.8004462688129,-6.53694891882136,0.));
#10693=CARTESIAN_POINT('Ctrl Pts',(54.8004462688129,-6.53694891882136,0.02));
#10694=CARTESIAN_POINT('Ctrl Pts',(54.9313343839116,-6.53039201069477,0.));
#10695=CARTESIAN_POINT('Ctrl Pts',(54.9313343839116,-6.53039201069477,0.02));
#10696=CARTESIAN_POINT('Ctrl Pts',(55.0535001989744,-6.48298830743524,0.));
#10697=CARTESIAN_POINT('Ctrl Pts',(55.0535001989744,-6.48298830743524,0.02));
#10698=CARTESIAN_POINT('Ctrl Pts',(55.1142580807209,-6.45941257476807,0.));
#10699=CARTESIAN_POINT('Ctrl Pts',(55.1142580807209,-6.45941257476807,0.02));
#10700=CARTESIAN_POINT('',(54.7346539795399,-6.54024481773376,0.));
#10701=CARTESIAN_POINT('Ctrl Pts',(54.7346539795399,-6.54024481773376,0.));
#10702=CARTESIAN_POINT('Ctrl Pts',(54.8004462688129,-6.53694891882136,0.));
#10703=CARTESIAN_POINT('Ctrl Pts',(54.9313343839116,-6.53039201069477,0.));
#10704=CARTESIAN_POINT('Ctrl Pts',(55.0535001989744,-6.48298830743524,0.));
#10705=CARTESIAN_POINT('Ctrl Pts',(55.1142580807209,-6.45941257476807,0.));
#10706=CARTESIAN_POINT('',(54.7346539795399,-6.54024481773376,0.02));
#10707=CARTESIAN_POINT('',(54.7346539795399,-6.54024481773376,0.));
#10708=CARTESIAN_POINT('Ctrl Pts',(54.7346539795399,-6.54024481773376,0.02));
#10709=CARTESIAN_POINT('Ctrl Pts',(54.8004462688129,-6.53694891882136,0.02));
#10710=CARTESIAN_POINT('Ctrl Pts',(54.9313343839116,-6.53039201069477,0.02));
#10711=CARTESIAN_POINT('Ctrl Pts',(55.0535001989744,-6.48298830743524,0.02));
#10712=CARTESIAN_POINT('Ctrl Pts',(55.1142580807209,-6.45941257476807,0.02));
#10713=CARTESIAN_POINT('Ctrl Pts',(54.1391558945179,-6.2476122379303,0.));
#10714=CARTESIAN_POINT('Ctrl Pts',(54.1391558945179,-6.2476122379303,0.02));
#10715=CARTESIAN_POINT('Ctrl Pts',(54.2217060043697,-6.33296117950963,0.));
#10716=CARTESIAN_POINT('Ctrl Pts',(54.2217060043697,-6.33296117950963,0.02));
#10717=CARTESIAN_POINT('Ctrl Pts',(54.385250609765,-6.50205070581757,0.));
#10718=CARTESIAN_POINT('Ctrl Pts',(54.385250609765,-6.50205070581757,0.02));
#10719=CARTESIAN_POINT('Ctrl Pts',(54.6189270893719,-6.52759443660653,0.));
#10720=CARTESIAN_POINT('Ctrl Pts',(54.6189270893719,-6.52759443660653,0.02));
#10721=CARTESIAN_POINT('Ctrl Pts',(54.7346539795399,-6.54024481773376,0.));
#10722=CARTESIAN_POINT('Ctrl Pts',(54.7346539795399,-6.54024481773376,0.02));
#10723=CARTESIAN_POINT('',(54.1391558945179,-6.2476122379303,0.));
#10724=CARTESIAN_POINT('Ctrl Pts',(54.1391558945179,-6.2476122379303,0.));
#10725=CARTESIAN_POINT('Ctrl Pts',(54.2217060043697,-6.33296117950963,0.));
#10726=CARTESIAN_POINT('Ctrl Pts',(54.385250609765,-6.50205070581757,0.));
#10727=CARTESIAN_POINT('Ctrl Pts',(54.6189270893719,-6.52759443660653,0.));
#10728=CARTESIAN_POINT('Ctrl Pts',(54.7346539795399,-6.54024481773376,0.));
#10729=CARTESIAN_POINT('',(54.1391558945179,-6.2476122379303,0.02));
#10730=CARTESIAN_POINT('',(54.1391558945179,-6.2476122379303,0.));
#10731=CARTESIAN_POINT('Ctrl Pts',(54.1391558945179,-6.2476122379303,0.02));
#10732=CARTESIAN_POINT('Ctrl Pts',(54.2217060043697,-6.33296117950963,0.02));
#10733=CARTESIAN_POINT('Ctrl Pts',(54.385250609765,-6.50205070581757,0.02));
#10734=CARTESIAN_POINT('Ctrl Pts',(54.6189270893719,-6.52759443660653,0.02));
#10735=CARTESIAN_POINT('Ctrl Pts',(54.7346539795399,-6.54024481773376,0.02));
#10736=CARTESIAN_POINT('Origin',(54.1391558945179,-7.31787085533142,0.));
#10737=CARTESIAN_POINT('',(54.1391558945179,-7.31787085533142,0.));
#10738=CARTESIAN_POINT('',(54.1391558945179,-16.8539354276657,0.));
#10739=CARTESIAN_POINT('',(54.1391558945179,-7.31787085533142,0.02));
#10740=CARTESIAN_POINT('',(54.1391558945179,-7.31787085533142,0.));
#10741=CARTESIAN_POINT('',(54.1391558945179,-7.31787085533142,0.02));
#10742=CARTESIAN_POINT('Origin',(53.7708063423634,-7.31787085533142,0.));
#10743=CARTESIAN_POINT('',(53.7708063423634,-7.31787085533142,0.));
#10744=CARTESIAN_POINT('',(41.2854031711817,-7.31787085533142,0.));
#10745=CARTESIAN_POINT('',(53.7708063423634,-7.31787085533142,0.02));
#10746=CARTESIAN_POINT('',(53.7708063423634,-7.31787085533142,0.));
#10747=CARTESIAN_POINT('',(53.7708063423634,-7.31787085533142,0.02));
#10748=CARTESIAN_POINT('Origin',(53.7708063423634,-4.31787133216858,0.));
#10749=CARTESIAN_POINT('',(53.7708063423634,-4.31787133216858,0.));
#10750=CARTESIAN_POINT('',(53.7708063423634,-15.3539356660843,0.));
#10751=CARTESIAN_POINT('',(53.7708063423634,-4.31787133216858,0.02));
#10752=CARTESIAN_POINT('',(53.7708063423634,-4.31787133216858,0.));
#10753=CARTESIAN_POINT('',(53.7708063423634,-4.31787133216858,0.02));
#10754=CARTESIAN_POINT('Origin',(54.1125531494617,-4.31787133216858,0.));
#10755=CARTESIAN_POINT('',(54.1125531494617,-4.31787133216858,0.));
#10756=CARTESIAN_POINT('',(41.4562765747309,-4.31787133216858,0.));
#10757=CARTESIAN_POINT('',(54.1125531494617,-4.31787133216858,0.02));
#10758=CARTESIAN_POINT('',(54.1125531494617,-4.31787133216858,0.));
#10759=CARTESIAN_POINT('',(54.1125531494617,-4.31787133216858,0.02));
#10760=CARTESIAN_POINT('Origin',(54.1125531494617,-4.59004044532776,0.));
#10761=CARTESIAN_POINT('',(54.1125531494617,-15.4900202226639,0.));
#10762=CARTESIAN_POINT('',(54.1125531494617,-4.59004044532776,0.02));
#10763=CARTESIAN_POINT('Origin',(52.9563443362713,-8.13437923789024,0.02));
#10764=CARTESIAN_POINT('Ctrl Pts',(59.7626204788685,-4.90518391132355,0.));
#10765=CARTESIAN_POINT('Ctrl Pts',(59.7626204788685,-4.90518391132355,0.02));
#10766=CARTESIAN_POINT('Ctrl Pts',(59.7798408349601,-4.95626324210453,0.));
#10767=CARTESIAN_POINT('Ctrl Pts',(59.7798408349601,-4.95626324210453,0.02));
#10768=CARTESIAN_POINT('Ctrl Pts',(59.8200196785284,-5.07544245245866,0.));
#10769=CARTESIAN_POINT('Ctrl Pts',(59.8200196785284,-5.07544245245866,0.02));
#10770=CARTESIAN_POINT('Ctrl Pts',(59.8212577845071,-5.20150168974121,0.));
#10771=CARTESIAN_POINT('Ctrl Pts',(59.8212577845071,-5.20150168974121,0.02));
#10772=CARTESIAN_POINT('Ctrl Pts',(59.8219652473927,-5.27353286743164,0.));
#10773=CARTESIAN_POINT('Ctrl Pts',(59.8219652473927,-5.27353286743164,0.02));
#10774=CARTESIAN_POINT('',(59.7626204788685,-4.90518391132355,0.));
#10775=CARTESIAN_POINT('',(59.8219652473927,-5.27353286743164,0.));
#10776=CARTESIAN_POINT('Ctrl Pts',(59.7626204788685,-4.90518391132355,0.));
#10777=CARTESIAN_POINT('Ctrl Pts',(59.7798408349601,-4.95626324210453,0.));
#10778=CARTESIAN_POINT('Ctrl Pts',(59.8200196785284,-5.07544245245866,0.));
#10779=CARTESIAN_POINT('Ctrl Pts',(59.8212577845071,-5.20150168974121,0.));
#10780=CARTESIAN_POINT('Ctrl Pts',(59.8219652473927,-5.27353286743164,0.));
#10781=CARTESIAN_POINT('',(59.7626204788685,-4.90518391132355,0.02));
#10782=CARTESIAN_POINT('',(59.7626204788685,-4.90518391132355,0.));
#10783=CARTESIAN_POINT('',(59.8219652473927,-5.27353286743164,0.02));
#10784=CARTESIAN_POINT('Ctrl Pts',(59.7626204788685,-4.90518391132355,0.02));
#10785=CARTESIAN_POINT('Ctrl Pts',(59.7798408349601,-4.95626324210453,0.02));
#10786=CARTESIAN_POINT('Ctrl Pts',(59.8200196785284,-5.07544245245866,0.02));
#10787=CARTESIAN_POINT('Ctrl Pts',(59.8212577845071,-5.20150168974121,0.02));
#10788=CARTESIAN_POINT('Ctrl Pts',(59.8219652473927,-5.27353286743164,0.02));
#10789=CARTESIAN_POINT('',(59.8219652473927,-5.27353286743164,0.));
#10790=CARTESIAN_POINT('Ctrl Pts',(59.519100934267,-4.65040862560272,0.));
#10791=CARTESIAN_POINT('Ctrl Pts',(59.519100934267,-4.65040862560272,0.02));
#10792=CARTESIAN_POINT('Ctrl Pts',(59.5704767552737,-4.68387087567541,0.));
#10793=CARTESIAN_POINT('Ctrl Pts',(59.5704767552737,-4.68387087567541,0.02));
#10794=CARTESIAN_POINT('Ctrl Pts',(59.6716535912119,-4.74976966851981,0.));
#10795=CARTESIAN_POINT('Ctrl Pts',(59.6716535912119,-4.74976966851981,0.02));
#10796=CARTESIAN_POINT('Ctrl Pts',(59.732614466037,-4.85391952398555,0.));
#10797=CARTESIAN_POINT('Ctrl Pts',(59.732614466037,-4.85391952398555,0.02));
#10798=CARTESIAN_POINT('Ctrl Pts',(59.7626204788685,-4.90518391132355,0.));
#10799=CARTESIAN_POINT('Ctrl Pts',(59.7626204788685,-4.90518391132355,0.02));
#10800=CARTESIAN_POINT('',(59.519100934267,-4.65040862560272,0.));
#10801=CARTESIAN_POINT('Ctrl Pts',(59.519100934267,-4.65040862560272,0.));
#10802=CARTESIAN_POINT('Ctrl Pts',(59.5704767552737,-4.68387087567541,0.));
#10803=CARTESIAN_POINT('Ctrl Pts',(59.6716535912119,-4.74976966851981,0.));
#10804=CARTESIAN_POINT('Ctrl Pts',(59.732614466037,-4.85391952398555,0.));
#10805=CARTESIAN_POINT('Ctrl Pts',(59.7626204788685,-4.90518391132355,0.));
#10806=CARTESIAN_POINT('',(59.519100934267,-4.65040862560272,0.02));
#10807=CARTESIAN_POINT('',(59.519100934267,-4.65040862560272,0.));
#10808=CARTESIAN_POINT('Ctrl Pts',(59.519100934267,-4.65040862560272,0.02));
#10809=CARTESIAN_POINT('Ctrl Pts',(59.5704767552737,-4.68387087567541,0.02));
#10810=CARTESIAN_POINT('Ctrl Pts',(59.6716535912119,-4.74976966851981,0.02));
#10811=CARTESIAN_POINT('Ctrl Pts',(59.732614466037,-4.85391952398555,0.02));
#10812=CARTESIAN_POINT('Ctrl Pts',(59.7626204788685,-4.90518391132355,0.02));
#10813=CARTESIAN_POINT('Ctrl Pts',(59.1405196487904,-4.55729842185974,0.));
#10814=CARTESIAN_POINT('Ctrl Pts',(59.1405196487904,-4.55729842185974,0.02));
#10815=CARTESIAN_POINT('Ctrl Pts',(59.2086288701475,-4.56069770122152,0.));
#10816=CARTESIAN_POINT('Ctrl Pts',(59.2086288701475,-4.56069770122152,0.02));
#10817=CARTESIAN_POINT('Ctrl Pts',(59.3409321059024,-4.5673008549478,0.));
#10818=CARTESIAN_POINT('Ctrl Pts',(59.3409321059024,-4.5673008549478,0.02));
#10819=CARTESIAN_POINT('Ctrl Pts',(59.4608946625539,-4.6232580093888,0.));
#10820=CARTESIAN_POINT('Ctrl Pts',(59.4608946625539,-4.6232580093888,0.02));
#10821=CARTESIAN_POINT('Ctrl Pts',(59.519100934267,-4.65040862560272,0.));
#10822=CARTESIAN_POINT('Ctrl Pts',(59.519100934267,-4.65040862560272,0.02));
#10823=CARTESIAN_POINT('',(59.1405196487904,-4.55729842185974,0.));
#10824=CARTESIAN_POINT('Ctrl Pts',(59.1405196487904,-4.55729842185974,0.));
#10825=CARTESIAN_POINT('Ctrl Pts',(59.2086288701475,-4.56069770122152,0.));
#10826=CARTESIAN_POINT('Ctrl Pts',(59.3409321059024,-4.5673008549478,0.));
#10827=CARTESIAN_POINT('Ctrl Pts',(59.4608946625539,-4.6232580093888,0.));
#10828=CARTESIAN_POINT('Ctrl Pts',(59.519100934267,-4.65040862560272,0.));
#10829=CARTESIAN_POINT('',(59.1405196487904,-4.55729842185974,0.02));
#10830=CARTESIAN_POINT('',(59.1405196487904,-4.55729842185974,0.));
#10831=CARTESIAN_POINT('Ctrl Pts',(59.1405196487904,-4.55729842185974,0.02));
#10832=CARTESIAN_POINT('Ctrl Pts',(59.2086288701475,-4.56069770122152,0.02));
#10833=CARTESIAN_POINT('Ctrl Pts',(59.3409321059024,-4.5673008549478,0.02));
#10834=CARTESIAN_POINT('Ctrl Pts',(59.4608946625539,-4.6232580093888,0.02));
#10835=CARTESIAN_POINT('Ctrl Pts',(59.519100934267,-4.65040862560272,0.02));
#10836=CARTESIAN_POINT('Ctrl Pts',(58.8141210377216,-4.65552508831024,0.));
#10837=CARTESIAN_POINT('Ctrl Pts',(58.8141210377216,-4.65552508831024,0.02));
#10838=CARTESIAN_POINT('Ctrl Pts',(58.8586186357172,-4.62695040592608,0.));
#10839=CARTESIAN_POINT('Ctrl Pts',(58.8586186357172,-4.62695040592608,0.02));
#10840=CARTESIAN_POINT('Ctrl Pts',(58.9575344712759,-4.56343037987583,0.));
#10841=CARTESIAN_POINT('Ctrl Pts',(58.9575344712759,-4.56343037987583,0.02));
#10842=CARTESIAN_POINT('Ctrl Pts',(59.0755782391103,-4.55947465276037,0.));
#10843=CARTESIAN_POINT('Ctrl Pts',(59.0755782391103,-4.55947465276037,0.02));
#10844=CARTESIAN_POINT('Ctrl Pts',(59.1405196487904,-4.55729842185974,0.));
#10845=CARTESIAN_POINT('Ctrl Pts',(59.1405196487904,-4.55729842185974,0.02));
#10846=CARTESIAN_POINT('',(58.8141210377216,-4.65552508831024,0.));
#10847=CARTESIAN_POINT('Ctrl Pts',(58.8141210377216,-4.65552508831024,0.));
#10848=CARTESIAN_POINT('Ctrl Pts',(58.8586186357172,-4.62695040592608,0.));
#10849=CARTESIAN_POINT('Ctrl Pts',(58.9575344712759,-4.56343037987583,0.));
#10850=CARTESIAN_POINT('Ctrl Pts',(59.0755782391103,-4.55947465276037,0.));
#10851=CARTESIAN_POINT('Ctrl Pts',(59.1405196487904,-4.55729842185974,0.));
#10852=CARTESIAN_POINT('',(58.8141210377216,-4.65552508831024,0.02));
#10853=CARTESIAN_POINT('',(58.8141210377216,-4.65552508831024,0.));
#10854=CARTESIAN_POINT('Ctrl Pts',(58.8141210377216,-4.65552508831024,0.02));
#10855=CARTESIAN_POINT('Ctrl Pts',(58.8586186357172,-4.62695040592608,0.02));
#10856=CARTESIAN_POINT('Ctrl Pts',(58.9575344712759,-4.56343037987583,0.02));
#10857=CARTESIAN_POINT('Ctrl Pts',(59.0755782391103,-4.55947465276037,0.02));
#10858=CARTESIAN_POINT('Ctrl Pts',(59.1405196487904,-4.55729842185974,0.02));
#10859=CARTESIAN_POINT('Ctrl Pts',(58.7025924026966,-4.90109086036682,0.));
#10860=CARTESIAN_POINT('Ctrl Pts',(58.7025924026966,-4.90109086036682,0.02));
#10861=CARTESIAN_POINT('Ctrl Pts',(58.7072850967927,-4.85398382547572,0.));
#10862=CARTESIAN_POINT('Ctrl Pts',(58.7072850967927,-4.85398382547572,0.02));
#10863=CARTESIAN_POINT('Ctrl Pts',(58.7166937618519,-4.75953609371573,0.));
#10864=CARTESIAN_POINT('Ctrl Pts',(58.7166937618519,-4.75953609371573,0.02));
#10865=CARTESIAN_POINT('Ctrl Pts',(58.7815917602742,-4.69025255884888,0.));
#10866=CARTESIAN_POINT('Ctrl Pts',(58.7815917602742,-4.69025255884888,0.02));
#10867=CARTESIAN_POINT('Ctrl Pts',(58.8141210377216,-4.65552508831024,0.));
#10868=CARTESIAN_POINT('Ctrl Pts',(58.8141210377216,-4.65552508831024,0.02));
#10869=CARTESIAN_POINT('',(58.7025924026966,-4.90109086036682,0.));
#10870=CARTESIAN_POINT('Ctrl Pts',(58.7025924026966,-4.90109086036682,0.));
#10871=CARTESIAN_POINT('Ctrl Pts',(58.7072850967927,-4.85398382547572,0.));
#10872=CARTESIAN_POINT('Ctrl Pts',(58.7166937618519,-4.75953609371573,0.));
#10873=CARTESIAN_POINT('Ctrl Pts',(58.7815917602742,-4.69025255884888,0.));
#10874=CARTESIAN_POINT('Ctrl Pts',(58.8141210377216,-4.65552508831024,0.));
#10875=CARTESIAN_POINT('',(58.7025924026966,-4.90109086036682,0.02));
#10876=CARTESIAN_POINT('',(58.7025924026966,-4.90109086036682,0.));
#10877=CARTESIAN_POINT('Ctrl Pts',(58.7025924026966,-4.90109086036682,0.02));
#10878=CARTESIAN_POINT('Ctrl Pts',(58.7072850967927,-4.85398382547572,0.02));
#10879=CARTESIAN_POINT('Ctrl Pts',(58.7166937618519,-4.75953609371573,0.02));
#10880=CARTESIAN_POINT('Ctrl Pts',(58.7815917602742,-4.69025255884888,0.02));
#10881=CARTESIAN_POINT('Ctrl Pts',(58.8141210377216,-4.65552508831024,0.02));
#10882=CARTESIAN_POINT('Ctrl Pts',(58.7537522614002,-5.07605671882629,0.));
#10883=CARTESIAN_POINT('Ctrl Pts',(58.7537522614002,-5.07605671882629,0.02));
#10884=CARTESIAN_POINT('Ctrl Pts',(58.7388308027829,-5.0489707248827,0.));
#10885=CARTESIAN_POINT('Ctrl Pts',(58.7388308027829,-5.0489707248827,0.02));
#10886=CARTESIAN_POINT('Ctrl Pts',(58.7087994308989,-4.9944566470148,0.));
#10887=CARTESIAN_POINT('Ctrl Pts',(58.7087994308989,-4.9944566470148,0.02));
#10888=CARTESIAN_POINT('Ctrl Pts',(58.7046700497434,-4.93234271625919,0.));
#10889=CARTESIAN_POINT('Ctrl Pts',(58.7046700497434,-4.93234271625919,0.02));
#10890=CARTESIAN_POINT('Ctrl Pts',(58.7025924026966,-4.90109086036682,0.));
#10891=CARTESIAN_POINT('Ctrl Pts',(58.7025924026966,-4.90109086036682,0.02));
#10892=CARTESIAN_POINT('',(58.7537522614002,-5.07605671882629,0.));
#10893=CARTESIAN_POINT('Ctrl Pts',(58.7537522614002,-5.07605671882629,0.));
#10894=CARTESIAN_POINT('Ctrl Pts',(58.7388308027829,-5.0489707248827,0.));
#10895=CARTESIAN_POINT('Ctrl Pts',(58.7087994308989,-4.9944566470148,0.));
#10896=CARTESIAN_POINT('Ctrl Pts',(58.7046700497434,-4.93234271625919,0.));
#10897=CARTESIAN_POINT('Ctrl Pts',(58.7025924026966,-4.90109086036682,0.));
#10898=CARTESIAN_POINT('',(58.7537522614002,-5.07605671882629,0.02));
#10899=CARTESIAN_POINT('',(58.7537522614002,-5.07605671882629,0.));
#10900=CARTESIAN_POINT('Ctrl Pts',(58.7537522614002,-5.07605671882629,0.02));
#10901=CARTESIAN_POINT('Ctrl Pts',(58.7388308027829,-5.0489707248827,0.02));
#10902=CARTESIAN_POINT('Ctrl Pts',(58.7087994308989,-4.9944566470148,0.02));
#10903=CARTESIAN_POINT('Ctrl Pts',(58.7046700497434,-4.93234271625919,0.02));
#10904=CARTESIAN_POINT('Ctrl Pts',(58.7025924026966,-4.90109086036682,0.02));
#10905=CARTESIAN_POINT('Ctrl Pts',(58.8990457355976,-5.19577026367188,0.));
#10906=CARTESIAN_POINT('Ctrl Pts',(58.8990457355976,-5.19577026367188,0.02));
#10907=CARTESIAN_POINT('Ctrl Pts',(58.8696719595246,-5.18087349294567,0.));
#10908=CARTESIAN_POINT('Ctrl Pts',(58.8696719595246,-5.18087349294567,0.02));
#10909=CARTESIAN_POINT('Ctrl Pts',(58.8122792908689,-5.15176707420659,0.));
#10910=CARTESIAN_POINT('Ctrl Pts',(58.8122792908689,-5.15176707420659,0.02));
#10911=CARTESIAN_POINT('Ctrl Pts',(58.7729517998244,-5.10089317286179,0.));
#10912=CARTESIAN_POINT('Ctrl Pts',(58.7729517998244,-5.10089317286179,0.02));
#10913=CARTESIAN_POINT('Ctrl Pts',(58.7537522614002,-5.07605671882629,0.));
#10914=CARTESIAN_POINT('Ctrl Pts',(58.7537522614002,-5.07605671882629,0.02));
#10915=CARTESIAN_POINT('',(58.8990457355976,-5.19577026367188,0.));
#10916=CARTESIAN_POINT('Ctrl Pts',(58.8990457355976,-5.19577026367188,0.));
#10917=CARTESIAN_POINT('Ctrl Pts',(58.8696719595246,-5.18087349294567,0.));
#10918=CARTESIAN_POINT('Ctrl Pts',(58.8122792908689,-5.15176707420659,0.));
#10919=CARTESIAN_POINT('Ctrl Pts',(58.7729517998244,-5.10089317286179,0.));
#10920=CARTESIAN_POINT('Ctrl Pts',(58.7537522614002,-5.07605671882629,0.));
#10921=CARTESIAN_POINT('',(58.8990457355976,-5.19577026367188,0.02));
#10922=CARTESIAN_POINT('',(58.8990457355976,-5.19577026367188,0.));
#10923=CARTESIAN_POINT('Ctrl Pts',(58.8990457355976,-5.19577026367188,0.02));
#10924=CARTESIAN_POINT('Ctrl Pts',(58.8696719595246,-5.18087349294567,0.02));
#10925=CARTESIAN_POINT('Ctrl Pts',(58.8122792908689,-5.15176707420659,0.02));
#10926=CARTESIAN_POINT('Ctrl Pts',(58.7729517998244,-5.10089317286179,0.02));
#10927=CARTESIAN_POINT('Ctrl Pts',(58.7537522614002,-5.07605671882629,0.02));
#10928=CARTESIAN_POINT('Ctrl Pts',(59.2203278839588,-5.26944041252136,0.));
#10929=CARTESIAN_POINT('Ctrl Pts',(59.2203278839588,-5.26944041252136,0.02));
#10930=CARTESIAN_POINT('Ctrl Pts',(59.1551508157219,-5.26010313929233,0.));
#10931=CARTESIAN_POINT('Ctrl Pts',(59.1551508157219,-5.26010313929233,0.02));
#10932=CARTESIAN_POINT('Ctrl Pts',(59.0459065971975,-5.24445280176338,0.));
#10933=CARTESIAN_POINT('Ctrl Pts',(59.0459065971975,-5.24445280176338,0.02));
#10934=CARTESIAN_POINT('Ctrl Pts',(58.9412587802637,-5.20976335980742,0.));
#10935=CARTESIAN_POINT('Ctrl Pts',(58.9412587802637,-5.20976335980742,0.02));
#10936=CARTESIAN_POINT('Ctrl Pts',(58.8990457355976,-5.19577026367188,0.));
#10937=CARTESIAN_POINT('Ctrl Pts',(58.8990457355976,-5.19577026367188,0.02));
#10938=CARTESIAN_POINT('',(59.2203278839588,-5.26944041252136,0.));
#10939=CARTESIAN_POINT('Ctrl Pts',(59.2203278839588,-5.26944041252136,0.));
#10940=CARTESIAN_POINT('Ctrl Pts',(59.1551508157219,-5.26010313929233,0.));
#10941=CARTESIAN_POINT('Ctrl Pts',(59.0459065971975,-5.24445280176338,0.));
#10942=CARTESIAN_POINT('Ctrl Pts',(58.9412587802637,-5.20976335980742,0.));
#10943=CARTESIAN_POINT('Ctrl Pts',(58.8990457355976,-5.19577026367188,0.));
#10944=CARTESIAN_POINT('',(59.2203278839588,-5.26944041252136,0.02));
#10945=CARTESIAN_POINT('',(59.2203278839588,-5.26944041252136,0.));
#10946=CARTESIAN_POINT('Ctrl Pts',(59.2203278839588,-5.26944041252136,0.02));
#10947=CARTESIAN_POINT('Ctrl Pts',(59.1551508157219,-5.26010313929233,0.02));
#10948=CARTESIAN_POINT('Ctrl Pts',(59.0459065971975,-5.24445280176338,0.02));
#10949=CARTESIAN_POINT('Ctrl Pts',(58.9412587802637,-5.20976335980742,0.02));
#10950=CARTESIAN_POINT('Ctrl Pts',(58.8990457355976,-5.19577026367188,0.02));
#10951=CARTESIAN_POINT('Ctrl Pts',(59.8219652473927,-5.40859460830688,0.));
#10952=CARTESIAN_POINT('Ctrl Pts',(59.8219652473927,-5.40859460830688,0.02));
#10953=CARTESIAN_POINT('Ctrl Pts',(59.7388993022934,-5.38129980576163,0.));
#10954=CARTESIAN_POINT('Ctrl Pts',(59.7388993022934,-5.38129980576163,0.02));
#10955=CARTESIAN_POINT('Ctrl Pts',(59.5427037569144,-5.31683152498809,0.));
#10956=CARTESIAN_POINT('Ctrl Pts',(59.5427037569144,-5.31683152498809,0.02));
#10957=CARTESIAN_POINT('Ctrl Pts',(59.3382305315746,-5.28677278166567,0.));
#10958=CARTESIAN_POINT('Ctrl Pts',(59.3382305315746,-5.28677278166567,0.02));
#10959=CARTESIAN_POINT('Ctrl Pts',(59.2203278839588,-5.26944041252136,0.));
#10960=CARTESIAN_POINT('Ctrl Pts',(59.2203278839588,-5.26944041252136,0.02));
#10961=CARTESIAN_POINT('',(59.8219652473927,-5.40859460830688,0.));
#10962=CARTESIAN_POINT('Ctrl Pts',(59.8219652473927,-5.40859460830688,0.));
#10963=CARTESIAN_POINT('Ctrl Pts',(59.7388993022934,-5.38129980576163,0.));
#10964=CARTESIAN_POINT('Ctrl Pts',(59.5427037569144,-5.31683152498809,0.));
#10965=CARTESIAN_POINT('Ctrl Pts',(59.3382305315746,-5.28677278166567,0.));
#10966=CARTESIAN_POINT('Ctrl Pts',(59.2203278839588,-5.26944041252136,0.));
#10967=CARTESIAN_POINT('',(59.8219652473927,-5.40859460830688,0.02));
#10968=CARTESIAN_POINT('',(59.8219652473927,-5.40859460830688,0.));
#10969=CARTESIAN_POINT('Ctrl Pts',(59.8219652473927,-5.40859460830688,0.02));
#10970=CARTESIAN_POINT('Ctrl Pts',(59.7388993022934,-5.38129980576163,0.02));
#10971=CARTESIAN_POINT('Ctrl Pts',(59.5427037569144,-5.31683152498809,0.02));
#10972=CARTESIAN_POINT('Ctrl Pts',(59.3382305315746,-5.28677278166567,0.02));
#10973=CARTESIAN_POINT('Ctrl Pts',(59.2203278839588,-5.26944041252136,0.02));
#10974=CARTESIAN_POINT('Origin',(59.8219652473927,-5.27353286743164,0.));
#10975=CARTESIAN_POINT('',(59.8219652473927,-15.8317664337158,0.));
#10976=CARTESIAN_POINT('',(59.8219652473927,-5.27353286743164,0.02));
#10977=CARTESIAN_POINT('Origin',(60.3110511600971,-4.31787133216858,0.));
#10978=CARTESIAN_POINT('',(60.3110511600971,-4.31787133216858,0.));
#10979=CARTESIAN_POINT('',(59.9263305962086,-4.31787133216858,0.));
#10980=CARTESIAN_POINT('',(44.5555255800486,-4.31787133216858,0.));
#10981=CARTESIAN_POINT('',(60.3110511600971,-4.31787133216858,0.02));
#10982=CARTESIAN_POINT('',(60.3110511600971,-4.31787133216858,0.));
#10983=CARTESIAN_POINT('',(59.9263305962086,-4.31787133216858,0.02));
#10984=CARTESIAN_POINT('',(60.3110511600971,-4.31787133216858,0.02));
#10985=CARTESIAN_POINT('',(59.9263305962086,-4.31787133216858,0.));
#10986=CARTESIAN_POINT('Ctrl Pts',(60.2179403603077,-4.57878530025482,0.));
#10987=CARTESIAN_POINT('Ctrl Pts',(60.2179403603077,-4.57878530025482,0.02));
#10988=CARTESIAN_POINT('Ctrl Pts',(60.2278035266655,-4.53371430856965,0.));
#10989=CARTESIAN_POINT('Ctrl Pts',(60.2278035266655,-4.53371430856965,0.02));
#10990=CARTESIAN_POINT('Ctrl Pts',(60.2477036860345,-4.44277800222405,0.));
#10991=CARTESIAN_POINT('Ctrl Pts',(60.2477036860345,-4.44277800222405,0.02));
#10992=CARTESIAN_POINT('Ctrl Pts',(60.2898127287872,-4.35974864095448,0.));
#10993=CARTESIAN_POINT('Ctrl Pts',(60.2898127287872,-4.35974864095448,0.02));
#10994=CARTESIAN_POINT('Ctrl Pts',(60.3110511600971,-4.31787133216858,0.));
#10995=CARTESIAN_POINT('Ctrl Pts',(60.3110511600971,-4.31787133216858,0.02));
#10996=CARTESIAN_POINT('',(60.2179403603077,-4.57878530025482,0.));
#10997=CARTESIAN_POINT('Ctrl Pts',(60.2179403603077,-4.57878530025482,0.));
#10998=CARTESIAN_POINT('Ctrl Pts',(60.2278035266655,-4.53371430856965,0.));
#10999=CARTESIAN_POINT('Ctrl Pts',(60.2477036860345,-4.44277800222405,0.));
#11000=CARTESIAN_POINT('Ctrl Pts',(60.2898127287872,-4.35974864095448,0.));
#11001=CARTESIAN_POINT('Ctrl Pts',(60.3110511600971,-4.31787133216858,0.));
#11002=CARTESIAN_POINT('',(60.2179403603077,-4.57878530025482,0.02));
#11003=CARTESIAN_POINT('',(60.2179403603077,-4.57878530025482,0.));
#11004=CARTESIAN_POINT('Ctrl Pts',(60.2179403603077,-4.57878530025482,0.02));
#11005=CARTESIAN_POINT('Ctrl Pts',(60.2278035266655,-4.53371430856965,0.02));
#11006=CARTESIAN_POINT('Ctrl Pts',(60.2477036860345,-4.44277800222405,0.02));
#11007=CARTESIAN_POINT('Ctrl Pts',(60.2898127287872,-4.35974864095448,0.02));
#11008=CARTESIAN_POINT('Ctrl Pts',(60.3110511600971,-4.31787133216858,0.02));
#11009=CARTESIAN_POINT('Ctrl Pts',(60.1944072544575,-5.22851228713989,0.));
#11010=CARTESIAN_POINT('Ctrl Pts',(60.1944072544575,-5.22851228713989,0.02));
#11011=CARTESIAN_POINT('Ctrl Pts',(60.1935604982491,-5.0886341636217,0.));
#11012=CARTESIAN_POINT('Ctrl Pts',(60.1935604982491,-5.0886341636217,0.02));
#11013=CARTESIAN_POINT('Ctrl Pts',(60.1922469420356,-4.87164398809178,0.));
#11014=CARTESIAN_POINT('Ctrl Pts',(60.1922469420356,-4.87164398809178,0.02));
#11015=CARTESIAN_POINT('Ctrl Pts',(60.2112036816272,-4.65557130271845,0.));
#11016=CARTESIAN_POINT('Ctrl Pts',(60.2112036816272,-4.65557130271845,0.02));
#11017=CARTESIAN_POINT('Ctrl Pts',(60.2179403603077,-4.57878530025482,0.));
#11018=CARTESIAN_POINT('Ctrl Pts',(60.2179403603077,-4.57878530025482,0.02));
#11019=CARTESIAN_POINT('',(60.1944072544575,-5.22851228713989,0.));
#11020=CARTESIAN_POINT('Ctrl Pts',(60.1944072544575,-5.22851228713989,0.));
#11021=CARTESIAN_POINT('Ctrl Pts',(60.1935604982491,-5.0886341636217,0.));
#11022=CARTESIAN_POINT('Ctrl Pts',(60.1922469420356,-4.87164398809178,0.));
#11023=CARTESIAN_POINT('Ctrl Pts',(60.2112036816272,-4.65557130271845,0.));
#11024=CARTESIAN_POINT('Ctrl Pts',(60.2179403603077,-4.57878530025482,0.));
#11025=CARTESIAN_POINT('',(60.1944072544575,-5.22851228713989,0.02));
#11026=CARTESIAN_POINT('',(60.1944072544575,-5.22851228713989,0.));
#11027=CARTESIAN_POINT('Ctrl Pts',(60.1944072544575,-5.22851228713989,0.02));
#11028=CARTESIAN_POINT('Ctrl Pts',(60.1935604982491,-5.0886341636217,0.02));
#11029=CARTESIAN_POINT('Ctrl Pts',(60.1922469420356,-4.87164398809178,0.02));
#11030=CARTESIAN_POINT('Ctrl Pts',(60.2112036816272,-4.65557130271845,0.02));
#11031=CARTESIAN_POINT('Ctrl Pts',(60.2179403603077,-4.57878530025482,0.02));
#11032=CARTESIAN_POINT('Origin',(60.1944072544575,-5.71964502334595,0.));
#11033=CARTESIAN_POINT('',(60.1944072544575,-5.71964502334595,0.));
#11034=CARTESIAN_POINT('',(60.1944072544575,-16.054822511673,0.));
#11035=CARTESIAN_POINT('',(60.1944072544575,-5.71964502334595,0.02));
#11036=CARTESIAN_POINT('',(60.1944072544575,-5.71964502334595,0.));
#11037=CARTESIAN_POINT('',(60.1944072544575,-5.71964502334595,0.02));
#11038=CARTESIAN_POINT('Ctrl Pts',(60.1759894192219,-6.05934500694275,0.));
#11039=CARTESIAN_POINT('Ctrl Pts',(60.1759894192219,-6.05934500694275,0.02));
#11040=CARTESIAN_POINT('Ctrl Pts',(60.1812999255606,-6.01539234683946,0.));
#11041=CARTESIAN_POINT('Ctrl Pts',(60.1812999255606,-6.01539234683946,0.02));
#11042=CARTESIAN_POINT('Ctrl Pts',(60.1949239061324,-5.90263281900359,0.));
#11043=CARTESIAN_POINT('Ctrl Pts',(60.1949239061324,-5.90263281900359,0.02));
#11044=CARTESIAN_POINT('Ctrl Pts',(60.1946030461036,-5.78899054850809,0.));
#11045=CARTESIAN_POINT('Ctrl Pts',(60.1946030461036,-5.78899054850809,0.02));
#11046=CARTESIAN_POINT('Ctrl Pts',(60.1944072544575,-5.71964502334595,0.));
#11047=CARTESIAN_POINT('Ctrl Pts',(60.1944072544575,-5.71964502334595,0.02));
#11048=CARTESIAN_POINT('',(60.1759894192219,-6.05934500694275,0.));
#11049=CARTESIAN_POINT('Ctrl Pts',(60.1759894192219,-6.05934500694275,0.));
#11050=CARTESIAN_POINT('Ctrl Pts',(60.1812999255606,-6.01539234683946,0.));
#11051=CARTESIAN_POINT('Ctrl Pts',(60.1949239061324,-5.90263281900359,0.));
#11052=CARTESIAN_POINT('Ctrl Pts',(60.1946030461036,-5.78899054850809,0.));
#11053=CARTESIAN_POINT('Ctrl Pts',(60.1944072544575,-5.71964502334595,0.));
#11054=CARTESIAN_POINT('',(60.1759894192219,-6.05934500694275,0.02));
#11055=CARTESIAN_POINT('',(60.1759894192219,-6.05934500694275,0.));
#11056=CARTESIAN_POINT('Ctrl Pts',(60.1759894192219,-6.05934500694275,0.02));
#11057=CARTESIAN_POINT('Ctrl Pts',(60.1812999255606,-6.01539234683946,0.02));
#11058=CARTESIAN_POINT('Ctrl Pts',(60.1949239061324,-5.90263281900359,0.02));
#11059=CARTESIAN_POINT('Ctrl Pts',(60.1946030461036,-5.78899054850809,0.02));
#11060=CARTESIAN_POINT('Ctrl Pts',(60.1944072544575,-5.71964502334595,0.02));
#11061=CARTESIAN_POINT('Ctrl Pts',(60.0613923370838,-6.3100266456604,0.));
#11062=CARTESIAN_POINT('Ctrl Pts',(60.0613923370838,-6.3100266456604,0.02));
#11063=CARTESIAN_POINT('Ctrl Pts',(60.086861212472,-6.27365180849007,0.));
#11064=CARTESIAN_POINT('Ctrl Pts',(60.086861212472,-6.27365180849007,0.02));
#11065=CARTESIAN_POINT('Ctrl Pts',(60.1403868531635,-6.19720609053362,0.));
#11066=CARTESIAN_POINT('Ctrl Pts',(60.1403868531635,-6.19720609053362,0.02));
#11067=CARTESIAN_POINT('Ctrl Pts',(60.1637454454396,-6.1067564067367,0.));
#11068=CARTESIAN_POINT('Ctrl Pts',(60.1637454454396,-6.1067564067367,0.02));
#11069=CARTESIAN_POINT('Ctrl Pts',(60.1759894192219,-6.05934500694275,0.));
#11070=CARTESIAN_POINT('Ctrl Pts',(60.1759894192219,-6.05934500694275,0.02));
#11071=CARTESIAN_POINT('',(60.0613923370838,-6.3100266456604,0.));
#11072=CARTESIAN_POINT('Ctrl Pts',(60.0613923370838,-6.3100266456604,0.));
#11073=CARTESIAN_POINT('Ctrl Pts',(60.086861212472,-6.27365180849007,0.));
#11074=CARTESIAN_POINT('Ctrl Pts',(60.1403868531635,-6.19720609053362,0.));
#11075=CARTESIAN_POINT('Ctrl Pts',(60.1637454454396,-6.1067564067367,0.));
#11076=CARTESIAN_POINT('Ctrl Pts',(60.1759894192219,-6.05934500694275,0.));
#11077=CARTESIAN_POINT('',(60.0613923370838,-6.3100266456604,0.02));
#11078=CARTESIAN_POINT('',(60.0613923370838,-6.3100266456604,0.));
#11079=CARTESIAN_POINT('Ctrl Pts',(60.0613923370838,-6.3100266456604,0.02));
#11080=CARTESIAN_POINT('Ctrl Pts',(60.086861212472,-6.27365180849007,0.02));
#11081=CARTESIAN_POINT('Ctrl Pts',(60.1403868531635,-6.19720609053362,0.02));
#11082=CARTESIAN_POINT('Ctrl Pts',(60.1637454454396,-6.1067564067367,0.02));
#11083=CARTESIAN_POINT('Ctrl Pts',(60.1759894192219,-6.05934500694275,0.02));
#11084=CARTESIAN_POINT('Ctrl Pts',(59.8055942356586,-6.47476077079773,0.));
#11085=CARTESIAN_POINT('Ctrl Pts',(59.8055942356586,-6.47476077079773,0.02));
#11086=CARTESIAN_POINT('Ctrl Pts',(59.858081045219,-6.45341312107654,0.));
#11087=CARTESIAN_POINT('Ctrl Pts',(59.858081045219,-6.45341312107654,0.02));
#11088=CARTESIAN_POINT('Ctrl Pts',(59.9538954157731,-6.41444310864913,0.));
#11089=CARTESIAN_POINT('Ctrl Pts',(59.9538954157731,-6.41444310864913,0.02));
#11090=CARTESIAN_POINT('Ctrl Pts',(60.0279187510633,-6.34254100433405,0.));
#11091=CARTESIAN_POINT('Ctrl Pts',(60.0279187510633,-6.34254100433405,0.02));
#11092=CARTESIAN_POINT('Ctrl Pts',(60.0613923370838,-6.3100266456604,0.));
#11093=CARTESIAN_POINT('Ctrl Pts',(60.0613923370838,-6.3100266456604,0.02));
#11094=CARTESIAN_POINT('',(59.8055942356586,-6.47476077079773,0.));
#11095=CARTESIAN_POINT('Ctrl Pts',(59.8055942356586,-6.47476077079773,0.));
#11096=CARTESIAN_POINT('Ctrl Pts',(59.858081045219,-6.45341312107654,0.));
#11097=CARTESIAN_POINT('Ctrl Pts',(59.9538954157731,-6.41444310864913,0.));
#11098=CARTESIAN_POINT('Ctrl Pts',(60.0279187510633,-6.34254100433405,0.));
#11099=CARTESIAN_POINT('Ctrl Pts',(60.0613923370838,-6.3100266456604,0.));
#11100=CARTESIAN_POINT('',(59.8055942356586,-6.47476077079773,0.02));
#11101=CARTESIAN_POINT('',(59.8055942356586,-6.47476077079773,0.));
#11102=CARTESIAN_POINT('Ctrl Pts',(59.8055942356586,-6.47476077079773,0.02));
#11103=CARTESIAN_POINT('Ctrl Pts',(59.858081045219,-6.45341312107654,0.02));
#11104=CARTESIAN_POINT('Ctrl Pts',(59.9538954157731,-6.41444310864913,0.02));
#11105=CARTESIAN_POINT('Ctrl Pts',(60.0279187510633,-6.34254100433405,0.02));
#11106=CARTESIAN_POINT('Ctrl Pts',(60.0613923370838,-6.3100266456604,0.02));
#11107=CARTESIAN_POINT('Ctrl Pts',(59.3533428013325,-6.54024541378021,0.));
#11108=CARTESIAN_POINT('Ctrl Pts',(59.3533428013325,-6.54024541378021,0.02));
#11109=CARTESIAN_POINT('Ctrl Pts',(59.4380358740427,-6.53881931318942,0.));
#11110=CARTESIAN_POINT('Ctrl Pts',(59.4380358740427,-6.53881931318942,0.02));
#11111=CARTESIAN_POINT('Ctrl Pts',(59.5917491192273,-6.53623101945114,0.));
#11112=CARTESIAN_POINT('Ctrl Pts',(59.5917491192273,-6.53623101945114,0.02));
#11113=CARTESIAN_POINT('Ctrl Pts',(59.7393283516524,-6.49380904477789,0.));
#11114=CARTESIAN_POINT('Ctrl Pts',(59.7393283516524,-6.49380904477789,0.02));
#11115=CARTESIAN_POINT('Ctrl Pts',(59.8055942356586,-6.47476077079773,0.));
#11116=CARTESIAN_POINT('Ctrl Pts',(59.8055942356586,-6.47476077079773,0.02));
#11117=CARTESIAN_POINT('',(59.3533428013325,-6.54024541378021,0.));
#11118=CARTESIAN_POINT('Ctrl Pts',(59.3533428013325,-6.54024541378021,0.));
#11119=CARTESIAN_POINT('Ctrl Pts',(59.4380358740427,-6.53881931318942,0.));
#11120=CARTESIAN_POINT('Ctrl Pts',(59.5917491192273,-6.53623101945114,0.));
#11121=CARTESIAN_POINT('Ctrl Pts',(59.7393283516524,-6.49380904477789,0.));
#11122=CARTESIAN_POINT('Ctrl Pts',(59.8055942356586,-6.47476077079773,0.));
#11123=CARTESIAN_POINT('',(59.3533428013325,-6.54024541378021,0.02));
#11124=CARTESIAN_POINT('',(59.3533428013325,-6.54024541378021,0.));
#11125=CARTESIAN_POINT('Ctrl Pts',(59.3533428013325,-6.54024541378021,0.02));
#11126=CARTESIAN_POINT('Ctrl Pts',(59.4380358740427,-6.53881931318942,0.02));
#11127=CARTESIAN_POINT('Ctrl Pts',(59.5917491192273,-6.53623101945114,0.02));
#11128=CARTESIAN_POINT('Ctrl Pts',(59.7393283516524,-6.49380904477789,0.02));
#11129=CARTESIAN_POINT('Ctrl Pts',(59.8055942356586,-6.47476077079773,0.02));
#11130=CARTESIAN_POINT('Ctrl Pts',(58.8601644337177,-6.46350562572479,0.));
#11131=CARTESIAN_POINT('Ctrl Pts',(58.8601644337177,-6.46350562572479,0.02));
#11132=CARTESIAN_POINT('Ctrl Pts',(58.9362232144297,-6.48586997563122,0.));
#11133=CARTESIAN_POINT('Ctrl Pts',(58.9362232144297,-6.48586997563122,0.02));
#11134=CARTESIAN_POINT('Ctrl Pts',(59.0971289314164,-6.53318274771293,0.));
#11135=CARTESIAN_POINT('Ctrl Pts',(59.0971289314164,-6.53318274771293,0.02));
#11136=CARTESIAN_POINT('Ctrl Pts',(59.2648840945597,-6.53780700438854,0.));
#11137=CARTESIAN_POINT('Ctrl Pts',(59.2648840945597,-6.53780700438854,0.02));
#11138=CARTESIAN_POINT('Ctrl Pts',(59.3533428013325,-6.54024541378021,0.));
#11139=CARTESIAN_POINT('Ctrl Pts',(59.3533428013325,-6.54024541378021,0.02));
#11140=CARTESIAN_POINT('',(58.8601644337177,-6.46350562572479,0.));
#11141=CARTESIAN_POINT('Ctrl Pts',(58.8601644337177,-6.46350562572479,0.));
#11142=CARTESIAN_POINT('Ctrl Pts',(58.9362232144297,-6.48586997563122,0.));
#11143=CARTESIAN_POINT('Ctrl Pts',(59.0971289314164,-6.53318274771293,0.));
#11144=CARTESIAN_POINT('Ctrl Pts',(59.2648840945597,-6.53780700438854,0.));
#11145=CARTESIAN_POINT('Ctrl Pts',(59.3533428013325,-6.54024541378021,0.));
#11146=CARTESIAN_POINT('',(58.8601644337177,-6.46350562572479,0.02));
#11147=CARTESIAN_POINT('',(58.8601644337177,-6.46350562572479,0.));
#11148=CARTESIAN_POINT('Ctrl Pts',(58.8601644337177,-6.46350562572479,0.02));
#11149=CARTESIAN_POINT('Ctrl Pts',(58.9362232144297,-6.48586997563122,0.02));
#11150=CARTESIAN_POINT('Ctrl Pts',(59.0971289314164,-6.53318274771293,0.02));
#11151=CARTESIAN_POINT('Ctrl Pts',(59.2648840945597,-6.53780700438854,0.02));
#11152=CARTESIAN_POINT('Ctrl Pts',(59.3533428013325,-6.54024541378021,0.02));
#11153=CARTESIAN_POINT('Ctrl Pts',(58.5347898304462,-6.24454259872437,0.));
#11154=CARTESIAN_POINT('Ctrl Pts',(58.5347898304462,-6.24454259872437,0.02));
#11155=CARTESIAN_POINT('Ctrl Pts',(58.5783513539374,-6.28986797382075,0.));
#11156=CARTESIAN_POINT('Ctrl Pts',(58.5783513539374,-6.28986797382075,0.02));
#11157=CARTESIAN_POINT('Ctrl Pts',(58.6708672495435,-6.38612993471319,0.));
#11158=CARTESIAN_POINT('Ctrl Pts',(58.6708672495435,-6.38612993471319,0.02));
#11159=CARTESIAN_POINT('Ctrl Pts',(58.7946600352059,-6.4367305412392,0.));
#11160=CARTESIAN_POINT('Ctrl Pts',(58.7946600352059,-6.4367305412392,0.02));
#11161=CARTESIAN_POINT('Ctrl Pts',(58.8601644337177,-6.46350562572479,0.));
#11162=CARTESIAN_POINT('Ctrl Pts',(58.8601644337177,-6.46350562572479,0.02));
#11163=CARTESIAN_POINT('',(58.5347898304462,-6.24454259872437,0.));
#11164=CARTESIAN_POINT('Ctrl Pts',(58.5347898304462,-6.24454259872437,0.));
#11165=CARTESIAN_POINT('Ctrl Pts',(58.5783513539374,-6.28986797382075,0.));
#11166=CARTESIAN_POINT('Ctrl Pts',(58.6708672495435,-6.38612993471319,0.));
#11167=CARTESIAN_POINT('Ctrl Pts',(58.7946600352059,-6.4367305412392,0.));
#11168=CARTESIAN_POINT('Ctrl Pts',(58.8601644337177,-6.46350562572479,0.));
#11169=CARTESIAN_POINT('',(58.5347898304462,-6.24454259872437,0.02));
#11170=CARTESIAN_POINT('',(58.5347898304462,-6.24454259872437,0.));
#11171=CARTESIAN_POINT('Ctrl Pts',(58.5347898304462,-6.24454259872437,0.02));
#11172=CARTESIAN_POINT('Ctrl Pts',(58.5783513539374,-6.28986797382075,0.02));
#11173=CARTESIAN_POINT('Ctrl Pts',(58.6708672495435,-6.38612993471319,0.02));
#11174=CARTESIAN_POINT('Ctrl Pts',(58.7946600352059,-6.4367305412392,0.02));
#11175=CARTESIAN_POINT('Ctrl Pts',(58.8601644337177,-6.46350562572479,0.02));
#11176=CARTESIAN_POINT('Ctrl Pts',(58.3731253445148,-5.8710777759552,0.));
#11177=CARTESIAN_POINT('Ctrl Pts',(58.3731253445148,-5.8710777759552,0.02));
#11178=CARTESIAN_POINT('Ctrl Pts',(58.3906923516342,-5.94254937806744,0.));
#11179=CARTESIAN_POINT('Ctrl Pts',(58.3906923516342,-5.94254937806744,0.02));
#11180=CARTESIAN_POINT('Ctrl Pts',(58.4235740343898,-6.076328941696,0.));
#11181=CARTESIAN_POINT('Ctrl Pts',(58.4235740343898,-6.076328941696,0.02));
#11182=CARTESIAN_POINT('Ctrl Pts',(58.4994503587712,-6.1910917223318,0.));
#11183=CARTESIAN_POINT('Ctrl Pts',(58.4994503587712,-6.1910917223318,0.02));
#11184=CARTESIAN_POINT('Ctrl Pts',(58.5347898304462,-6.24454259872437,0.));
#11185=CARTESIAN_POINT('Ctrl Pts',(58.5347898304462,-6.24454259872437,0.02));
#11186=CARTESIAN_POINT('',(58.3731253445148,-5.8710777759552,0.));
#11187=CARTESIAN_POINT('Ctrl Pts',(58.3731253445148,-5.8710777759552,0.));
#11188=CARTESIAN_POINT('Ctrl Pts',(58.3906923516342,-5.94254937806744,0.));
#11189=CARTESIAN_POINT('Ctrl Pts',(58.4235740343898,-6.076328941696,0.));
#11190=CARTESIAN_POINT('Ctrl Pts',(58.4994503587712,-6.1910917223318,0.));
#11191=CARTESIAN_POINT('Ctrl Pts',(58.5347898304462,-6.24454259872437,0.));
#11192=CARTESIAN_POINT('',(58.3731253445148,-5.8710777759552,0.02));
#11193=CARTESIAN_POINT('',(58.3731253445148,-5.8710777759552,0.));
#11194=CARTESIAN_POINT('Ctrl Pts',(58.3731253445148,-5.8710777759552,0.02));
#11195=CARTESIAN_POINT('Ctrl Pts',(58.3906923516342,-5.94254937806744,0.02));
#11196=CARTESIAN_POINT('Ctrl Pts',(58.4235740343898,-6.076328941696,0.02));
#11197=CARTESIAN_POINT('Ctrl Pts',(58.4994503587712,-6.1910917223318,0.02));
#11198=CARTESIAN_POINT('Ctrl Pts',(58.5347898304462,-6.24454259872437,0.02));
#11199=CARTESIAN_POINT('Origin',(58.7332887947559,-5.82196414470673,0.));
#11200=CARTESIAN_POINT('',(58.7332887947559,-5.82196414470673,0.));
#11201=CARTESIAN_POINT('',(42.6630970924618,-8.01337326417855,0.));
#11202=CARTESIAN_POINT('',(58.7332887947559,-5.82196414470673,0.02));
#11203=CARTESIAN_POINT('',(58.7332887947559,-5.82196414470673,0.));
#11204=CARTESIAN_POINT('',(58.7332887947559,-5.82196414470673,0.02));
#11205=CARTESIAN_POINT('Ctrl Pts',(58.916439563036,-6.14426970481873,0.));
#11206=CARTESIAN_POINT('Ctrl Pts',(58.916439563036,-6.14426970481873,0.02));
#11207=CARTESIAN_POINT('Ctrl Pts',(58.8770026399999,-6.1043408931618,0.));
#11208=CARTESIAN_POINT('Ctrl Pts',(58.8770026399999,-6.1043408931618,0.02));
#11209=CARTESIAN_POINT('Ctrl Pts',(58.7875760974615,-6.01379895177156,0.));
#11210=CARTESIAN_POINT('Ctrl Pts',(58.7875760974615,-6.01379895177156,0.02));
#11211=CARTESIAN_POINT('Ctrl Pts',(58.7527542682443,-5.89074920428733,0.));
#11212=CARTESIAN_POINT('Ctrl Pts',(58.7527542682443,-5.89074920428733,0.02));
#11213=CARTESIAN_POINT('Ctrl Pts',(58.7332887947559,-5.82196414470673,0.));
#11214=CARTESIAN_POINT('Ctrl Pts',(58.7332887947559,-5.82196414470673,0.02));
#11215=CARTESIAN_POINT('',(58.916439563036,-6.14426970481873,0.));
#11216=CARTESIAN_POINT('Ctrl Pts',(58.916439563036,-6.14426970481873,0.));
#11217=CARTESIAN_POINT('Ctrl Pts',(58.8770026399999,-6.1043408931618,0.));
#11218=CARTESIAN_POINT('Ctrl Pts',(58.7875760974615,-6.01379895177156,0.));
#11219=CARTESIAN_POINT('Ctrl Pts',(58.7527542682443,-5.89074920428733,0.));
#11220=CARTESIAN_POINT('Ctrl Pts',(58.7332887947559,-5.82196414470673,0.));
#11221=CARTESIAN_POINT('',(58.916439563036,-6.14426970481873,0.02));
#11222=CARTESIAN_POINT('',(58.916439563036,-6.14426970481873,0.));
#11223=CARTESIAN_POINT('Ctrl Pts',(58.916439563036,-6.14426970481873,0.02));
#11224=CARTESIAN_POINT('Ctrl Pts',(58.8770026399999,-6.1043408931618,0.02));
#11225=CARTESIAN_POINT('Ctrl Pts',(58.7875760974615,-6.01379895177156,0.02));
#11226=CARTESIAN_POINT('Ctrl Pts',(58.7527542682443,-5.89074920428733,0.02));
#11227=CARTESIAN_POINT('Ctrl Pts',(58.7332887947559,-5.82196414470673,0.02));
#11228=CARTESIAN_POINT('Ctrl Pts',(59.3001373112202,-6.23533368110657,0.));
#11229=CARTESIAN_POINT('Ctrl Pts',(59.3001373112202,-6.23533368110657,0.02));
#11230=CARTESIAN_POINT('Ctrl Pts',(59.2231855040433,-6.23413572799843,0.));
#11231=CARTESIAN_POINT('Ctrl Pts',(59.2231855040433,-6.23413572799843,0.02));
#11232=CARTESIAN_POINT('Ctrl Pts',(59.0879396197312,-6.23203027741294,0.));
#11233=CARTESIAN_POINT('Ctrl Pts',(59.0879396197312,-6.23203027741294,0.02));
#11234=CARTESIAN_POINT('Ctrl Pts',(58.9680952389952,-6.17070311707106,0.));
#11235=CARTESIAN_POINT('Ctrl Pts',(58.9680952389952,-6.17070311707106,0.02));
#11236=CARTESIAN_POINT('Ctrl Pts',(58.916439563036,-6.14426970481873,0.));
#11237=CARTESIAN_POINT('Ctrl Pts',(58.916439563036,-6.14426970481873,0.02));
#11238=CARTESIAN_POINT('',(59.3001373112202,-6.23533368110657,0.));
#11239=CARTESIAN_POINT('Ctrl Pts',(59.3001373112202,-6.23533368110657,0.));
#11240=CARTESIAN_POINT('Ctrl Pts',(59.2231855040433,-6.23413572799843,0.));
#11241=CARTESIAN_POINT('Ctrl Pts',(59.0879396197312,-6.23203027741294,0.));
#11242=CARTESIAN_POINT('Ctrl Pts',(58.9680952389952,-6.17070311707106,0.));
#11243=CARTESIAN_POINT('Ctrl Pts',(58.916439563036,-6.14426970481873,0.));
#11244=CARTESIAN_POINT('',(59.3001373112202,-6.23533368110657,0.02));
#11245=CARTESIAN_POINT('',(59.3001373112202,-6.23533368110657,0.));
#11246=CARTESIAN_POINT('Ctrl Pts',(59.3001373112202,-6.23533368110657,0.02));
#11247=CARTESIAN_POINT('Ctrl Pts',(59.2231855040433,-6.23413572799843,0.02));
#11248=CARTESIAN_POINT('Ctrl Pts',(59.0879396197312,-6.23203027741294,0.02));
#11249=CARTESIAN_POINT('Ctrl Pts',(58.9680952389952,-6.17070311707106,0.02));
#11250=CARTESIAN_POINT('Ctrl Pts',(58.916439563036,-6.14426970481873,0.02));
#11251=CARTESIAN_POINT('Ctrl Pts',(59.7196455299854,-6.11050426959991,0.));
#11252=CARTESIAN_POINT('Ctrl Pts',(59.7196455299854,-6.11050426959991,0.02));
#11253=CARTESIAN_POINT('Ctrl Pts',(59.6627778242565,-6.14680737617285,0.));
#11254=CARTESIAN_POINT('Ctrl Pts',(59.6627778242565,-6.14680737617285,0.02));
#11255=CARTESIAN_POINT('Ctrl Pts',(59.5355673783653,-6.2280157582447,0.));
#11256=CARTESIAN_POINT('Ctrl Pts',(59.5355673783653,-6.2280157582447,0.02));
#11257=CARTESIAN_POINT('Ctrl Pts',(59.3839668680621,-6.23272798915756,0.));
#11258=CARTESIAN_POINT('Ctrl Pts',(59.3839668680621,-6.23272798915756,0.02));
#11259=CARTESIAN_POINT('Ctrl Pts',(59.3001373112202,-6.23533368110657,0.));
#11260=CARTESIAN_POINT('Ctrl Pts',(59.3001373112202,-6.23533368110657,0.02));
#11261=CARTESIAN_POINT('',(59.7196455299854,-6.11050426959991,0.));
#11262=CARTESIAN_POINT('Ctrl Pts',(59.7196455299854,-6.11050426959991,0.));
#11263=CARTESIAN_POINT('Ctrl Pts',(59.6627778242565,-6.14680737617285,0.));
#11264=CARTESIAN_POINT('Ctrl Pts',(59.5355673783653,-6.2280157582447,0.));
#11265=CARTESIAN_POINT('Ctrl Pts',(59.3839668680621,-6.23272798915756,0.));
#11266=CARTESIAN_POINT('Ctrl Pts',(59.3001373112202,-6.23533368110657,0.));
#11267=CARTESIAN_POINT('',(59.7196455299854,-6.11050426959991,0.02));
#11268=CARTESIAN_POINT('',(59.7196455299854,-6.11050426959991,0.));
#11269=CARTESIAN_POINT('Ctrl Pts',(59.7196455299854,-6.11050426959991,0.02));
#11270=CARTESIAN_POINT('Ctrl Pts',(59.6627778242565,-6.14680737617285,0.02));
#11271=CARTESIAN_POINT('Ctrl Pts',(59.5355673783653,-6.2280157582447,0.02));
#11272=CARTESIAN_POINT('Ctrl Pts',(59.3839668680621,-6.23272798915756,0.02));
#11273=CARTESIAN_POINT('Ctrl Pts',(59.3001373112202,-6.23533368110657,0.02));
#11274=CARTESIAN_POINT('Ctrl Pts',(59.8240120708942,-5.79331457614899,0.));
#11275=CARTESIAN_POINT('Ctrl Pts',(59.8240120708942,-5.79331457614899,0.02));
#11276=CARTESIAN_POINT('Ctrl Pts',(59.8225420850038,-5.85987549043797,0.));
#11277=CARTESIAN_POINT('Ctrl Pts',(59.8225420850038,-5.85987549043797,0.02));
#11278=CARTESIAN_POINT('Ctrl Pts',(59.8199501534652,-5.97723806793866,0.));
#11279=CARTESIAN_POINT('Ctrl Pts',(59.8199501534652,-5.97723806793866,0.02));
#11280=CARTESIAN_POINT('Ctrl Pts',(59.7499471070568,-6.070245147532,0.));
#11281=CARTESIAN_POINT('Ctrl Pts',(59.7499471070568,-6.070245147532,0.02));
#11282=CARTESIAN_POINT('Ctrl Pts',(59.7196455299854,-6.11050426959991,0.));
#11283=CARTESIAN_POINT('Ctrl Pts',(59.7196455299854,-6.11050426959991,0.02));
#11284=CARTESIAN_POINT('',(59.8240120708942,-5.79331457614899,0.));
#11285=CARTESIAN_POINT('Ctrl Pts',(59.8240120708942,-5.79331457614899,0.));
#11286=CARTESIAN_POINT('Ctrl Pts',(59.8225420850038,-5.85987549043797,0.));
#11287=CARTESIAN_POINT('Ctrl Pts',(59.8199501534652,-5.97723806793866,0.));
#11288=CARTESIAN_POINT('Ctrl Pts',(59.7499471070568,-6.070245147532,0.));
#11289=CARTESIAN_POINT('Ctrl Pts',(59.7196455299854,-6.11050426959991,0.));
#11290=CARTESIAN_POINT('',(59.8240120708942,-5.79331457614899,0.02));
#11291=CARTESIAN_POINT('',(59.8240120708942,-5.79331457614899,0.));
#11292=CARTESIAN_POINT('Ctrl Pts',(59.8240120708942,-5.79331457614899,0.02));
#11293=CARTESIAN_POINT('Ctrl Pts',(59.8225420850038,-5.85987549043797,0.02));
#11294=CARTESIAN_POINT('Ctrl Pts',(59.8199501534652,-5.97723806793866,0.02));
#11295=CARTESIAN_POINT('Ctrl Pts',(59.7499471070568,-6.070245147532,0.02));
#11296=CARTESIAN_POINT('Ctrl Pts',(59.7196455299854,-6.11050426959991,0.02));
#11297=CARTESIAN_POINT('Ctrl Pts',(59.8219652473927,-5.69713473320007,0.));
#11298=CARTESIAN_POINT('Ctrl Pts',(59.8219652473927,-5.69713473320007,0.02));
#11299=CARTESIAN_POINT('Ctrl Pts',(59.8225419099942,-5.71776796862564,0.));
#11300=CARTESIAN_POINT('Ctrl Pts',(59.8225419099942,-5.71776796862564,0.02));
#11301=CARTESIAN_POINT('Ctrl Pts',(59.823437810456,-5.74982367173252,0.));
#11302=CARTESIAN_POINT('Ctrl Pts',(59.823437810456,-5.74982367173252,0.02));
#11303=CARTESIAN_POINT('Ctrl Pts',(59.8238612027418,-5.78188876312323,0.));
#11304=CARTESIAN_POINT('Ctrl Pts',(59.8238612027418,-5.78188876312323,0.02));
#11305=CARTESIAN_POINT('Ctrl Pts',(59.8240120708942,-5.79331457614899,0.));
#11306=CARTESIAN_POINT('Ctrl Pts',(59.8240120708942,-5.79331457614899,0.02));
#11307=CARTESIAN_POINT('',(59.8219652473927,-5.69713473320007,0.));
#11308=CARTESIAN_POINT('Ctrl Pts',(59.8219652473927,-5.69713473320007,0.));
#11309=CARTESIAN_POINT('Ctrl Pts',(59.8225419099942,-5.71776796862564,0.));
#11310=CARTESIAN_POINT('Ctrl Pts',(59.823437810456,-5.74982367173252,0.));
#11311=CARTESIAN_POINT('Ctrl Pts',(59.8238612027418,-5.78188876312323,0.));
#11312=CARTESIAN_POINT('Ctrl Pts',(59.8240120708942,-5.79331457614899,0.));
#11313=CARTESIAN_POINT('',(59.8219652473927,-5.69713473320007,0.02));
#11314=CARTESIAN_POINT('',(59.8219652473927,-5.69713473320007,0.));
#11315=CARTESIAN_POINT('Ctrl Pts',(59.8219652473927,-5.69713473320007,0.02));
#11316=CARTESIAN_POINT('Ctrl Pts',(59.8225419099942,-5.71776796862564,0.02));
#11317=CARTESIAN_POINT('Ctrl Pts',(59.823437810456,-5.74982367173252,0.02));
#11318=CARTESIAN_POINT('Ctrl Pts',(59.8238612027418,-5.78188876312323,0.02));
#11319=CARTESIAN_POINT('Ctrl Pts',(59.8240120708942,-5.79331457614899,0.02));
#11320=CARTESIAN_POINT('Ctrl Pts',(59.1650755703449,-5.57025909423828,0.));
#11321=CARTESIAN_POINT('Ctrl Pts',(59.1650755703449,-5.57025909423828,0.02));
#11322=CARTESIAN_POINT('Ctrl Pts',(59.2949195136742,-5.58597824165472,0.));
#11323=CARTESIAN_POINT('Ctrl Pts',(59.2949195136742,-5.58597824165472,0.02));
#11324=CARTESIAN_POINT('Ctrl Pts',(59.5169936038622,-5.61286294086773,0.));
#11325=CARTESIAN_POINT('Ctrl Pts',(59.5169936038622,-5.61286294086773,0.02));
#11326=CARTESIAN_POINT('Ctrl Pts',(59.732473677903,-5.67240582767881,0.));
#11327=CARTESIAN_POINT('Ctrl Pts',(59.732473677903,-5.67240582767881,0.02));
#11328=CARTESIAN_POINT('Ctrl Pts',(59.8219652473927,-5.69713473320007,0.));
#11329=CARTESIAN_POINT('Ctrl Pts',(59.8219652473927,-5.69713473320007,0.02));
#11330=CARTESIAN_POINT('',(59.1650755703449,-5.57025909423828,0.));
#11331=CARTESIAN_POINT('Ctrl Pts',(59.1650755703449,-5.57025909423828,0.));
#11332=CARTESIAN_POINT('Ctrl Pts',(59.2949195136742,-5.58597824165472,0.));
#11333=CARTESIAN_POINT('Ctrl Pts',(59.5169936038622,-5.61286294086773,0.));
#11334=CARTESIAN_POINT('Ctrl Pts',(59.732473677903,-5.67240582767881,0.));
#11335=CARTESIAN_POINT('Ctrl Pts',(59.8219652473927,-5.69713473320007,0.));
#11336=CARTESIAN_POINT('',(59.1650755703449,-5.57025909423828,0.02));
#11337=CARTESIAN_POINT('',(59.1650755703449,-5.57025909423828,0.));
#11338=CARTESIAN_POINT('Ctrl Pts',(59.1650755703449,-5.57025909423828,0.02));
#11339=CARTESIAN_POINT('Ctrl Pts',(59.2949195136742,-5.58597824165472,0.02));
#11340=CARTESIAN_POINT('Ctrl Pts',(59.5169936038622,-5.61286294086773,0.02));
#11341=CARTESIAN_POINT('Ctrl Pts',(59.732473677903,-5.67240582767881,0.02));
#11342=CARTESIAN_POINT('Ctrl Pts',(59.8219652473927,-5.69713473320007,0.02));
#11343=CARTESIAN_POINT('Ctrl Pts',(58.8376541435719,-5.51500618457794,0.));
#11344=CARTESIAN_POINT('Ctrl Pts',(58.8376541435719,-5.51500618457794,0.02));
#11345=CARTESIAN_POINT('Ctrl Pts',(58.8829112267382,-5.52498765017106,0.));
#11346=CARTESIAN_POINT('Ctrl Pts',(58.8829112267382,-5.52498765017106,0.02));
#11347=CARTESIAN_POINT('Ctrl Pts',(58.9911040562968,-5.54884961674303,0.));
#11348=CARTESIAN_POINT('Ctrl Pts',(58.9911040562968,-5.54884961674303,0.02));
#11349=CARTESIAN_POINT('Ctrl Pts',(59.1010942800971,-5.56238535697059,0.));
#11350=CARTESIAN_POINT('Ctrl Pts',(59.1010942800971,-5.56238535697059,0.02));
#11351=CARTESIAN_POINT('Ctrl Pts',(59.1650755703449,-5.57025909423828,0.));
#11352=CARTESIAN_POINT('Ctrl Pts',(59.1650755703449,-5.57025909423828,0.02));
#11353=CARTESIAN_POINT('',(58.8376541435719,-5.51500618457794,0.));
#11354=CARTESIAN_POINT('Ctrl Pts',(58.8376541435719,-5.51500618457794,0.));
#11355=CARTESIAN_POINT('Ctrl Pts',(58.8829112267382,-5.52498765017106,0.));
#11356=CARTESIAN_POINT('Ctrl Pts',(58.9911040562968,-5.54884961674303,0.));
#11357=CARTESIAN_POINT('Ctrl Pts',(59.1010942800971,-5.56238535697059,0.));
#11358=CARTESIAN_POINT('Ctrl Pts',(59.1650755703449,-5.57025909423828,0.));
#11359=CARTESIAN_POINT('',(58.8376541435719,-5.51500618457794,0.02));
#11360=CARTESIAN_POINT('',(58.8376541435719,-5.51500618457794,0.));
#11361=CARTESIAN_POINT('Ctrl Pts',(58.8376541435719,-5.51500618457794,0.02));
#11362=CARTESIAN_POINT('Ctrl Pts',(58.8829112267382,-5.52498765017106,0.02));
#11363=CARTESIAN_POINT('Ctrl Pts',(58.9911040562968,-5.54884961674303,0.02));
#11364=CARTESIAN_POINT('Ctrl Pts',(59.1010942800971,-5.56238535697059,0.02));
#11365=CARTESIAN_POINT('Ctrl Pts',(59.1650755703449,-5.57025909423828,0.02));
#11366=CARTESIAN_POINT('Ctrl Pts',(58.5726471245289,-5.39426982402802,0.));
#11367=CARTESIAN_POINT('Ctrl Pts',(58.5726471245289,-5.39426982402802,0.02));
#11368=CARTESIAN_POINT('Ctrl Pts',(58.6135457913789,-5.41937361409047,0.));
#11369=CARTESIAN_POINT('Ctrl Pts',(58.6135457913789,-5.41937361409047,0.02));
#11370=CARTESIAN_POINT('Ctrl Pts',(58.6968900990626,-5.47053073397078,0.));
#11371=CARTESIAN_POINT('Ctrl Pts',(58.6968900990626,-5.47053073397078,0.02));
#11372=CARTESIAN_POINT('Ctrl Pts',(58.7901557532318,-5.49999871359447,0.));
#11373=CARTESIAN_POINT('Ctrl Pts',(58.7901557532318,-5.49999871359447,0.02));
#11374=CARTESIAN_POINT('Ctrl Pts',(58.8376541435719,-5.51500618457794,0.));
#11375=CARTESIAN_POINT('Ctrl Pts',(58.8376541435719,-5.51500618457794,0.02));
#11376=CARTESIAN_POINT('',(58.5726471245289,-5.39426982402802,0.));
#11377=CARTESIAN_POINT('Ctrl Pts',(58.5726471245289,-5.39426982402802,0.));
#11378=CARTESIAN_POINT('Ctrl Pts',(58.6135457913789,-5.41937361409047,0.));
#11379=CARTESIAN_POINT('Ctrl Pts',(58.6968900990626,-5.47053073397078,0.));
#11380=CARTESIAN_POINT('Ctrl Pts',(58.7901557532318,-5.49999871359447,0.));
#11381=CARTESIAN_POINT('Ctrl Pts',(58.8376541435719,-5.51500618457794,0.));
#11382=CARTESIAN_POINT('',(58.5726471245289,-5.39426982402802,0.02));
#11383=CARTESIAN_POINT('',(58.5726471245289,-5.39426982402802,0.));
#11384=CARTESIAN_POINT('Ctrl Pts',(58.5726471245289,-5.39426982402802,0.02));
#11385=CARTESIAN_POINT('Ctrl Pts',(58.6135457913789,-5.41937361409047,0.02));
#11386=CARTESIAN_POINT('Ctrl Pts',(58.6968900990626,-5.47053073397078,0.02));
#11387=CARTESIAN_POINT('Ctrl Pts',(58.7901557532318,-5.49999871359447,0.02));
#11388=CARTESIAN_POINT('Ctrl Pts',(58.8376541435719,-5.51500618457794,0.02));
#11389=CARTESIAN_POINT('Ctrl Pts',(58.3823330700397,-5.1824688911438,0.));
#11390=CARTESIAN_POINT('Ctrl Pts',(58.3823330700397,-5.1824688911438,0.02));
#11391=CARTESIAN_POINT('Ctrl Pts',(58.4081200826023,-5.22408395593816,0.));
#11392=CARTESIAN_POINT('Ctrl Pts',(58.4081200826023,-5.22408395593816,0.02));
#11393=CARTESIAN_POINT('Ctrl Pts',(58.4589267240638,-5.30607568224896,0.));
#11394=CARTESIAN_POINT('Ctrl Pts',(58.4589267240638,-5.30607568224896,0.02));
#11395=CARTESIAN_POINT('Ctrl Pts',(58.5351239520934,-5.36516929346147,0.));
#11396=CARTESIAN_POINT('Ctrl Pts',(58.5351239520934,-5.36516929346147,0.02));
#11397=CARTESIAN_POINT('Ctrl Pts',(58.5726471245289,-5.39426982402802,0.));
#11398=CARTESIAN_POINT('Ctrl Pts',(58.5726471245289,-5.39426982402802,0.02));
#11399=CARTESIAN_POINT('',(58.3823330700397,-5.1824688911438,0.));
#11400=CARTESIAN_POINT('Ctrl Pts',(58.3823330700397,-5.1824688911438,0.));
#11401=CARTESIAN_POINT('Ctrl Pts',(58.4081200826023,-5.22408395593816,0.));
#11402=CARTESIAN_POINT('Ctrl Pts',(58.4589267240638,-5.30607568224896,0.));
#11403=CARTESIAN_POINT('Ctrl Pts',(58.5351239520934,-5.36516929346147,0.));
#11404=CARTESIAN_POINT('Ctrl Pts',(58.5726471245289,-5.39426982402802,0.));
#11405=CARTESIAN_POINT('',(58.3823330700397,-5.1824688911438,0.02));
#11406=CARTESIAN_POINT('',(58.3823330700397,-5.1824688911438,0.));
#11407=CARTESIAN_POINT('Ctrl Pts',(58.3823330700397,-5.1824688911438,0.02));
#11408=CARTESIAN_POINT('Ctrl Pts',(58.4081200826023,-5.22408395593816,0.02));
#11409=CARTESIAN_POINT('Ctrl Pts',(58.4589267240638,-5.30607568224896,0.02));
#11410=CARTESIAN_POINT('Ctrl Pts',(58.5351239520934,-5.36516929346147,0.02));
#11411=CARTESIAN_POINT('Ctrl Pts',(58.5726471245289,-5.39426982402802,0.02));
#11412=CARTESIAN_POINT('Ctrl Pts',(58.3096869289875,-4.89085912704468,0.));
#11413=CARTESIAN_POINT('Ctrl Pts',(58.3096869289875,-4.89085912704468,0.02));
#11414=CARTESIAN_POINT('Ctrl Pts',(58.3125269385383,-4.94257045576268,0.));
#11415=CARTESIAN_POINT('Ctrl Pts',(58.3125269385383,-4.94257045576268,0.02));
#11416=CARTESIAN_POINT('Ctrl Pts',(58.3181222543873,-5.04445082340734,0.));
#11417=CARTESIAN_POINT('Ctrl Pts',(58.3181222543873,-5.04445082340734,0.02));
#11418=CARTESIAN_POINT('Ctrl Pts',(58.3611465690029,-5.13692952358563,0.));
#11419=CARTESIAN_POINT('Ctrl Pts',(58.3611465690029,-5.13692952358563,0.02));
#11420=CARTESIAN_POINT('Ctrl Pts',(58.3823330700397,-5.1824688911438,0.));
#11421=CARTESIAN_POINT('Ctrl Pts',(58.3823330700397,-5.1824688911438,0.02));
#11422=CARTESIAN_POINT('',(58.3096869289875,-4.89085912704468,0.));
#11423=CARTESIAN_POINT('Ctrl Pts',(58.3096869289875,-4.89085912704468,0.));
#11424=CARTESIAN_POINT('Ctrl Pts',(58.3125269385383,-4.94257045576268,0.));
#11425=CARTESIAN_POINT('Ctrl Pts',(58.3181222543873,-5.04445082340734,0.));
#11426=CARTESIAN_POINT('Ctrl Pts',(58.3611465690029,-5.13692952358563,0.));
#11427=CARTESIAN_POINT('Ctrl Pts',(58.3823330700397,-5.1824688911438,0.));
#11428=CARTESIAN_POINT('',(58.3096869289875,-4.89085912704468,0.02));
#11429=CARTESIAN_POINT('',(58.3096869289875,-4.89085912704468,0.));
#11430=CARTESIAN_POINT('Ctrl Pts',(58.3096869289875,-4.89085912704468,0.02));
#11431=CARTESIAN_POINT('Ctrl Pts',(58.3125269385383,-4.94257045576268,0.02));
#11432=CARTESIAN_POINT('Ctrl Pts',(58.3181222543873,-5.04445082340734,0.02));
#11433=CARTESIAN_POINT('Ctrl Pts',(58.3611465690029,-5.13692952358563,0.02));
#11434=CARTESIAN_POINT('Ctrl Pts',(58.3823330700397,-5.1824688911438,0.02));
#11435=CARTESIAN_POINT('Ctrl Pts',(58.5020466148853,-4.44372415542603,0.));
#11436=CARTESIAN_POINT('Ctrl Pts',(58.5020466148853,-4.44372415542603,0.02));
#11437=CARTESIAN_POINT('Ctrl Pts',(58.4459439367324,-4.50667206908547,0.));
#11438=CARTESIAN_POINT('Ctrl Pts',(58.4459439367324,-4.50667206908547,0.02));
#11439=CARTESIAN_POINT('Ctrl Pts',(58.3322609392165,-4.63422582850974,0.));
#11440=CARTESIAN_POINT('Ctrl Pts',(58.3322609392165,-4.63422582850974,0.02));
#11441=CARTESIAN_POINT('Ctrl Pts',(58.3172765210962,-4.8045766261676,0.));
#11442=CARTESIAN_POINT('Ctrl Pts',(58.3172765210962,-4.8045766261676,0.02));
#11443=CARTESIAN_POINT('Ctrl Pts',(58.3096869289875,-4.89085912704468,0.));
#11444=CARTESIAN_POINT('Ctrl Pts',(58.3096869289875,-4.89085912704468,0.02));
#11445=CARTESIAN_POINT('',(58.5020466148853,-4.44372415542603,0.));
#11446=CARTESIAN_POINT('Ctrl Pts',(58.5020466148853,-4.44372415542603,0.));
#11447=CARTESIAN_POINT('Ctrl Pts',(58.4459439367324,-4.50667206908547,0.));
#11448=CARTESIAN_POINT('Ctrl Pts',(58.3322609392165,-4.63422582850974,0.));
#11449=CARTESIAN_POINT('Ctrl Pts',(58.3172765210962,-4.8045766261676,0.));
#11450=CARTESIAN_POINT('Ctrl Pts',(58.3096869289875,-4.89085912704468,0.));
#11451=CARTESIAN_POINT('',(58.5020466148853,-4.44372415542603,0.02));
#11452=CARTESIAN_POINT('',(58.5020466148853,-4.44372415542603,0.));
#11453=CARTESIAN_POINT('Ctrl Pts',(58.5020466148853,-4.44372415542603,0.02));
#11454=CARTESIAN_POINT('Ctrl Pts',(58.4459439367324,-4.50667206908547,0.02));
#11455=CARTESIAN_POINT('Ctrl Pts',(58.3322609392165,-4.63422582850974,0.02));
#11456=CARTESIAN_POINT('Ctrl Pts',(58.3172765210962,-4.8045766261676,0.02));
#11457=CARTESIAN_POINT('Ctrl Pts',(58.3096869289875,-4.89085912704468,0.02));
#11458=CARTESIAN_POINT('Ctrl Pts',(59.0525241196156,-4.26875829696655,0.));
#11459=CARTESIAN_POINT('Ctrl Pts',(59.0525241196156,-4.26875829696655,0.02));
#11460=CARTESIAN_POINT('Ctrl Pts',(58.9435290177992,-4.27312058032102,0.));
#11461=CARTESIAN_POINT('Ctrl Pts',(58.9435290177992,-4.27312058032102,0.02));
#11462=CARTESIAN_POINT('Ctrl Pts',(58.7431237188505,-4.28114135084359,0.));
#11463=CARTESIAN_POINT('Ctrl Pts',(58.7431237188505,-4.28114135084359,0.02));
#11464=CARTESIAN_POINT('Ctrl Pts',(58.5775631857786,-4.39279565294139,0.));
#11465=CARTESIAN_POINT('Ctrl Pts',(58.5775631857786,-4.39279565294139,0.02));
#11466=CARTESIAN_POINT('Ctrl Pts',(58.5020466148853,-4.44372415542603,0.));
#11467=CARTESIAN_POINT('Ctrl Pts',(58.5020466148853,-4.44372415542603,0.02));
#11468=CARTESIAN_POINT('',(59.0525241196156,-4.26875829696655,0.));
#11469=CARTESIAN_POINT('Ctrl Pts',(59.0525241196156,-4.26875829696655,0.));
#11470=CARTESIAN_POINT('Ctrl Pts',(58.9435290177992,-4.27312058032102,0.));
#11471=CARTESIAN_POINT('Ctrl Pts',(58.7431237188505,-4.28114135084359,0.));
#11472=CARTESIAN_POINT('Ctrl Pts',(58.5775631857786,-4.39279565294139,0.));
#11473=CARTESIAN_POINT('Ctrl Pts',(58.5020466148853,-4.44372415542603,0.));
#11474=CARTESIAN_POINT('',(59.0525241196156,-4.26875829696655,0.02));
#11475=CARTESIAN_POINT('',(59.0525241196156,-4.26875829696655,0.));
#11476=CARTESIAN_POINT('Ctrl Pts',(59.0525241196156,-4.26875829696655,0.02));
#11477=CARTESIAN_POINT('Ctrl Pts',(58.9435290177992,-4.27312058032102,0.02));
#11478=CARTESIAN_POINT('Ctrl Pts',(58.7431237188505,-4.28114135084359,0.02));
#11479=CARTESIAN_POINT('Ctrl Pts',(58.5775631857786,-4.39279565294139,0.02));
#11480=CARTESIAN_POINT('Ctrl Pts',(58.5020466148853,-4.44372415542603,0.02));
#11481=CARTESIAN_POINT('Ctrl Pts',(59.4587321579456,-4.34038162231445,0.));
#11482=CARTESIAN_POINT('Ctrl Pts',(59.4587321579456,-4.34038162231445,0.02));
#11483=CARTESIAN_POINT('Ctrl Pts',(59.3938639915267,-4.31949362968268,0.));
#11484=CARTESIAN_POINT('Ctrl Pts',(59.3938639915267,-4.31949362968268,0.02));
#11485=CARTESIAN_POINT('Ctrl Pts',(59.2617821289748,-4.27696236783144,0.));
#11486=CARTESIAN_POINT('Ctrl Pts',(59.2617821289748,-4.27696236783144,0.02));
#11487=CARTESIAN_POINT('Ctrl Pts',(59.1230977156719,-4.27152517210318,0.));
#11488=CARTESIAN_POINT('Ctrl Pts',(59.1230977156719,-4.27152517210318,0.02));
#11489=CARTESIAN_POINT('Ctrl Pts',(59.0525241196156,-4.26875829696655,0.));
#11490=CARTESIAN_POINT('Ctrl Pts',(59.0525241196156,-4.26875829696655,0.02));
#11491=CARTESIAN_POINT('',(59.4587321579456,-4.34038162231445,0.));
#11492=CARTESIAN_POINT('Ctrl Pts',(59.4587321579456,-4.34038162231445,0.));
#11493=CARTESIAN_POINT('Ctrl Pts',(59.3938639915267,-4.31949362968268,0.));
#11494=CARTESIAN_POINT('Ctrl Pts',(59.2617821289748,-4.27696236783144,0.));
#11495=CARTESIAN_POINT('Ctrl Pts',(59.1230977156719,-4.27152517210318,0.));
#11496=CARTESIAN_POINT('Ctrl Pts',(59.0525241196156,-4.26875829696655,0.));
#11497=CARTESIAN_POINT('',(59.4587321579456,-4.34038162231445,0.02));
#11498=CARTESIAN_POINT('',(59.4587321579456,-4.34038162231445,0.));
#11499=CARTESIAN_POINT('Ctrl Pts',(59.4587321579456,-4.34038162231445,0.02));
#11500=CARTESIAN_POINT('Ctrl Pts',(59.3938639915267,-4.31949362968268,0.02));
#11501=CARTESIAN_POINT('Ctrl Pts',(59.2617821289748,-4.27696236783144,0.02));
#11502=CARTESIAN_POINT('Ctrl Pts',(59.1230977156719,-4.27152517210318,0.02));
#11503=CARTESIAN_POINT('Ctrl Pts',(59.0525241196156,-4.26875829696655,0.02));
#11504=CARTESIAN_POINT('Ctrl Pts',(59.8526604473591,-4.58594799041748,0.));
#11505=CARTESIAN_POINT('Ctrl Pts',(59.8526604473591,-4.58594799041748,0.02));
#11506=CARTESIAN_POINT('Ctrl Pts',(59.7877105674295,-4.53326754614117,0.));
#11507=CARTESIAN_POINT('Ctrl Pts',(59.7877105674295,-4.53326754614117,0.02));
#11508=CARTESIAN_POINT('Ctrl Pts',(59.6665141241371,-4.4349658636089,0.));
#11509=CARTESIAN_POINT('Ctrl Pts',(59.6665141241371,-4.4349658636089,0.02));
#11510=CARTESIAN_POINT('Ctrl Pts',(59.5245956808161,-4.37036329711455,0.));
#11511=CARTESIAN_POINT('Ctrl Pts',(59.5245956808161,-4.37036329711455,0.02));
#11512=CARTESIAN_POINT('Ctrl Pts',(59.4587321579456,-4.34038162231445,0.));
#11513=CARTESIAN_POINT('Ctrl Pts',(59.4587321579456,-4.34038162231445,0.02));
#11514=CARTESIAN_POINT('',(59.8526604473591,-4.58594799041748,0.));
#11515=CARTESIAN_POINT('Ctrl Pts',(59.8526604473591,-4.58594799041748,0.));
#11516=CARTESIAN_POINT('Ctrl Pts',(59.7877105674295,-4.53326754614117,0.));
#11517=CARTESIAN_POINT('Ctrl Pts',(59.6665141241371,-4.4349658636089,0.));
#11518=CARTESIAN_POINT('Ctrl Pts',(59.5245956808161,-4.37036329711455,0.));
#11519=CARTESIAN_POINT('Ctrl Pts',(59.4587321579456,-4.34038162231445,0.));
#11520=CARTESIAN_POINT('',(59.8526604473591,-4.58594799041748,0.02));
#11521=CARTESIAN_POINT('',(59.8526604473591,-4.58594799041748,0.));
#11522=CARTESIAN_POINT('Ctrl Pts',(59.8526604473591,-4.58594799041748,0.02));
#11523=CARTESIAN_POINT('Ctrl Pts',(59.7877105674295,-4.53326754614117,0.02));
#11524=CARTESIAN_POINT('Ctrl Pts',(59.6665141241371,-4.4349658636089,0.02));
#11525=CARTESIAN_POINT('Ctrl Pts',(59.5245956808161,-4.37036329711455,0.02));
#11526=CARTESIAN_POINT('Ctrl Pts',(59.4587321579456,-4.34038162231445,0.02));
#11527=CARTESIAN_POINT('Ctrl Pts',(59.9263305962086,-4.31787133216858,0.));
#11528=CARTESIAN_POINT('Ctrl Pts',(59.9263305962086,-4.31787133216858,0.02));
#11529=CARTESIAN_POINT('Ctrl Pts',(59.9088254897406,-4.35880308037076,0.));
#11530=CARTESIAN_POINT('Ctrl Pts',(59.9088254897406,-4.35880308037076,0.02));
#11531=CARTESIAN_POINT('Ctrl Pts',(59.8720676768426,-4.44475294561486,0.));
#11532=CARTESIAN_POINT('Ctrl Pts',(59.8720676768426,-4.44475294561486,0.02));
#11533=CARTESIAN_POINT('Ctrl Pts',(59.8593313673282,-4.53741448671899,0.));
#11534=CARTESIAN_POINT('Ctrl Pts',(59.8593313673282,-4.53741448671899,0.02));
#11535=CARTESIAN_POINT('Ctrl Pts',(59.8526604473591,-4.58594799041748,0.));
#11536=CARTESIAN_POINT('Ctrl Pts',(59.8526604473591,-4.58594799041748,0.02));
#11537=CARTESIAN_POINT('Ctrl Pts',(59.9263305962086,-4.31787133216858,0.));
#11538=CARTESIAN_POINT('Ctrl Pts',(59.9088254897406,-4.35880308037076,0.));
#11539=CARTESIAN_POINT('Ctrl Pts',(59.8720676768426,-4.44475294561486,0.));
#11540=CARTESIAN_POINT('Ctrl Pts',(59.8593313673282,-4.53741448671899,0.));
#11541=CARTESIAN_POINT('Ctrl Pts',(59.8526604473591,-4.58594799041748,0.));
#11542=CARTESIAN_POINT('Ctrl Pts',(59.9263305962086,-4.31787133216858,0.02));
#11543=CARTESIAN_POINT('Ctrl Pts',(59.9088254897406,-4.35880308037076,0.02));
#11544=CARTESIAN_POINT('Ctrl Pts',(59.8720676768426,-4.44475294561486,0.02));
#11545=CARTESIAN_POINT('Ctrl Pts',(59.8593313673282,-4.53741448671899,0.02));
#11546=CARTESIAN_POINT('Ctrl Pts',(59.8526604473591,-4.58594799041748,0.02));
#11547=CARTESIAN_POINT('Origin',(52.9563443362713,-8.13437923789024,0.02));
#11548=CARTESIAN_POINT('Origin',(61.1296053230762,-5.45566141605377,0.));
#11549=CARTESIAN_POINT('',(61.1296053230762,-5.45566141605377,0.));
#11550=CARTESIAN_POINT('',(61.1296053230762,-4.31787133216858,0.));
#11551=CARTESIAN_POINT('',(61.1296053230762,-15.9228307080269,0.));
#11552=CARTESIAN_POINT('',(61.1296053230762,-5.45566141605377,0.02));
#11553=CARTESIAN_POINT('',(61.1296053230762,-5.45566141605377,0.));
#11554=CARTESIAN_POINT('',(61.1296053230762,-4.31787133216858,0.02));
#11555=CARTESIAN_POINT('',(61.1296053230762,-5.45566141605377,0.02));
#11556=CARTESIAN_POINT('',(61.1296053230762,-4.31787133216858,0.));
#11557=CARTESIAN_POINT('Ctrl Pts',(61.190996915102,-5.88540196418762,0.));
#11558=CARTESIAN_POINT('Ctrl Pts',(61.190996915102,-5.88540196418762,0.02));
#11559=CARTESIAN_POINT('Ctrl Pts',(61.1730961989518,-5.81721908977927,0.));
#11560=CARTESIAN_POINT('Ctrl Pts',(61.1730961989518,-5.81721908977927,0.02));
#11561=CARTESIAN_POINT('Ctrl Pts',(61.1361182873749,-5.67637219405854,0.));
#11562=CARTESIAN_POINT('Ctrl Pts',(61.1361182873749,-5.67637219405854,0.02));
#11563=CARTESIAN_POINT('Ctrl Pts',(61.1318218756684,-5.53077576102342,0.));
#11564=CARTESIAN_POINT('Ctrl Pts',(61.1318218756684,-5.53077576102342,0.02));
#11565=CARTESIAN_POINT('Ctrl Pts',(61.1296053230762,-5.45566141605377,0.));
#11566=CARTESIAN_POINT('Ctrl Pts',(61.1296053230762,-5.45566141605377,0.02));
#11567=CARTESIAN_POINT('',(61.190996915102,-5.88540196418762,0.));
#11568=CARTESIAN_POINT('Ctrl Pts',(61.190996915102,-5.88540196418762,0.));
#11569=CARTESIAN_POINT('Ctrl Pts',(61.1730961989518,-5.81721908977927,0.));
#11570=CARTESIAN_POINT('Ctrl Pts',(61.1361182873749,-5.67637219405854,0.));
#11571=CARTESIAN_POINT('Ctrl Pts',(61.1318218756684,-5.53077576102342,0.));
#11572=CARTESIAN_POINT('Ctrl Pts',(61.1296053230762,-5.45566141605377,0.));
#11573=CARTESIAN_POINT('',(61.190996915102,-5.88540196418762,0.02));
#11574=CARTESIAN_POINT('',(61.190996915102,-5.88540196418762,0.));
#11575=CARTESIAN_POINT('Ctrl Pts',(61.190996915102,-5.88540196418762,0.02));
#11576=CARTESIAN_POINT('Ctrl Pts',(61.1730961989518,-5.81721908977927,0.02));
#11577=CARTESIAN_POINT('Ctrl Pts',(61.1361182873749,-5.67637219405854,0.02));
#11578=CARTESIAN_POINT('Ctrl Pts',(61.1318218756684,-5.53077576102342,0.02));
#11579=CARTESIAN_POINT('Ctrl Pts',(61.1296053230762,-5.45566141605377,0.02));
#11580=CARTESIAN_POINT('Ctrl Pts',(61.3281042873859,-6.08697116374969,0.));
#11581=CARTESIAN_POINT('Ctrl Pts',(61.3281042873859,-6.08697116374969,0.02));
#11582=CARTESIAN_POINT('Ctrl Pts',(61.2981521030724,-6.05978185777202,0.));
#11583=CARTESIAN_POINT('Ctrl Pts',(61.2981521030724,-6.05978185777202,0.02));
#11584=CARTESIAN_POINT('Ctrl Pts',(61.2363365399958,-6.003668345613,0.));
#11585=CARTESIAN_POINT('Ctrl Pts',(61.2363365399958,-6.003668345613,0.02));
#11586=CARTESIAN_POINT('Ctrl Pts',(61.2064184560865,-5.92562836333649,0.));
#11587=CARTESIAN_POINT('Ctrl Pts',(61.2064184560865,-5.92562836333649,0.02));
#11588=CARTESIAN_POINT('Ctrl Pts',(61.190996915102,-5.88540196418762,0.));
#11589=CARTESIAN_POINT('Ctrl Pts',(61.190996915102,-5.88540196418762,0.02));
#11590=CARTESIAN_POINT('',(61.3281042873859,-6.08697116374969,0.));
#11591=CARTESIAN_POINT('Ctrl Pts',(61.3281042873859,-6.08697116374969,0.));
#11592=CARTESIAN_POINT('Ctrl Pts',(61.2981521030724,-6.05978185777202,0.));
#11593=CARTESIAN_POINT('Ctrl Pts',(61.2363365399958,-6.003668345613,0.));
#11594=CARTESIAN_POINT('Ctrl Pts',(61.2064184560865,-5.92562836333649,0.));
#11595=CARTESIAN_POINT('Ctrl Pts',(61.190996915102,-5.88540196418762,0.));
#11596=CARTESIAN_POINT('',(61.3281042873859,-6.08697116374969,0.02));
#11597=CARTESIAN_POINT('',(61.3281042873859,-6.08697116374969,0.));
#11598=CARTESIAN_POINT('Ctrl Pts',(61.3281042873859,-6.08697116374969,0.02));
#11599=CARTESIAN_POINT('Ctrl Pts',(61.2981521030724,-6.05978185777202,0.02));
#11600=CARTESIAN_POINT('Ctrl Pts',(61.2363365399958,-6.003668345613,0.02));
#11601=CARTESIAN_POINT('Ctrl Pts',(61.2064184560865,-5.92562836333649,0.02));
#11602=CARTESIAN_POINT('Ctrl Pts',(61.190996915102,-5.88540196418762,0.02));
#11603=CARTESIAN_POINT('Ctrl Pts',(61.5450210869312,-6.15961790084839,0.));
#11604=CARTESIAN_POINT('Ctrl Pts',(61.5450210869312,-6.15961790084839,0.02));
#11605=CARTESIAN_POINT('Ctrl Pts',(61.5058062142398,-6.15659651636255,0.));
#11606=CARTESIAN_POINT('Ctrl Pts',(61.5058062142398,-6.15659651636255,0.02));
#11607=CARTESIAN_POINT('Ctrl Pts',(61.4274119802015,-6.15055648342999,0.));
#11608=CARTESIAN_POINT('Ctrl Pts',(61.4274119802015,-6.15055648342999,0.02));
#11609=CARTESIAN_POINT('Ctrl Pts',(61.3611968535238,-6.10815986864513,0.));
#11610=CARTESIAN_POINT('Ctrl Pts',(61.3611968535238,-6.10815986864513,0.02));
#11611=CARTESIAN_POINT('Ctrl Pts',(61.3281042873859,-6.08697116374969,0.));
#11612=CARTESIAN_POINT('Ctrl Pts',(61.3281042873859,-6.08697116374969,0.02));
#11613=CARTESIAN_POINT('',(61.5450210869312,-6.15961790084839,0.));
#11614=CARTESIAN_POINT('Ctrl Pts',(61.5450210869312,-6.15961790084839,0.));
#11615=CARTESIAN_POINT('Ctrl Pts',(61.5058062142398,-6.15659651636255,0.));
#11616=CARTESIAN_POINT('Ctrl Pts',(61.4274119802015,-6.15055648342999,0.));
#11617=CARTESIAN_POINT('Ctrl Pts',(61.3611968535238,-6.10815986864513,0.));
#11618=CARTESIAN_POINT('Ctrl Pts',(61.3281042873859,-6.08697116374969,0.));
#11619=CARTESIAN_POINT('',(61.5450210869312,-6.15961790084839,0.02));
#11620=CARTESIAN_POINT('',(61.5450210869312,-6.15961790084839,0.));
#11621=CARTESIAN_POINT('Ctrl Pts',(61.5450210869312,-6.15961790084839,0.02));
#11622=CARTESIAN_POINT('Ctrl Pts',(61.5058062142398,-6.15659651636255,0.02));
#11623=CARTESIAN_POINT('Ctrl Pts',(61.4274119802015,-6.15055648342999,0.02));
#11624=CARTESIAN_POINT('Ctrl Pts',(61.3611968535238,-6.10815986864513,0.02));
#11625=CARTESIAN_POINT('Ctrl Pts',(61.3281042873859,-6.08697116374969,0.02));
#11626=CARTESIAN_POINT('Ctrl Pts',(61.8151433765888,-6.07980847358704,0.));
#11627=CARTESIAN_POINT('Ctrl Pts',(61.8151433765888,-6.07980847358704,0.02));
#11628=CARTESIAN_POINT('Ctrl Pts',(61.7710832427095,-6.10307562235897,0.));
#11629=CARTESIAN_POINT('Ctrl Pts',(61.7710832427095,-6.10307562235897,0.02));
#11630=CARTESIAN_POINT('Ctrl Pts',(61.6863041911849,-6.14784550004411,0.));
#11631=CARTESIAN_POINT('Ctrl Pts',(61.6863041911849,-6.14784550004411,0.02));
#11632=CARTESIAN_POINT('Ctrl Pts',(61.5908616302072,-6.15579824207616,0.));
#11633=CARTESIAN_POINT('Ctrl Pts',(61.5908616302072,-6.15579824207616,0.02));
#11634=CARTESIAN_POINT('Ctrl Pts',(61.5450210869312,-6.15961790084839,0.));
#11635=CARTESIAN_POINT('Ctrl Pts',(61.5450210869312,-6.15961790084839,0.02));
#11636=CARTESIAN_POINT('',(61.8151433765888,-6.07980847358704,0.));
#11637=CARTESIAN_POINT('Ctrl Pts',(61.8151433765888,-6.07980847358704,0.));
#11638=CARTESIAN_POINT('Ctrl Pts',(61.7710832427095,-6.10307562235897,0.));
#11639=CARTESIAN_POINT('Ctrl Pts',(61.6863041911849,-6.14784550004411,0.));
#11640=CARTESIAN_POINT('Ctrl Pts',(61.5908616302072,-6.15579824207616,0.));
#11641=CARTESIAN_POINT('Ctrl Pts',(61.5450210869312,-6.15961790084839,0.));
#11642=CARTESIAN_POINT('',(61.8151433765888,-6.07980847358704,0.02));
#11643=CARTESIAN_POINT('',(61.8151433765888,-6.07980847358704,0.));
#11644=CARTESIAN_POINT('Ctrl Pts',(61.8151433765888,-6.07980847358704,0.02));
#11645=CARTESIAN_POINT('Ctrl Pts',(61.7710832427095,-6.10307562235897,0.02));
#11646=CARTESIAN_POINT('Ctrl Pts',(61.6863041911849,-6.14784550004411,0.02));
#11647=CARTESIAN_POINT('Ctrl Pts',(61.5908616302072,-6.15579824207616,0.02));
#11648=CARTESIAN_POINT('Ctrl Pts',(61.5450210869312,-6.15961790084839,0.02));
#11649=CARTESIAN_POINT('Origin',(61.9420202076435,-6.42155468463898,0.));
#11650=CARTESIAN_POINT('',(61.9420202076435,-6.42155468463898,0.));
#11651=CARTESIAN_POINT('',(63.1923720660486,-9.78941157812897,0.));
#11652=CARTESIAN_POINT('',(61.9420202076435,-6.42155468463898,0.02));
#11653=CARTESIAN_POINT('',(61.9420202076435,-6.42155468463898,0.));
#11654=CARTESIAN_POINT('',(61.9420202076435,-6.42155468463898,0.02));
#11655=CARTESIAN_POINT('Ctrl Pts',(61.5634389221668,-6.54024481773376,0.));
#11656=CARTESIAN_POINT('Ctrl Pts',(61.5634389221668,-6.54024481773376,0.02));
#11657=CARTESIAN_POINT('Ctrl Pts',(61.6272491430203,-6.53436201069732,0.));
#11658=CARTESIAN_POINT('Ctrl Pts',(61.6272491430203,-6.53436201069732,0.02));
#11659=CARTESIAN_POINT('Ctrl Pts',(61.761744910866,-6.52196254492409,0.));
#11660=CARTESIAN_POINT('Ctrl Pts',(61.761744910866,-6.52196254492409,0.02));
#11661=CARTESIAN_POINT('Ctrl Pts',(61.8799148547659,-6.45614547830934,0.));
#11662=CARTESIAN_POINT('Ctrl Pts',(61.8799148547659,-6.45614547830934,0.02));
#11663=CARTESIAN_POINT('Ctrl Pts',(61.9420202076435,-6.42155468463898,0.));
#11664=CARTESIAN_POINT('Ctrl Pts',(61.9420202076435,-6.42155468463898,0.02));
#11665=CARTESIAN_POINT('',(61.5634389221668,-6.54024481773376,0.));
#11666=CARTESIAN_POINT('Ctrl Pts',(61.5634389221668,-6.54024481773376,0.));
#11667=CARTESIAN_POINT('Ctrl Pts',(61.6272491430203,-6.53436201069732,0.));
#11668=CARTESIAN_POINT('Ctrl Pts',(61.761744910866,-6.52196254492409,0.));
#11669=CARTESIAN_POINT('Ctrl Pts',(61.8799148547659,-6.45614547830934,0.));
#11670=CARTESIAN_POINT('Ctrl Pts',(61.9420202076435,-6.42155468463898,0.));
#11671=CARTESIAN_POINT('',(61.5634389221668,-6.54024481773376,0.02));
#11672=CARTESIAN_POINT('',(61.5634389221668,-6.54024481773376,0.));
#11673=CARTESIAN_POINT('Ctrl Pts',(61.5634389221668,-6.54024481773376,0.02));
#11674=CARTESIAN_POINT('Ctrl Pts',(61.6272491430203,-6.53436201069732,0.02));
#11675=CARTESIAN_POINT('Ctrl Pts',(61.761744910866,-6.52196254492409,0.02));
#11676=CARTESIAN_POINT('Ctrl Pts',(61.8799148547659,-6.45614547830934,0.02));
#11677=CARTESIAN_POINT('Ctrl Pts',(61.9420202076435,-6.42155468463898,0.02));
#11678=CARTESIAN_POINT('Ctrl Pts',(61.3270814716816,-6.46657526493073,0.));
#11679=CARTESIAN_POINT('Ctrl Pts',(61.3270814716816,-6.46657526493073,0.02));
#11680=CARTESIAN_POINT('Ctrl Pts',(61.3637287710467,-6.48806224478859,0.));
#11681=CARTESIAN_POINT('Ctrl Pts',(61.3637287710467,-6.48806224478859,0.02));
#11682=CARTESIAN_POINT('Ctrl Pts',(61.4368199428606,-6.53091693159395,0.));
#11683=CARTESIAN_POINT('Ctrl Pts',(61.4368199428606,-6.53091693159395,0.02));
#11684=CARTESIAN_POINT('Ctrl Pts',(61.5213109807167,-6.5371412968927,0.));
#11685=CARTESIAN_POINT('Ctrl Pts',(61.5213109807167,-6.5371412968927,0.02));
#11686=CARTESIAN_POINT('Ctrl Pts',(61.5634389221668,-6.54024481773376,0.));
#11687=CARTESIAN_POINT('Ctrl Pts',(61.5634389221668,-6.54024481773376,0.02));
#11688=CARTESIAN_POINT('',(61.3270814716816,-6.46657526493073,0.));
#11689=CARTESIAN_POINT('Ctrl Pts',(61.3270814716816,-6.46657526493073,0.));
#11690=CARTESIAN_POINT('Ctrl Pts',(61.3637287710467,-6.48806224478859,0.));
#11691=CARTESIAN_POINT('Ctrl Pts',(61.4368199428606,-6.53091693159395,0.));
#11692=CARTESIAN_POINT('Ctrl Pts',(61.5213109807167,-6.5371412968927,0.));
#11693=CARTESIAN_POINT('Ctrl Pts',(61.5634389221668,-6.54024481773376,0.));
#11694=CARTESIAN_POINT('',(61.3270814716816,-6.46657526493073,0.02));
#11695=CARTESIAN_POINT('',(61.3270814716816,-6.46657526493073,0.));
#11696=CARTESIAN_POINT('Ctrl Pts',(61.3270814716816,-6.46657526493073,0.02));
#11697=CARTESIAN_POINT('Ctrl Pts',(61.3637287710467,-6.48806224478859,0.02));
#11698=CARTESIAN_POINT('Ctrl Pts',(61.4368199428606,-6.53091693159395,0.02));
#11699=CARTESIAN_POINT('Ctrl Pts',(61.5213109807167,-6.5371412968927,0.02));
#11700=CARTESIAN_POINT('Ctrl Pts',(61.5634389221668,-6.54024481773376,0.02));
#11701=CARTESIAN_POINT('Ctrl Pts',(61.0927696526051,-6.16166412830353,0.));
#11702=CARTESIAN_POINT('Ctrl Pts',(61.0927696526051,-6.16166412830353,0.02));
#11703=CARTESIAN_POINT('Ctrl Pts',(61.1296981834219,-6.22860559372252,0.));
#11704=CARTESIAN_POINT('Ctrl Pts',(61.1296981834219,-6.22860559372252,0.02));
#11705=CARTESIAN_POINT('Ctrl Pts',(61.1925089080474,-6.34246449515865,0.));
#11706=CARTESIAN_POINT('Ctrl Pts',(61.1925089080474,-6.34246449515865,0.02));
#11707=CARTESIAN_POINT('Ctrl Pts',(61.2878107696369,-6.43035750308806,0.));
#11708=CARTESIAN_POINT('Ctrl Pts',(61.2878107696369,-6.43035750308806,0.02));
#11709=CARTESIAN_POINT('Ctrl Pts',(61.3270814716816,-6.46657526493073,0.));
#11710=CARTESIAN_POINT('Ctrl Pts',(61.3270814716816,-6.46657526493073,0.02));
#11711=CARTESIAN_POINT('',(61.0927696526051,-6.16166412830353,0.));
#11712=CARTESIAN_POINT('Ctrl Pts',(61.0927696526051,-6.16166412830353,0.));
#11713=CARTESIAN_POINT('Ctrl Pts',(61.1296981834219,-6.22860559372252,0.));
#11714=CARTESIAN_POINT('Ctrl Pts',(61.1925089080474,-6.34246449515865,0.));
#11715=CARTESIAN_POINT('Ctrl Pts',(61.2878107696369,-6.43035750308806,0.));
#11716=CARTESIAN_POINT('Ctrl Pts',(61.3270814716816,-6.46657526493073,0.));
#11717=CARTESIAN_POINT('',(61.0927696526051,-6.16166412830353,0.02));
#11718=CARTESIAN_POINT('',(61.0927696526051,-6.16166412830353,0.));
#11719=CARTESIAN_POINT('Ctrl Pts',(61.0927696526051,-6.16166412830353,0.02));
#11720=CARTESIAN_POINT('Ctrl Pts',(61.1296981834219,-6.22860559372252,0.02));
#11721=CARTESIAN_POINT('Ctrl Pts',(61.1925089080474,-6.34246449515865,0.02));
#11722=CARTESIAN_POINT('Ctrl Pts',(61.2878107696369,-6.43035750308806,0.02));
#11723=CARTESIAN_POINT('Ctrl Pts',(61.3270814716816,-6.46657526493073,0.02));
#11724=CARTESIAN_POINT('Origin',(61.0927696526051,-6.49113178253174,0.));
#11725=CARTESIAN_POINT('',(61.0927696526051,-6.49113178253174,0.));
#11726=CARTESIAN_POINT('',(61.0927696526051,-16.4405658912659,0.));
#11727=CARTESIAN_POINT('',(61.0927696526051,-6.49113178253174,0.02));
#11728=CARTESIAN_POINT('',(61.0927696526051,-6.49113178253174,0.));
#11729=CARTESIAN_POINT('',(61.0927696526051,-6.49113178253174,0.02));
#11730=CARTESIAN_POINT('Origin',(60.7612557709217,-6.49113178253174,0.));
#11731=CARTESIAN_POINT('',(60.7612557709217,-6.49113178253174,0.));
#11732=CARTESIAN_POINT('',(44.7806278854609,-6.49113178253174,0.));
#11733=CARTESIAN_POINT('',(60.7612557709217,-6.49113178253174,0.02));
#11734=CARTESIAN_POINT('',(60.7612557709217,-6.49113178253174,0.));
#11735=CARTESIAN_POINT('',(60.7612557709217,-6.49113178253174,0.02));
#11736=CARTESIAN_POINT('Origin',(60.7612557709217,-4.31787133216858,0.));
#11737=CARTESIAN_POINT('',(60.7612557709217,-4.31787133216858,0.));
#11738=CARTESIAN_POINT('',(60.7612557709217,-15.3539356660843,0.));
#11739=CARTESIAN_POINT('',(60.7612557709217,-4.31787133216858,0.02));
#11740=CARTESIAN_POINT('',(60.7612557709217,-4.31787133216858,0.));
#11741=CARTESIAN_POINT('',(60.7612557709217,-4.31787133216858,0.02));
#11742=CARTESIAN_POINT('Origin',(61.1296053230762,-4.31787133216858,0.));
#11743=CARTESIAN_POINT('',(44.9648026615381,-4.31787133216858,0.));
#11744=CARTESIAN_POINT('',(61.1296053230762,-4.31787133216858,0.02));
#11745=CARTESIAN_POINT('Origin',(52.9563443362713,-8.13437923789024,0.02));
#11746=CARTESIAN_POINT('Ctrl Pts',(56.9856770336628,-6.23533368110657,0.));
#11747=CARTESIAN_POINT('Ctrl Pts',(56.9856770336628,-6.23533368110657,0.02));
#11748=CARTESIAN_POINT('Ctrl Pts',(56.8975366949273,-6.22674972835056,0.));
#11749=CARTESIAN_POINT('Ctrl Pts',(56.8975366949273,-6.22674972835056,0.02));
#11750=CARTESIAN_POINT('Ctrl Pts',(56.721398884861,-6.20959573663861,0.));
#11751=CARTESIAN_POINT('Ctrl Pts',(56.721398884861,-6.20959573663861,0.02));
#11752=CARTESIAN_POINT('Ctrl Pts',(56.5919555112335,-6.0889320956102,0.));
#11753=CARTESIAN_POINT('Ctrl Pts',(56.5919555112335,-6.0889320956102,0.02));
#11754=CARTESIAN_POINT('Ctrl Pts',(56.5272863209248,-6.02864921092987,0.));
#11755=CARTESIAN_POINT('Ctrl Pts',(56.5272863209248,-6.02864921092987,0.02));
#11756=CARTESIAN_POINT('',(56.9856770336628,-6.23533368110657,0.));
#11757=CARTESIAN_POINT('',(56.5272863209248,-6.02864921092987,0.));
#11758=CARTESIAN_POINT('Ctrl Pts',(56.9856770336628,-6.23533368110657,0.));
#11759=CARTESIAN_POINT('Ctrl Pts',(56.8975366949273,-6.22674972835056,0.));
#11760=CARTESIAN_POINT('Ctrl Pts',(56.721398884861,-6.20959573663861,0.));
#11761=CARTESIAN_POINT('Ctrl Pts',(56.5919555112335,-6.0889320956102,0.));
#11762=CARTESIAN_POINT('Ctrl Pts',(56.5272863209248,-6.02864921092987,0.));
#11763=CARTESIAN_POINT('',(56.9856770336628,-6.23533368110657,0.02));
#11764=CARTESIAN_POINT('',(56.9856770336628,-6.23533368110657,0.));
#11765=CARTESIAN_POINT('',(56.5272863209248,-6.02864921092987,0.02));
#11766=CARTESIAN_POINT('Ctrl Pts',(56.9856770336628,-6.23533368110657,0.02));
#11767=CARTESIAN_POINT('Ctrl Pts',(56.8975366949273,-6.22674972835056,0.02));
#11768=CARTESIAN_POINT('Ctrl Pts',(56.721398884861,-6.20959573663861,0.02));
#11769=CARTESIAN_POINT('Ctrl Pts',(56.5919555112335,-6.0889320956102,0.02));
#11770=CARTESIAN_POINT('Ctrl Pts',(56.5272863209248,-6.02864921092987,0.02));
#11771=CARTESIAN_POINT('',(56.5272863209248,-6.02864921092987,0.));
#11772=CARTESIAN_POINT('Ctrl Pts',(57.440996915102,-6.02762579917908,0.));
#11773=CARTESIAN_POINT('Ctrl Pts',(57.440996915102,-6.02762579917908,0.02));
#11774=CARTESIAN_POINT('Ctrl Pts',(57.3764647834878,-6.08820683727502,0.));
#11775=CARTESIAN_POINT('Ctrl Pts',(57.3764647834878,-6.08820683727502,0.02));
#11776=CARTESIAN_POINT('Ctrl Pts',(57.2480371609202,-6.20877125225275,0.));
#11777=CARTESIAN_POINT('Ctrl Pts',(57.2480371609202,-6.20877125225275,0.02));
#11778=CARTESIAN_POINT('Ctrl Pts',(57.0728409154802,-6.22650884772354,0.));
#11779=CARTESIAN_POINT('Ctrl Pts',(57.0728409154802,-6.22650884772354,0.02));
#11780=CARTESIAN_POINT('Ctrl Pts',(56.9856770336628,-6.23533368110657,0.));
#11781=CARTESIAN_POINT('Ctrl Pts',(56.9856770336628,-6.23533368110657,0.02));
#11782=CARTESIAN_POINT('',(57.440996915102,-6.02762579917908,0.));
#11783=CARTESIAN_POINT('Ctrl Pts',(57.440996915102,-6.02762579917908,0.));
#11784=CARTESIAN_POINT('Ctrl Pts',(57.3764647834878,-6.08820683727502,0.));
#11785=CARTESIAN_POINT('Ctrl Pts',(57.2480371609202,-6.20877125225275,0.));
#11786=CARTESIAN_POINT('Ctrl Pts',(57.0728409154802,-6.22650884772354,0.));
#11787=CARTESIAN_POINT('Ctrl Pts',(56.9856770336628,-6.23533368110657,0.));
#11788=CARTESIAN_POINT('',(57.440996915102,-6.02762579917908,0.02));
#11789=CARTESIAN_POINT('',(57.440996915102,-6.02762579917908,0.));
#11790=CARTESIAN_POINT('Ctrl Pts',(57.440996915102,-6.02762579917908,0.02));
#11791=CARTESIAN_POINT('Ctrl Pts',(57.3764647834878,-6.08820683727502,0.02));
#11792=CARTESIAN_POINT('Ctrl Pts',(57.2480371609202,-6.20877125225275,0.02));
#11793=CARTESIAN_POINT('Ctrl Pts',(57.0728409154802,-6.22650884772354,0.02));
#11794=CARTESIAN_POINT('Ctrl Pts',(56.9856770336628,-6.23533368110657,0.02));
#11795=CARTESIAN_POINT('Ctrl Pts',(57.6241488754749,-5.41678011417389,0.));
#11796=CARTESIAN_POINT('Ctrl Pts',(57.6241488754749,-5.41678011417389,0.02));
#11797=CARTESIAN_POINT('Ctrl Pts',(57.62016673474,-5.53848766690891,0.));
#11798=CARTESIAN_POINT('Ctrl Pts',(57.62016673474,-5.53848766690891,0.02));
#11799=CARTESIAN_POINT('Ctrl Pts',(57.6129404528285,-5.75934703511694,0.));
#11800=CARTESIAN_POINT('Ctrl Pts',(57.6129404528285,-5.75934703511694,0.02));
#11801=CARTESIAN_POINT('Ctrl Pts',(57.4942716592167,-5.94450268390656,0.));
#11802=CARTESIAN_POINT('Ctrl Pts',(57.4942716592167,-5.94450268390656,0.02));
#11803=CARTESIAN_POINT('Ctrl Pts',(57.440996915102,-6.02762579917908,0.));
#11804=CARTESIAN_POINT('Ctrl Pts',(57.440996915102,-6.02762579917908,0.02));
#11805=CARTESIAN_POINT('',(57.6241488754749,-5.41678011417389,0.));
#11806=CARTESIAN_POINT('Ctrl Pts',(57.6241488754749,-5.41678011417389,0.));
#11807=CARTESIAN_POINT('Ctrl Pts',(57.62016673474,-5.53848766690891,0.));
#11808=CARTESIAN_POINT('Ctrl Pts',(57.6129404528285,-5.75934703511694,0.));
#11809=CARTESIAN_POINT('Ctrl Pts',(57.4942716592167,-5.94450268390656,0.));
#11810=CARTESIAN_POINT('Ctrl Pts',(57.440996915102,-6.02762579917908,0.));
#11811=CARTESIAN_POINT('',(57.6241488754749,-5.41678011417389,0.02));
#11812=CARTESIAN_POINT('',(57.6241488754749,-5.41678011417389,0.));
#11813=CARTESIAN_POINT('Ctrl Pts',(57.6241488754749,-5.41678011417389,0.02));
#11814=CARTESIAN_POINT('Ctrl Pts',(57.62016673474,-5.53848766690891,0.02));
#11815=CARTESIAN_POINT('Ctrl Pts',(57.6129404528285,-5.75934703511694,0.02));
#11816=CARTESIAN_POINT('Ctrl Pts',(57.4942716592167,-5.94450268390656,0.02));
#11817=CARTESIAN_POINT('Ctrl Pts',(57.440996915102,-6.02762579917908,0.02));
#11818=CARTESIAN_POINT('Ctrl Pts',(57.4420209228992,-4.78035449981689,0.));
#11819=CARTESIAN_POINT('Ctrl Pts',(57.4420209228992,-4.78035449981689,0.02));
#11820=CARTESIAN_POINT('Ctrl Pts',(57.4949543905195,-4.86588991815563,0.));
#11821=CARTESIAN_POINT('Ctrl Pts',(57.4949543905195,-4.86588991815563,0.02));
#11822=CARTESIAN_POINT('Ctrl Pts',(57.6149023360065,-5.05971431994419,0.));
#11823=CARTESIAN_POINT('Ctrl Pts',(57.6149023360065,-5.05971431994419,0.02));
#11824=CARTESIAN_POINT('Ctrl Pts',(57.6208345623449,-5.28879408716841,0.));
#11825=CARTESIAN_POINT('Ctrl Pts',(57.6208345623449,-5.28879408716841,0.02));
#11826=CARTESIAN_POINT('Ctrl Pts',(57.6241488754749,-5.41678011417389,0.));
#11827=CARTESIAN_POINT('Ctrl Pts',(57.6241488754749,-5.41678011417389,0.02));
#11828=CARTESIAN_POINT('',(57.4420209228992,-4.78035449981689,0.));
#11829=CARTESIAN_POINT('Ctrl Pts',(57.4420209228992,-4.78035449981689,0.));
#11830=CARTESIAN_POINT('Ctrl Pts',(57.4949543905195,-4.86588991815563,0.));
#11831=CARTESIAN_POINT('Ctrl Pts',(57.6149023360065,-5.05971431994419,0.));
#11832=CARTESIAN_POINT('Ctrl Pts',(57.6208345623449,-5.28879408716841,0.));
#11833=CARTESIAN_POINT('Ctrl Pts',(57.6241488754749,-5.41678011417389,0.));
#11834=CARTESIAN_POINT('',(57.4420209228992,-4.78035449981689,0.02));
#11835=CARTESIAN_POINT('',(57.4420209228992,-4.78035449981689,0.));
#11836=CARTESIAN_POINT('Ctrl Pts',(57.4420209228992,-4.78035449981689,0.02));
#11837=CARTESIAN_POINT('Ctrl Pts',(57.4949543905195,-4.86588991815563,0.02));
#11838=CARTESIAN_POINT('Ctrl Pts',(57.6149023360065,-5.05971431994419,0.02));
#11839=CARTESIAN_POINT('Ctrl Pts',(57.6208345623449,-5.28879408716841,0.02));
#11840=CARTESIAN_POINT('Ctrl Pts',(57.6241488754749,-5.41678011417389,0.02));
#11841=CARTESIAN_POINT('Ctrl Pts',(56.9856770336628,-4.57162320613861,0.));
#11842=CARTESIAN_POINT('Ctrl Pts',(56.9856770336628,-4.57162320613861,0.02));
#11843=CARTESIAN_POINT('Ctrl Pts',(57.0733329335005,-4.58042168107792,0.));
#11844=CARTESIAN_POINT('Ctrl Pts',(57.0733329335005,-4.58042168107792,0.02));
#11845=CARTESIAN_POINT('Ctrl Pts',(57.2491580184898,-4.59807015205184,0.));
#11846=CARTESIAN_POINT('Ctrl Pts',(57.2491580184898,-4.59807015205184,0.02));
#11847=CARTESIAN_POINT('Ctrl Pts',(57.3776082933423,-4.7194749117874,0.));
#11848=CARTESIAN_POINT('Ctrl Pts',(57.3776082933423,-4.7194749117874,0.02));
#11849=CARTESIAN_POINT('Ctrl Pts',(57.4420209228992,-4.78035449981689,0.));
#11850=CARTESIAN_POINT('Ctrl Pts',(57.4420209228992,-4.78035449981689,0.02));
#11851=CARTESIAN_POINT('',(56.9856770336628,-4.57162320613861,0.));
#11852=CARTESIAN_POINT('Ctrl Pts',(56.9856770336628,-4.57162320613861,0.));
#11853=CARTESIAN_POINT('Ctrl Pts',(57.0733329335005,-4.58042168107792,0.));
#11854=CARTESIAN_POINT('Ctrl Pts',(57.2491580184898,-4.59807015205184,0.));
#11855=CARTESIAN_POINT('Ctrl Pts',(57.3776082933423,-4.7194749117874,0.));
#11856=CARTESIAN_POINT('Ctrl Pts',(57.4420209228992,-4.78035449981689,0.));
#11857=CARTESIAN_POINT('',(56.9856770336628,-4.57162320613861,0.02));
#11858=CARTESIAN_POINT('',(56.9856770336628,-4.57162320613861,0.));
#11859=CARTESIAN_POINT('Ctrl Pts',(56.9856770336628,-4.57162320613861,0.02));
#11860=CARTESIAN_POINT('Ctrl Pts',(57.0733329335005,-4.58042168107792,0.02));
#11861=CARTESIAN_POINT('Ctrl Pts',(57.2491580184898,-4.59807015205184,0.02));
#11862=CARTESIAN_POINT('Ctrl Pts',(57.3776082933423,-4.7194749117874,0.02));
#11863=CARTESIAN_POINT('Ctrl Pts',(57.4420209228992,-4.78035449981689,0.02));
#11864=CARTESIAN_POINT('Ctrl Pts',(56.5272863209248,-4.7793310880661,0.));
#11865=CARTESIAN_POINT('Ctrl Pts',(56.5272863209248,-4.7793310880661,0.02));
#11866=CARTESIAN_POINT('Ctrl Pts',(56.5919188136206,-4.71874962250679,0.));
#11867=CARTESIAN_POINT('Ctrl Pts',(56.5919188136206,-4.71874962250679,0.02));
#11868=CARTESIAN_POINT('Ctrl Pts',(56.7211854652875,-4.59758512955155,0.));
#11869=CARTESIAN_POINT('Ctrl Pts',(56.7211854652875,-4.59758512955155,0.02));
#11870=CARTESIAN_POINT('Ctrl Pts',(56.8975124199068,-4.58027725497701,0.));
#11871=CARTESIAN_POINT('Ctrl Pts',(56.8975124199068,-4.58027725497701,0.02));
#11872=CARTESIAN_POINT('Ctrl Pts',(56.9856770336628,-4.57162320613861,0.));
#11873=CARTESIAN_POINT('Ctrl Pts',(56.9856770336628,-4.57162320613861,0.02));
#11874=CARTESIAN_POINT('',(56.5272863209248,-4.7793310880661,0.));
#11875=CARTESIAN_POINT('Ctrl Pts',(56.5272863209248,-4.7793310880661,0.));
#11876=CARTESIAN_POINT('Ctrl Pts',(56.5919188136206,-4.71874962250679,0.));
#11877=CARTESIAN_POINT('Ctrl Pts',(56.7211854652875,-4.59758512955155,0.));
#11878=CARTESIAN_POINT('Ctrl Pts',(56.8975124199068,-4.58027725497701,0.));
#11879=CARTESIAN_POINT('Ctrl Pts',(56.9856770336628,-4.57162320613861,0.));
#11880=CARTESIAN_POINT('',(56.5272863209248,-4.7793310880661,0.02));
#11881=CARTESIAN_POINT('',(56.5272863209248,-4.7793310880661,0.));
#11882=CARTESIAN_POINT('Ctrl Pts',(56.5272863209248,-4.7793310880661,0.02));
#11883=CARTESIAN_POINT('Ctrl Pts',(56.5919188136206,-4.71874962250679,0.02));
#11884=CARTESIAN_POINT('Ctrl Pts',(56.7211854652875,-4.59758512955155,0.02));
#11885=CARTESIAN_POINT('Ctrl Pts',(56.8975124199068,-4.58027725497701,0.02));
#11886=CARTESIAN_POINT('Ctrl Pts',(56.9856770336628,-4.57162320613861,0.02));
#11887=CARTESIAN_POINT('Ctrl Pts',(56.3451583683491,-5.40450155735016,0.));
#11888=CARTESIAN_POINT('Ctrl Pts',(56.3451583683491,-5.40450155735016,0.02));
#11889=CARTESIAN_POINT('Ctrl Pts',(56.3487094321817,-5.27918192647533,0.));
#11890=CARTESIAN_POINT('Ctrl Pts',(56.3487094321817,-5.27918192647533,0.02));
#11891=CARTESIAN_POINT('Ctrl Pts',(56.3550969545753,-5.0537616056044,0.));
#11892=CARTESIAN_POINT('Ctrl Pts',(56.3550969545753,-5.0537616056044,0.02));
#11893=CARTESIAN_POINT('Ctrl Pts',(56.4743365149025,-4.86372098378559,0.));
#11894=CARTESIAN_POINT('Ctrl Pts',(56.4743365149025,-4.86372098378559,0.02));
#11895=CARTESIAN_POINT('Ctrl Pts',(56.5272863209248,-4.7793310880661,0.));
#11896=CARTESIAN_POINT('Ctrl Pts',(56.5272863209248,-4.7793310880661,0.02));
#11897=CARTESIAN_POINT('',(56.3451583683491,-5.40450155735016,0.));
#11898=CARTESIAN_POINT('Ctrl Pts',(56.3451583683491,-5.40450155735016,0.));
#11899=CARTESIAN_POINT('Ctrl Pts',(56.3487094321817,-5.27918192647533,0.));
#11900=CARTESIAN_POINT('Ctrl Pts',(56.3550969545753,-5.0537616056044,0.));
#11901=CARTESIAN_POINT('Ctrl Pts',(56.4743365149025,-4.86372098378559,0.));
#11902=CARTESIAN_POINT('Ctrl Pts',(56.5272863209248,-4.7793310880661,0.));
#11903=CARTESIAN_POINT('',(56.3451583683491,-5.40450155735016,0.02));
#11904=CARTESIAN_POINT('',(56.3451583683491,-5.40450155735016,0.));
#11905=CARTESIAN_POINT('Ctrl Pts',(56.3451583683491,-5.40450155735016,0.02));
#11906=CARTESIAN_POINT('Ctrl Pts',(56.3487094321817,-5.27918192647533,0.02));
#11907=CARTESIAN_POINT('Ctrl Pts',(56.3550969545753,-5.0537616056044,0.02));
#11908=CARTESIAN_POINT('Ctrl Pts',(56.4743365149025,-4.86372098378559,0.02));
#11909=CARTESIAN_POINT('Ctrl Pts',(56.5272863209248,-4.7793310880661,0.02));
#11910=CARTESIAN_POINT('Ctrl Pts',(56.5272863209248,-6.02864921092987,0.));
#11911=CARTESIAN_POINT('Ctrl Pts',(56.5272863209248,-6.02864921092987,0.02));
#11912=CARTESIAN_POINT('Ctrl Pts',(56.4743388467279,-5.94451959363216,0.));
#11913=CARTESIAN_POINT('Ctrl Pts',(56.4743388467279,-5.94451959363216,0.02));
#11914=CARTESIAN_POINT('Ctrl Pts',(56.3549968394257,-5.75489397778984,0.));
#11915=CARTESIAN_POINT('Ctrl Pts',(56.3549968394257,-5.75489397778984,0.02));
#11916=CARTESIAN_POINT('Ctrl Pts',(56.3486752891024,-5.52975500025211,0.));
#11917=CARTESIAN_POINT('Ctrl Pts',(56.3486752891024,-5.52975500025211,0.02));
#11918=CARTESIAN_POINT('Ctrl Pts',(56.3451583683491,-5.40450155735016,0.));
#11919=CARTESIAN_POINT('Ctrl Pts',(56.3451583683491,-5.40450155735016,0.02));
#11920=CARTESIAN_POINT('Ctrl Pts',(56.5272863209248,-6.02864921092987,0.));
#11921=CARTESIAN_POINT('Ctrl Pts',(56.4743388467279,-5.94451959363216,0.));
#11922=CARTESIAN_POINT('Ctrl Pts',(56.3549968394257,-5.75489397778984,0.));
#11923=CARTESIAN_POINT('Ctrl Pts',(56.3486752891024,-5.52975500025211,0.));
#11924=CARTESIAN_POINT('Ctrl Pts',(56.3451583683491,-5.40450155735016,0.));
#11925=CARTESIAN_POINT('Ctrl Pts',(56.5272863209248,-6.02864921092987,0.02));
#11926=CARTESIAN_POINT('Ctrl Pts',(56.4743388467279,-5.94451959363216,0.02));
#11927=CARTESIAN_POINT('Ctrl Pts',(56.3549968394257,-5.75489397778984,0.02));
#11928=CARTESIAN_POINT('Ctrl Pts',(56.3486752891024,-5.52975500025211,0.02));
#11929=CARTESIAN_POINT('Ctrl Pts',(56.3451583683491,-5.40450155735016,0.02));
#11930=CARTESIAN_POINT('Ctrl Pts',(56.9856770336628,-4.26875829696655,0.));
#11931=CARTESIAN_POINT('Ctrl Pts',(56.9856770336628,-4.26875829696655,0.02));
#11932=CARTESIAN_POINT('Ctrl Pts',(56.8425222558551,-4.27925916615321,0.));
#11933=CARTESIAN_POINT('Ctrl Pts',(56.8425222558551,-4.27925916615321,0.02));
#11934=CARTESIAN_POINT('Ctrl Pts',(56.5653589999546,-4.29958999365425,0.));
#11935=CARTESIAN_POINT('Ctrl Pts',(56.5653589999546,-4.29958999365425,0.02));
#11936=CARTESIAN_POINT('Ctrl Pts',(56.3514029147212,-4.47606512354041,0.));
#11937=CARTESIAN_POINT('Ctrl Pts',(56.3514029147212,-4.47606512354041,0.02));
#11938=CARTESIAN_POINT('Ctrl Pts',(56.2479551136494,-4.56139087677002,0.));
#11939=CARTESIAN_POINT('Ctrl Pts',(56.2479551136494,-4.56139087677002,0.02));
#11940=CARTESIAN_POINT('',(56.9856770336628,-4.26875829696655,0.));
#11941=CARTESIAN_POINT('',(56.2479551136494,-4.56139087677002,0.));
#11942=CARTESIAN_POINT('Ctrl Pts',(56.9856770336628,-4.26875829696655,0.));
#11943=CARTESIAN_POINT('Ctrl Pts',(56.8425222558551,-4.27925916615321,0.));
#11944=CARTESIAN_POINT('Ctrl Pts',(56.5653589999546,-4.29958999365425,0.));
#11945=CARTESIAN_POINT('Ctrl Pts',(56.3514029147212,-4.47606512354041,0.));
#11946=CARTESIAN_POINT('Ctrl Pts',(56.2479551136494,-4.56139087677002,0.));
#11947=CARTESIAN_POINT('',(56.9856770336628,-4.26875829696655,0.02));
#11948=CARTESIAN_POINT('',(56.9856770336628,-4.26875829696655,0.));
#11949=CARTESIAN_POINT('',(56.2479551136494,-4.56139087677002,0.02));
#11950=CARTESIAN_POINT('Ctrl Pts',(56.9856770336628,-4.26875829696655,0.02));
#11951=CARTESIAN_POINT('Ctrl Pts',(56.8425222558551,-4.27925916615321,0.02));
#11952=CARTESIAN_POINT('Ctrl Pts',(56.5653589999546,-4.29958999365425,0.02));
#11953=CARTESIAN_POINT('Ctrl Pts',(56.3514029147212,-4.47606512354041,0.02));
#11954=CARTESIAN_POINT('Ctrl Pts',(56.2479551136494,-4.56139087677002,0.02));
#11955=CARTESIAN_POINT('',(56.2479551136494,-4.56139087677002,0.));
#11956=CARTESIAN_POINT('Ctrl Pts',(57.5105746090412,-4.40177321434021,0.));
#11957=CARTESIAN_POINT('Ctrl Pts',(57.5105746090412,-4.40177321434021,0.02));
#11958=CARTESIAN_POINT('Ctrl Pts',(57.4281697191871,-4.36297795109255,0.));
#11959=CARTESIAN_POINT('Ctrl Pts',(57.4281697191871,-4.36297795109255,0.02));
#11960=CARTESIAN_POINT('Ctrl Pts',(57.261852478978,-4.28467772973484,0.));
#11961=CARTESIAN_POINT('Ctrl Pts',(57.261852478978,-4.28467772973484,0.02));
#11962=CARTESIAN_POINT('Ctrl Pts',(57.0782901042213,-4.27409674241936,0.));
#11963=CARTESIAN_POINT('Ctrl Pts',(57.0782901042213,-4.27409674241936,0.02));
#11964=CARTESIAN_POINT('Ctrl Pts',(56.9856770336628,-4.26875829696655,0.));
#11965=CARTESIAN_POINT('Ctrl Pts',(56.9856770336628,-4.26875829696655,0.02));
#11966=CARTESIAN_POINT('',(57.5105746090412,-4.40177321434021,0.));
#11967=CARTESIAN_POINT('Ctrl Pts',(57.5105746090412,-4.40177321434021,0.));
#11968=CARTESIAN_POINT('Ctrl Pts',(57.4281697191871,-4.36297795109255,0.));
#11969=CARTESIAN_POINT('Ctrl Pts',(57.261852478978,-4.28467772973484,0.));
#11970=CARTESIAN_POINT('Ctrl Pts',(57.0782901042213,-4.27409674241936,0.));
#11971=CARTESIAN_POINT('Ctrl Pts',(56.9856770336628,-4.26875829696655,0.));
#11972=CARTESIAN_POINT('',(57.5105746090412,-4.40177321434021,0.02));
#11973=CARTESIAN_POINT('',(57.5105746090412,-4.40177321434021,0.));
#11974=CARTESIAN_POINT('Ctrl Pts',(57.5105746090412,-4.40177321434021,0.02));
#11975=CARTESIAN_POINT('Ctrl Pts',(57.4281697191871,-4.36297795109255,0.02));
#11976=CARTESIAN_POINT('Ctrl Pts',(57.261852478978,-4.28467772973484,0.02));
#11977=CARTESIAN_POINT('Ctrl Pts',(57.0782901042213,-4.27409674241936,0.02));
#11978=CARTESIAN_POINT('Ctrl Pts',(56.9856770336628,-4.26875829696655,0.02));
#11979=CARTESIAN_POINT('Ctrl Pts',(57.8768773376942,-4.77523803710938,0.));
#11980=CARTESIAN_POINT('Ctrl Pts',(57.8768773376942,-4.77523803710938,0.02));
#11981=CARTESIAN_POINT('Ctrl Pts',(57.8300198473544,-4.69949174520731,0.));
#11982=CARTESIAN_POINT('Ctrl Pts',(57.8300198473544,-4.69949174520731,0.02));
#11983=CARTESIAN_POINT('Ctrl Pts',(57.7359930691839,-4.54749513304823,0.));
#11984=CARTESIAN_POINT('Ctrl Pts',(57.7359930691839,-4.54749513304823,0.02));
#11985=CARTESIAN_POINT('Ctrl Pts',(57.5858800232073,-4.45045445115831,0.));
#11986=CARTESIAN_POINT('Ctrl Pts',(57.5858800232073,-4.45045445115831,0.02));
#11987=CARTESIAN_POINT('Ctrl Pts',(57.5105746090412,-4.40177321434021,0.));
#11988=CARTESIAN_POINT('Ctrl Pts',(57.5105746090412,-4.40177321434021,0.02));
#11989=CARTESIAN_POINT('',(57.8768773376942,-4.77523803710938,0.));
#11990=CARTESIAN_POINT('Ctrl Pts',(57.8768773376942,-4.77523803710938,0.));
#11991=CARTESIAN_POINT('Ctrl Pts',(57.8300198473544,-4.69949174520731,0.));
#11992=CARTESIAN_POINT('Ctrl Pts',(57.7359930691839,-4.54749513304823,0.));
#11993=CARTESIAN_POINT('Ctrl Pts',(57.5858800232073,-4.45045445115831,0.));
#11994=CARTESIAN_POINT('Ctrl Pts',(57.5105746090412,-4.40177321434021,0.));
#11995=CARTESIAN_POINT('',(57.8768773376942,-4.77523803710938,0.02));
#11996=CARTESIAN_POINT('',(57.8768773376942,-4.77523803710938,0.));
#11997=CARTESIAN_POINT('Ctrl Pts',(57.8768773376942,-4.77523803710938,0.02));
#11998=CARTESIAN_POINT('Ctrl Pts',(57.8300198473544,-4.69949174520731,0.02));
#11999=CARTESIAN_POINT('Ctrl Pts',(57.7359930691839,-4.54749513304823,0.02));
#12000=CARTESIAN_POINT('Ctrl Pts',(57.5858800232073,-4.45045445115831,0.02));
#12001=CARTESIAN_POINT('Ctrl Pts',(57.5105746090412,-4.40177321434021,0.02));
#12002=CARTESIAN_POINT('Ctrl Pts',(58.0027301609516,-5.43519735336304,0.));
#12003=CARTESIAN_POINT('Ctrl Pts',(58.0027301609516,-5.43519735336304,0.02));
#12004=CARTESIAN_POINT('Ctrl Pts',(58.0002743778995,-5.3086405201175,0.));
#12005=CARTESIAN_POINT('Ctrl Pts',(58.0002743778995,-5.3086405201175,0.02));
#12006=CARTESIAN_POINT('Ctrl Pts',(57.9958567205931,-5.08098005206584,0.));
#12007=CARTESIAN_POINT('Ctrl Pts',(57.9958567205931,-5.08098005206584,0.02));
#12008=CARTESIAN_POINT('Ctrl Pts',(57.9134666367494,-4.86926177253653,0.));
#12009=CARTESIAN_POINT('Ctrl Pts',(57.9134666367494,-4.86926177253653,0.02));
#12010=CARTESIAN_POINT('Ctrl Pts',(57.8768773376942,-4.77523803710938,0.));
#12011=CARTESIAN_POINT('Ctrl Pts',(57.8768773376942,-4.77523803710938,0.02));
#12012=CARTESIAN_POINT('',(58.0027301609516,-5.43519735336304,0.));
#12013=CARTESIAN_POINT('Ctrl Pts',(58.0027301609516,-5.43519735336304,0.));
#12014=CARTESIAN_POINT('Ctrl Pts',(58.0002743778995,-5.3086405201175,0.));
#12015=CARTESIAN_POINT('Ctrl Pts',(57.9958567205931,-5.08098005206584,0.));
#12016=CARTESIAN_POINT('Ctrl Pts',(57.9134666367494,-4.86926177253653,0.));
#12017=CARTESIAN_POINT('Ctrl Pts',(57.8768773376942,-4.77523803710938,0.));
#12018=CARTESIAN_POINT('',(58.0027301609516,-5.43519735336304,0.02));
#12019=CARTESIAN_POINT('',(58.0027301609516,-5.43519735336304,0.));
#12020=CARTESIAN_POINT('Ctrl Pts',(58.0027301609516,-5.43519735336304,0.02));
#12021=CARTESIAN_POINT('Ctrl Pts',(58.0002743778995,-5.3086405201175,0.02));
#12022=CARTESIAN_POINT('Ctrl Pts',(57.9958567205931,-5.08098005206584,0.02));
#12023=CARTESIAN_POINT('Ctrl Pts',(57.9134666367494,-4.86926177253653,0.02));
#12024=CARTESIAN_POINT('Ctrl Pts',(57.8768773376942,-4.77523803710938,0.02));
#12025=CARTESIAN_POINT('Ctrl Pts',(57.7182824909687,-6.2465888261795,0.));
#12026=CARTESIAN_POINT('Ctrl Pts',(57.7182824909687,-6.2465888261795,0.02));
#12027=CARTESIAN_POINT('Ctrl Pts',(57.8011505810298,-6.13432566078353,0.));
#12028=CARTESIAN_POINT('Ctrl Pts',(57.8011505810298,-6.13432566078353,0.02));
#12029=CARTESIAN_POINT('Ctrl Pts',(57.9785281629477,-5.89402847519979,0.));
#12030=CARTESIAN_POINT('Ctrl Pts',(57.9785281629477,-5.89402847519979,0.02));
#12031=CARTESIAN_POINT('Ctrl Pts',(57.9943174089163,-5.59468965864565,0.));
#12032=CARTESIAN_POINT('Ctrl Pts',(57.9943174089163,-5.59468965864565,0.02));
#12033=CARTESIAN_POINT('Ctrl Pts',(58.0027301609516,-5.43519735336304,0.));
#12034=CARTESIAN_POINT('Ctrl Pts',(58.0027301609516,-5.43519735336304,0.02));
#12035=CARTESIAN_POINT('',(57.7182824909687,-6.2465888261795,0.));
#12036=CARTESIAN_POINT('Ctrl Pts',(57.7182824909687,-6.2465888261795,0.));
#12037=CARTESIAN_POINT('Ctrl Pts',(57.8011505810298,-6.13432566078353,0.));
#12038=CARTESIAN_POINT('Ctrl Pts',(57.9785281629477,-5.89402847519979,0.));
#12039=CARTESIAN_POINT('Ctrl Pts',(57.9943174089163,-5.59468965864565,0.));
#12040=CARTESIAN_POINT('Ctrl Pts',(58.0027301609516,-5.43519735336304,0.));
#12041=CARTESIAN_POINT('',(57.7182824909687,-6.2465888261795,0.02));
#12042=CARTESIAN_POINT('',(57.7182824909687,-6.2465888261795,0.));
#12043=CARTESIAN_POINT('Ctrl Pts',(57.7182824909687,-6.2465888261795,0.02));
#12044=CARTESIAN_POINT('Ctrl Pts',(57.8011505810298,-6.13432566078353,0.02));
#12045=CARTESIAN_POINT('Ctrl Pts',(57.9785281629477,-5.89402847519979,0.02));
#12046=CARTESIAN_POINT('Ctrl Pts',(57.9943174089163,-5.59468965864565,0.02));
#12047=CARTESIAN_POINT('Ctrl Pts',(58.0027301609516,-5.43519735336304,0.02));
#12048=CARTESIAN_POINT('Ctrl Pts',(56.9856770336628,-6.54024541378021,0.));
#12049=CARTESIAN_POINT('Ctrl Pts',(56.9856770336628,-6.54024541378021,0.02));
#12050=CARTESIAN_POINT('Ctrl Pts',(57.1269397685636,-6.52932773772431,0.));
#12051=CARTESIAN_POINT('Ctrl Pts',(57.1269397685636,-6.52932773772431,0.02));
#12052=CARTESIAN_POINT('Ctrl Pts',(57.4023341407052,-6.5080435218639,0.));
#12053=CARTESIAN_POINT('Ctrl Pts',(57.4023341407052,-6.5080435218639,0.02));
#12054=CARTESIAN_POINT('Ctrl Pts',(57.6148002492223,-6.33222281667823,0.));
#12055=CARTESIAN_POINT('Ctrl Pts',(57.6148002492223,-6.33222281667823,0.02));
#12056=CARTESIAN_POINT('Ctrl Pts',(57.7182824909687,-6.2465888261795,0.));
#12057=CARTESIAN_POINT('Ctrl Pts',(57.7182824909687,-6.2465888261795,0.02));
#12058=CARTESIAN_POINT('',(56.9856770336628,-6.54024541378021,0.));
#12059=CARTESIAN_POINT('Ctrl Pts',(56.9856770336628,-6.54024541378021,0.));
#12060=CARTESIAN_POINT('Ctrl Pts',(57.1269397685636,-6.52932773772431,0.));
#12061=CARTESIAN_POINT('Ctrl Pts',(57.4023341407052,-6.5080435218639,0.));
#12062=CARTESIAN_POINT('Ctrl Pts',(57.6148002492223,-6.33222281667823,0.));
#12063=CARTESIAN_POINT('Ctrl Pts',(57.7182824909687,-6.2465888261795,0.));
#12064=CARTESIAN_POINT('',(56.9856770336628,-6.54024541378021,0.02));
#12065=CARTESIAN_POINT('',(56.9856770336628,-6.54024541378021,0.));
#12066=CARTESIAN_POINT('Ctrl Pts',(56.9856770336628,-6.54024541378021,0.02));
#12067=CARTESIAN_POINT('Ctrl Pts',(57.1269397685636,-6.52932773772431,0.02));
#12068=CARTESIAN_POINT('Ctrl Pts',(57.4023341407052,-6.5080435218639,0.02));
#12069=CARTESIAN_POINT('Ctrl Pts',(57.6148002492223,-6.33222281667823,0.02));
#12070=CARTESIAN_POINT('Ctrl Pts',(57.7182824909687,-6.2465888261795,0.02));
#12071=CARTESIAN_POINT('Ctrl Pts',(56.3021846115589,-6.29877209663391,0.));
#12072=CARTESIAN_POINT('Ctrl Pts',(56.3021846115589,-6.29877209663391,0.02));
#12073=CARTESIAN_POINT('Ctrl Pts',(56.4022674566345,-6.36919097105669,0.));
#12074=CARTESIAN_POINT('Ctrl Pts',(56.4022674566345,-6.36919097105669,0.02));
#12075=CARTESIAN_POINT('Ctrl Pts',(56.6072637360826,-6.51342755074921,0.));
#12076=CARTESIAN_POINT('Ctrl Pts',(56.6072637360826,-6.51342755074921,0.02));
#12077=CARTESIAN_POINT('Ctrl Pts',(56.8575731476247,-6.53116678865927,0.));
#12078=CARTESIAN_POINT('Ctrl Pts',(56.8575731476247,-6.53116678865927,0.02));
#12079=CARTESIAN_POINT('Ctrl Pts',(56.9856770336628,-6.54024541378021,0.));
#12080=CARTESIAN_POINT('Ctrl Pts',(56.9856770336628,-6.54024541378021,0.02));
#12081=CARTESIAN_POINT('',(56.3021846115589,-6.29877209663391,0.));
#12082=CARTESIAN_POINT('Ctrl Pts',(56.3021846115589,-6.29877209663391,0.));
#12083=CARTESIAN_POINT('Ctrl Pts',(56.4022674566345,-6.36919097105669,0.));
#12084=CARTESIAN_POINT('Ctrl Pts',(56.6072637360826,-6.51342755074921,0.));
#12085=CARTESIAN_POINT('Ctrl Pts',(56.8575731476247,-6.53116678865927,0.));
#12086=CARTESIAN_POINT('Ctrl Pts',(56.9856770336628,-6.54024541378021,0.));
#12087=CARTESIAN_POINT('',(56.3021846115589,-6.29877209663391,0.02));
#12088=CARTESIAN_POINT('',(56.3021846115589,-6.29877209663391,0.));
#12089=CARTESIAN_POINT('Ctrl Pts',(56.3021846115589,-6.29877209663391,0.02));
#12090=CARTESIAN_POINT('Ctrl Pts',(56.4022674566345,-6.36919097105669,0.02));
#12091=CARTESIAN_POINT('Ctrl Pts',(56.6072637360826,-6.51342755074921,0.02));
#12092=CARTESIAN_POINT('Ctrl Pts',(56.8575731476247,-6.53116678865927,0.02));
#12093=CARTESIAN_POINT('Ctrl Pts',(56.9856770336628,-6.54024541378021,0.02));
#12094=CARTESIAN_POINT('Ctrl Pts',(55.9665770828724,-5.40450155735016,0.));
#12095=CARTESIAN_POINT('Ctrl Pts',(55.9665770828724,-5.40450155735016,0.02));
#12096=CARTESIAN_POINT('Ctrl Pts',(55.9749715009467,-5.58742350911933,0.));
#12097=CARTESIAN_POINT('Ctrl Pts',(55.9749715009467,-5.58742350911933,0.02));
#12098=CARTESIAN_POINT('Ctrl Pts',(55.9904112704515,-5.9238700319966,0.));
#12099=CARTESIAN_POINT('Ctrl Pts',(55.9904112704515,-5.9238700319966,0.02));
#12100=CARTESIAN_POINT('Ctrl Pts',(56.2044954436386,-6.18130255733349,0.));
#12101=CARTESIAN_POINT('Ctrl Pts',(56.2044954436386,-6.18130255733349,0.02));
#12102=CARTESIAN_POINT('Ctrl Pts',(56.3021846115589,-6.29877209663391,0.));
#12103=CARTESIAN_POINT('Ctrl Pts',(56.3021846115589,-6.29877209663391,0.02));
#12104=CARTESIAN_POINT('',(55.9665770828724,-5.40450155735016,0.));
#12105=CARTESIAN_POINT('Ctrl Pts',(55.9665770828724,-5.40450155735016,0.));
#12106=CARTESIAN_POINT('Ctrl Pts',(55.9749715009467,-5.58742350911933,0.));
#12107=CARTESIAN_POINT('Ctrl Pts',(55.9904112704515,-5.9238700319966,0.));
#12108=CARTESIAN_POINT('Ctrl Pts',(56.2044954436386,-6.18130255733349,0.));
#12109=CARTESIAN_POINT('Ctrl Pts',(56.3021846115589,-6.29877209663391,0.));
#12110=CARTESIAN_POINT('',(55.9665770828724,-5.40450155735016,0.02));
#12111=CARTESIAN_POINT('',(55.9665770828724,-5.40450155735016,0.));
#12112=CARTESIAN_POINT('Ctrl Pts',(55.9665770828724,-5.40450155735016,0.02));
#12113=CARTESIAN_POINT('Ctrl Pts',(55.9749715009467,-5.58742350911933,0.02));
#12114=CARTESIAN_POINT('Ctrl Pts',(55.9904112704515,-5.9238700319966,0.02));
#12115=CARTESIAN_POINT('Ctrl Pts',(56.2044954436386,-6.18130255733349,0.02));
#12116=CARTESIAN_POINT('Ctrl Pts',(56.3021846115589,-6.29877209663391,0.02));
#12117=CARTESIAN_POINT('Ctrl Pts',(56.2479551136494,-4.56139087677002,0.));
#12118=CARTESIAN_POINT('Ctrl Pts',(56.2479551136494,-4.56139087677002,0.02));
#12119=CARTESIAN_POINT('Ctrl Pts',(56.1660403352609,-4.67634570699424,0.));
#12120=CARTESIAN_POINT('Ctrl Pts',(56.1660403352609,-4.67634570699424,0.02));
#12121=CARTESIAN_POINT('Ctrl Pts',(55.9871446307237,-4.92739839550176,0.));
#12122=CARTESIAN_POINT('Ctrl Pts',(55.9871446307237,-4.92739839550176,0.02));
#12123=CARTESIAN_POINT('Ctrl Pts',(55.9738073431314,-5.2367819995554,0.));
#12124=CARTESIAN_POINT('Ctrl Pts',(55.9738073431314,-5.2367819995554,0.02));
#12125=CARTESIAN_POINT('Ctrl Pts',(55.9665770828724,-5.40450155735016,0.));
#12126=CARTESIAN_POINT('Ctrl Pts',(55.9665770828724,-5.40450155735016,0.02));
#12127=CARTESIAN_POINT('Ctrl Pts',(56.2479551136494,-4.56139087677002,0.));
#12128=CARTESIAN_POINT('Ctrl Pts',(56.1660403352609,-4.67634570699424,0.));
#12129=CARTESIAN_POINT('Ctrl Pts',(55.9871446307237,-4.92739839550176,0.));
#12130=CARTESIAN_POINT('Ctrl Pts',(55.9738073431314,-5.2367819995554,0.));
#12131=CARTESIAN_POINT('Ctrl Pts',(55.9665770828724,-5.40450155735016,0.));
#12132=CARTESIAN_POINT('Ctrl Pts',(56.2479551136494,-4.56139087677002,0.02));
#12133=CARTESIAN_POINT('Ctrl Pts',(56.1660403352609,-4.67634570699424,0.02));
#12134=CARTESIAN_POINT('Ctrl Pts',(55.9871446307237,-4.92739839550176,0.02));
#12135=CARTESIAN_POINT('Ctrl Pts',(55.9738073431314,-5.2367819995554,0.02));
#12136=CARTESIAN_POINT('Ctrl Pts',(55.9665770828724,-5.40450155735016,0.02));
#12137=CARTESIAN_POINT('Origin',(52.9563443362713,-8.13437923789024,0.02));
#12138=CARTESIAN_POINT('Ctrl Pts',(52.3240120708942,-6.23533368110657,0.));
#12139=CARTESIAN_POINT('Ctrl Pts',(52.3240120708942,-6.23533368110657,0.02));
#12140=CARTESIAN_POINT('Ctrl Pts',(52.2358717321588,-6.22674972835056,0.));
#12141=CARTESIAN_POINT('Ctrl Pts',(52.2358717321588,-6.22674972835056,0.02));
#12142=CARTESIAN_POINT('Ctrl Pts',(52.0597339220925,-6.20959573663861,0.));
#12143=CARTESIAN_POINT('Ctrl Pts',(52.0597339220925,-6.20959573663861,0.02));
#12144=CARTESIAN_POINT('Ctrl Pts',(51.930290548465,-6.0889320956102,0.));
#12145=CARTESIAN_POINT('Ctrl Pts',(51.930290548465,-6.0889320956102,0.02));
#12146=CARTESIAN_POINT('Ctrl Pts',(51.8656213581562,-6.02864921092987,0.));
#12147=CARTESIAN_POINT('Ctrl Pts',(51.8656213581562,-6.02864921092987,0.02));
#12148=CARTESIAN_POINT('',(52.3240120708942,-6.23533368110657,0.));
#12149=CARTESIAN_POINT('',(51.8656213581562,-6.02864921092987,0.));
#12150=CARTESIAN_POINT('Ctrl Pts',(52.3240120708942,-6.23533368110657,0.));
#12151=CARTESIAN_POINT('Ctrl Pts',(52.2358717321588,-6.22674972835056,0.));
#12152=CARTESIAN_POINT('Ctrl Pts',(52.0597339220925,-6.20959573663861,0.));
#12153=CARTESIAN_POINT('Ctrl Pts',(51.930290548465,-6.0889320956102,0.));
#12154=CARTESIAN_POINT('Ctrl Pts',(51.8656213581562,-6.02864921092987,0.));
#12155=CARTESIAN_POINT('',(52.3240120708942,-6.23533368110657,0.02));
#12156=CARTESIAN_POINT('',(52.3240120708942,-6.23533368110657,0.));
#12157=CARTESIAN_POINT('',(51.8656213581562,-6.02864921092987,0.02));
#12158=CARTESIAN_POINT('Ctrl Pts',(52.3240120708942,-6.23533368110657,0.02));
#12159=CARTESIAN_POINT('Ctrl Pts',(52.2358717321588,-6.22674972835056,0.02));
#12160=CARTESIAN_POINT('Ctrl Pts',(52.0597339220925,-6.20959573663861,0.02));
#12161=CARTESIAN_POINT('Ctrl Pts',(51.930290548465,-6.0889320956102,0.02));
#12162=CARTESIAN_POINT('Ctrl Pts',(51.8656213581562,-6.02864921092987,0.02));
#12163=CARTESIAN_POINT('',(51.8656213581562,-6.02864921092987,0.));
#12164=CARTESIAN_POINT('Ctrl Pts',(52.7793319523335,-6.02762579917908,0.));
#12165=CARTESIAN_POINT('Ctrl Pts',(52.7793319523335,-6.02762579917908,0.02));
#12166=CARTESIAN_POINT('Ctrl Pts',(52.7147998207192,-6.08820683727502,0.));
#12167=CARTESIAN_POINT('Ctrl Pts',(52.7147998207192,-6.08820683727502,0.02));
#12168=CARTESIAN_POINT('Ctrl Pts',(52.5863721981516,-6.20877125225275,0.));
#12169=CARTESIAN_POINT('Ctrl Pts',(52.5863721981516,-6.20877125225275,0.02));
#12170=CARTESIAN_POINT('Ctrl Pts',(52.4111759527116,-6.22650884772354,0.));
#12171=CARTESIAN_POINT('Ctrl Pts',(52.4111759527116,-6.22650884772354,0.02));
#12172=CARTESIAN_POINT('Ctrl Pts',(52.3240120708942,-6.23533368110657,0.));
#12173=CARTESIAN_POINT('Ctrl Pts',(52.3240120708942,-6.23533368110657,0.02));
#12174=CARTESIAN_POINT('',(52.7793319523335,-6.02762579917908,0.));
#12175=CARTESIAN_POINT('Ctrl Pts',(52.7793319523335,-6.02762579917908,0.));
#12176=CARTESIAN_POINT('Ctrl Pts',(52.7147998207192,-6.08820683727502,0.));
#12177=CARTESIAN_POINT('Ctrl Pts',(52.5863721981516,-6.20877125225275,0.));
#12178=CARTESIAN_POINT('Ctrl Pts',(52.4111759527116,-6.22650884772354,0.));
#12179=CARTESIAN_POINT('Ctrl Pts',(52.3240120708942,-6.23533368110657,0.));
#12180=CARTESIAN_POINT('',(52.7793319523335,-6.02762579917908,0.02));
#12181=CARTESIAN_POINT('',(52.7793319523335,-6.02762579917908,0.));
#12182=CARTESIAN_POINT('Ctrl Pts',(52.7793319523335,-6.02762579917908,0.02));
#12183=CARTESIAN_POINT('Ctrl Pts',(52.7147998207192,-6.08820683727502,0.02));
#12184=CARTESIAN_POINT('Ctrl Pts',(52.5863721981516,-6.20877125225275,0.02));
#12185=CARTESIAN_POINT('Ctrl Pts',(52.4111759527116,-6.22650884772354,0.02));
#12186=CARTESIAN_POINT('Ctrl Pts',(52.3240120708942,-6.23533368110657,0.02));
#12187=CARTESIAN_POINT('Ctrl Pts',(52.9624839127064,-5.41678011417389,0.));
#12188=CARTESIAN_POINT('Ctrl Pts',(52.9624839127064,-5.41678011417389,0.02));
#12189=CARTESIAN_POINT('Ctrl Pts',(52.9585017719715,-5.53848766690891,0.));
#12190=CARTESIAN_POINT('Ctrl Pts',(52.9585017719715,-5.53848766690891,0.02));
#12191=CARTESIAN_POINT('Ctrl Pts',(52.9512754900599,-5.75934703511694,0.));
#12192=CARTESIAN_POINT('Ctrl Pts',(52.9512754900599,-5.75934703511694,0.02));
#12193=CARTESIAN_POINT('Ctrl Pts',(52.8326066964481,-5.94450268390656,0.));
#12194=CARTESIAN_POINT('Ctrl Pts',(52.8326066964481,-5.94450268390656,0.02));
#12195=CARTESIAN_POINT('Ctrl Pts',(52.7793319523335,-6.02762579917908,0.));
#12196=CARTESIAN_POINT('Ctrl Pts',(52.7793319523335,-6.02762579917908,0.02));
#12197=CARTESIAN_POINT('',(52.9624839127064,-5.41678011417389,0.));
#12198=CARTESIAN_POINT('Ctrl Pts',(52.9624839127064,-5.41678011417389,0.));
#12199=CARTESIAN_POINT('Ctrl Pts',(52.9585017719715,-5.53848766690891,0.));
#12200=CARTESIAN_POINT('Ctrl Pts',(52.9512754900599,-5.75934703511694,0.));
#12201=CARTESIAN_POINT('Ctrl Pts',(52.8326066964481,-5.94450268390656,0.));
#12202=CARTESIAN_POINT('Ctrl Pts',(52.7793319523335,-6.02762579917908,0.));
#12203=CARTESIAN_POINT('',(52.9624839127064,-5.41678011417389,0.02));
#12204=CARTESIAN_POINT('',(52.9624839127064,-5.41678011417389,0.));
#12205=CARTESIAN_POINT('Ctrl Pts',(52.9624839127064,-5.41678011417389,0.02));
#12206=CARTESIAN_POINT('Ctrl Pts',(52.9585017719715,-5.53848766690891,0.02));
#12207=CARTESIAN_POINT('Ctrl Pts',(52.9512754900599,-5.75934703511694,0.02));
#12208=CARTESIAN_POINT('Ctrl Pts',(52.8326066964481,-5.94450268390656,0.02));
#12209=CARTESIAN_POINT('Ctrl Pts',(52.7793319523335,-6.02762579917908,0.02));
#12210=CARTESIAN_POINT('Ctrl Pts',(52.7803559601307,-4.78035449981689,0.));
#12211=CARTESIAN_POINT('Ctrl Pts',(52.7803559601307,-4.78035449981689,0.02));
#12212=CARTESIAN_POINT('Ctrl Pts',(52.833289427751,-4.86588991815563,0.));
#12213=CARTESIAN_POINT('Ctrl Pts',(52.833289427751,-4.86588991815563,0.02));
#12214=CARTESIAN_POINT('Ctrl Pts',(52.9532373732379,-5.05971431994419,0.));
#12215=CARTESIAN_POINT('Ctrl Pts',(52.9532373732379,-5.05971431994419,0.02));
#12216=CARTESIAN_POINT('Ctrl Pts',(52.9591695995763,-5.28879408716841,0.));
#12217=CARTESIAN_POINT('Ctrl Pts',(52.9591695995763,-5.28879408716841,0.02));
#12218=CARTESIAN_POINT('Ctrl Pts',(52.9624839127064,-5.41678011417389,0.));
#12219=CARTESIAN_POINT('Ctrl Pts',(52.9624839127064,-5.41678011417389,0.02));
#12220=CARTESIAN_POINT('',(52.7803559601307,-4.78035449981689,0.));
#12221=CARTESIAN_POINT('Ctrl Pts',(52.7803559601307,-4.78035449981689,0.));
#12222=CARTESIAN_POINT('Ctrl Pts',(52.833289427751,-4.86588991815563,0.));
#12223=CARTESIAN_POINT('Ctrl Pts',(52.9532373732379,-5.05971431994419,0.));
#12224=CARTESIAN_POINT('Ctrl Pts',(52.9591695995763,-5.28879408716841,0.));
#12225=CARTESIAN_POINT('Ctrl Pts',(52.9624839127064,-5.41678011417389,0.));
#12226=CARTESIAN_POINT('',(52.7803559601307,-4.78035449981689,0.02));
#12227=CARTESIAN_POINT('',(52.7803559601307,-4.78035449981689,0.));
#12228=CARTESIAN_POINT('Ctrl Pts',(52.7803559601307,-4.78035449981689,0.02));
#12229=CARTESIAN_POINT('Ctrl Pts',(52.833289427751,-4.86588991815563,0.02));
#12230=CARTESIAN_POINT('Ctrl Pts',(52.9532373732379,-5.05971431994419,0.02));
#12231=CARTESIAN_POINT('Ctrl Pts',(52.9591695995763,-5.28879408716841,0.02));
#12232=CARTESIAN_POINT('Ctrl Pts',(52.9624839127064,-5.41678011417389,0.02));
#12233=CARTESIAN_POINT('Ctrl Pts',(52.3240120708942,-4.57162320613861,0.));
#12234=CARTESIAN_POINT('Ctrl Pts',(52.3240120708942,-4.57162320613861,0.02));
#12235=CARTESIAN_POINT('Ctrl Pts',(52.411667970732,-4.58042168107792,0.));
#12236=CARTESIAN_POINT('Ctrl Pts',(52.411667970732,-4.58042168107792,0.02));
#12237=CARTESIAN_POINT('Ctrl Pts',(52.5874930557212,-4.59807015205184,0.));
#12238=CARTESIAN_POINT('Ctrl Pts',(52.5874930557212,-4.59807015205184,0.02));
#12239=CARTESIAN_POINT('Ctrl Pts',(52.7159433305737,-4.7194749117874,0.));
#12240=CARTESIAN_POINT('Ctrl Pts',(52.7159433305737,-4.7194749117874,0.02));
#12241=CARTESIAN_POINT('Ctrl Pts',(52.7803559601307,-4.78035449981689,0.));
#12242=CARTESIAN_POINT('Ctrl Pts',(52.7803559601307,-4.78035449981689,0.02));
#12243=CARTESIAN_POINT('',(52.3240120708942,-4.57162320613861,0.));
#12244=CARTESIAN_POINT('Ctrl Pts',(52.3240120708942,-4.57162320613861,0.));
#12245=CARTESIAN_POINT('Ctrl Pts',(52.411667970732,-4.58042168107792,0.));
#12246=CARTESIAN_POINT('Ctrl Pts',(52.5874930557212,-4.59807015205184,0.));
#12247=CARTESIAN_POINT('Ctrl Pts',(52.7159433305737,-4.7194749117874,0.));
#12248=CARTESIAN_POINT('Ctrl Pts',(52.7803559601307,-4.78035449981689,0.));
#12249=CARTESIAN_POINT('',(52.3240120708942,-4.57162320613861,0.02));
#12250=CARTESIAN_POINT('',(52.3240120708942,-4.57162320613861,0.));
#12251=CARTESIAN_POINT('Ctrl Pts',(52.3240120708942,-4.57162320613861,0.02));
#12252=CARTESIAN_POINT('Ctrl Pts',(52.411667970732,-4.58042168107792,0.02));
#12253=CARTESIAN_POINT('Ctrl Pts',(52.5874930557212,-4.59807015205184,0.02));
#12254=CARTESIAN_POINT('Ctrl Pts',(52.7159433305737,-4.7194749117874,0.02));
#12255=CARTESIAN_POINT('Ctrl Pts',(52.7803559601307,-4.78035449981689,0.02));
#12256=CARTESIAN_POINT('Ctrl Pts',(51.8656213581562,-4.7793310880661,0.));
#12257=CARTESIAN_POINT('Ctrl Pts',(51.8656213581562,-4.7793310880661,0.02));
#12258=CARTESIAN_POINT('Ctrl Pts',(51.930253850852,-4.71874962250679,0.));
#12259=CARTESIAN_POINT('Ctrl Pts',(51.930253850852,-4.71874962250679,0.02));
#12260=CARTESIAN_POINT('Ctrl Pts',(52.0595205025189,-4.59758512955155,0.));
#12261=CARTESIAN_POINT('Ctrl Pts',(52.0595205025189,-4.59758512955155,0.02));
#12262=CARTESIAN_POINT('Ctrl Pts',(52.2358474571382,-4.58027725497701,0.));
#12263=CARTESIAN_POINT('Ctrl Pts',(52.2358474571382,-4.58027725497701,0.02));
#12264=CARTESIAN_POINT('Ctrl Pts',(52.3240120708942,-4.57162320613861,0.));
#12265=CARTESIAN_POINT('Ctrl Pts',(52.3240120708942,-4.57162320613861,0.02));
#12266=CARTESIAN_POINT('',(51.8656213581562,-4.7793310880661,0.));
#12267=CARTESIAN_POINT('Ctrl Pts',(51.8656213581562,-4.7793310880661,0.));
#12268=CARTESIAN_POINT('Ctrl Pts',(51.930253850852,-4.71874962250679,0.));
#12269=CARTESIAN_POINT('Ctrl Pts',(52.0595205025189,-4.59758512955155,0.));
#12270=CARTESIAN_POINT('Ctrl Pts',(52.2358474571382,-4.58027725497701,0.));
#12271=CARTESIAN_POINT('Ctrl Pts',(52.3240120708942,-4.57162320613861,0.));
#12272=CARTESIAN_POINT('',(51.8656213581562,-4.7793310880661,0.02));
#12273=CARTESIAN_POINT('',(51.8656213581562,-4.7793310880661,0.));
#12274=CARTESIAN_POINT('Ctrl Pts',(51.8656213581562,-4.7793310880661,0.02));
#12275=CARTESIAN_POINT('Ctrl Pts',(51.930253850852,-4.71874962250679,0.02));
#12276=CARTESIAN_POINT('Ctrl Pts',(52.0595205025189,-4.59758512955155,0.02));
#12277=CARTESIAN_POINT('Ctrl Pts',(52.2358474571382,-4.58027725497701,0.02));
#12278=CARTESIAN_POINT('Ctrl Pts',(52.3240120708942,-4.57162320613861,0.02));
#12279=CARTESIAN_POINT('Ctrl Pts',(51.6834934055805,-5.40450155735016,0.));
#12280=CARTESIAN_POINT('Ctrl Pts',(51.6834934055805,-5.40450155735016,0.02));
#12281=CARTESIAN_POINT('Ctrl Pts',(51.6870444694131,-5.27918192647533,0.));
#12282=CARTESIAN_POINT('Ctrl Pts',(51.6870444694131,-5.27918192647533,0.02));
#12283=CARTESIAN_POINT('Ctrl Pts',(51.6934319918067,-5.0537616056044,0.));
#12284=CARTESIAN_POINT('Ctrl Pts',(51.6934319918067,-5.0537616056044,0.02));
#12285=CARTESIAN_POINT('Ctrl Pts',(51.812671552134,-4.86372098378559,0.));
#12286=CARTESIAN_POINT('Ctrl Pts',(51.812671552134,-4.86372098378559,0.02));
#12287=CARTESIAN_POINT('Ctrl Pts',(51.8656213581562,-4.7793310880661,0.));
#12288=CARTESIAN_POINT('Ctrl Pts',(51.8656213581562,-4.7793310880661,0.02));
#12289=CARTESIAN_POINT('',(51.6834934055805,-5.40450155735016,0.));
#12290=CARTESIAN_POINT('Ctrl Pts',(51.6834934055805,-5.40450155735016,0.));
#12291=CARTESIAN_POINT('Ctrl Pts',(51.6870444694131,-5.27918192647533,0.));
#12292=CARTESIAN_POINT('Ctrl Pts',(51.6934319918067,-5.0537616056044,0.));
#12293=CARTESIAN_POINT('Ctrl Pts',(51.812671552134,-4.86372098378559,0.));
#12294=CARTESIAN_POINT('Ctrl Pts',(51.8656213581562,-4.7793310880661,0.));
#12295=CARTESIAN_POINT('',(51.6834934055805,-5.40450155735016,0.02));
#12296=CARTESIAN_POINT('',(51.6834934055805,-5.40450155735016,0.));
#12297=CARTESIAN_POINT('Ctrl Pts',(51.6834934055805,-5.40450155735016,0.02));
#12298=CARTESIAN_POINT('Ctrl Pts',(51.6870444694131,-5.27918192647533,0.02));
#12299=CARTESIAN_POINT('Ctrl Pts',(51.6934319918067,-5.0537616056044,0.02));
#12300=CARTESIAN_POINT('Ctrl Pts',(51.812671552134,-4.86372098378559,0.02));
#12301=CARTESIAN_POINT('Ctrl Pts',(51.8656213581562,-4.7793310880661,0.02));
#12302=CARTESIAN_POINT('Ctrl Pts',(51.8656213581562,-6.02864921092987,0.));
#12303=CARTESIAN_POINT('Ctrl Pts',(51.8656213581562,-6.02864921092987,0.02));
#12304=CARTESIAN_POINT('Ctrl Pts',(51.8126738839594,-5.94451959363216,0.));
#12305=CARTESIAN_POINT('Ctrl Pts',(51.8126738839594,-5.94451959363216,0.02));
#12306=CARTESIAN_POINT('Ctrl Pts',(51.6933318766572,-5.75489397778984,0.));
#12307=CARTESIAN_POINT('Ctrl Pts',(51.6933318766572,-5.75489397778984,0.02));
#12308=CARTESIAN_POINT('Ctrl Pts',(51.6870103263338,-5.52975500025211,0.));
#12309=CARTESIAN_POINT('Ctrl Pts',(51.6870103263338,-5.52975500025211,0.02));
#12310=CARTESIAN_POINT('Ctrl Pts',(51.6834934055805,-5.40450155735016,0.));
#12311=CARTESIAN_POINT('Ctrl Pts',(51.6834934055805,-5.40450155735016,0.02));
#12312=CARTESIAN_POINT('Ctrl Pts',(51.8656213581562,-6.02864921092987,0.));
#12313=CARTESIAN_POINT('Ctrl Pts',(51.8126738839594,-5.94451959363216,0.));
#12314=CARTESIAN_POINT('Ctrl Pts',(51.6933318766572,-5.75489397778984,0.));
#12315=CARTESIAN_POINT('Ctrl Pts',(51.6870103263338,-5.52975500025211,0.));
#12316=CARTESIAN_POINT('Ctrl Pts',(51.6834934055805,-5.40450155735016,0.));
#12317=CARTESIAN_POINT('Ctrl Pts',(51.8656213581562,-6.02864921092987,0.02));
#12318=CARTESIAN_POINT('Ctrl Pts',(51.8126738839594,-5.94451959363216,0.02));
#12319=CARTESIAN_POINT('Ctrl Pts',(51.6933318766572,-5.75489397778984,0.02));
#12320=CARTESIAN_POINT('Ctrl Pts',(51.6870103263338,-5.52975500025211,0.02));
#12321=CARTESIAN_POINT('Ctrl Pts',(51.6834934055805,-5.40450155735016,0.02));
#12322=CARTESIAN_POINT('Ctrl Pts',(52.3240120708942,-4.26875829696655,0.));
#12323=CARTESIAN_POINT('Ctrl Pts',(52.3240120708942,-4.26875829696655,0.02));
#12324=CARTESIAN_POINT('Ctrl Pts',(52.1808572930865,-4.27925916615321,0.));
#12325=CARTESIAN_POINT('Ctrl Pts',(52.1808572930865,-4.27925916615321,0.02));
#12326=CARTESIAN_POINT('Ctrl Pts',(51.903694037186,-4.29958999365425,0.));
#12327=CARTESIAN_POINT('Ctrl Pts',(51.903694037186,-4.29958999365425,0.02));
#12328=CARTESIAN_POINT('Ctrl Pts',(51.6897379519527,-4.47606512354041,0.));
#12329=CARTESIAN_POINT('Ctrl Pts',(51.6897379519527,-4.47606512354041,0.02));
#12330=CARTESIAN_POINT('Ctrl Pts',(51.5862901508808,-4.56139087677002,0.));
#12331=CARTESIAN_POINT('Ctrl Pts',(51.5862901508808,-4.56139087677002,0.02));
#12332=CARTESIAN_POINT('',(52.3240120708942,-4.26875829696655,0.));
#12333=CARTESIAN_POINT('',(51.5862901508808,-4.56139087677002,0.));
#12334=CARTESIAN_POINT('Ctrl Pts',(52.3240120708942,-4.26875829696655,0.));
#12335=CARTESIAN_POINT('Ctrl Pts',(52.1808572930865,-4.27925916615321,0.));
#12336=CARTESIAN_POINT('Ctrl Pts',(51.903694037186,-4.29958999365425,0.));
#12337=CARTESIAN_POINT('Ctrl Pts',(51.6897379519527,-4.47606512354041,0.));
#12338=CARTESIAN_POINT('Ctrl Pts',(51.5862901508808,-4.56139087677002,0.));
#12339=CARTESIAN_POINT('',(52.3240120708942,-4.26875829696655,0.02));
#12340=CARTESIAN_POINT('',(52.3240120708942,-4.26875829696655,0.));
#12341=CARTESIAN_POINT('',(51.5862901508808,-4.56139087677002,0.02));
#12342=CARTESIAN_POINT('Ctrl Pts',(52.3240120708942,-4.26875829696655,0.02));
#12343=CARTESIAN_POINT('Ctrl Pts',(52.1808572930865,-4.27925916615321,0.02));
#12344=CARTESIAN_POINT('Ctrl Pts',(51.903694037186,-4.29958999365425,0.02));
#12345=CARTESIAN_POINT('Ctrl Pts',(51.6897379519527,-4.47606512354041,0.02));
#12346=CARTESIAN_POINT('Ctrl Pts',(51.5862901508808,-4.56139087677002,0.02));
#12347=CARTESIAN_POINT('',(51.5862901508808,-4.56139087677002,0.));
#12348=CARTESIAN_POINT('Ctrl Pts',(52.8489096462727,-4.40177321434021,0.));
#12349=CARTESIAN_POINT('Ctrl Pts',(52.8489096462727,-4.40177321434021,0.02));
#12350=CARTESIAN_POINT('Ctrl Pts',(52.7665043560127,-4.36297795026059,0.));
#12351=CARTESIAN_POINT('Ctrl Pts',(52.7665043560127,-4.36297795026059,0.02));
#12352=CARTESIAN_POINT('Ctrl Pts',(52.6001870118665,-4.284678058751,0.));
#12353=CARTESIAN_POINT('Ctrl Pts',(52.6001870118665,-4.284678058751,0.02));
#12354=CARTESIAN_POINT('Ctrl Pts',(52.4166247163752,-4.27409683799817,0.));
#12355=CARTESIAN_POINT('Ctrl Pts',(52.4166247163752,-4.27409683799817,0.02));
#12356=CARTESIAN_POINT('Ctrl Pts',(52.3240120708942,-4.26875829696655,0.));
#12357=CARTESIAN_POINT('Ctrl Pts',(52.3240120708942,-4.26875829696655,0.02));
#12358=CARTESIAN_POINT('',(52.8489096462727,-4.40177321434021,0.));
#12359=CARTESIAN_POINT('Ctrl Pts',(52.8489096462727,-4.40177321434021,0.));
#12360=CARTESIAN_POINT('Ctrl Pts',(52.7665043560127,-4.36297795026059,0.));
#12361=CARTESIAN_POINT('Ctrl Pts',(52.6001870118665,-4.284678058751,0.));
#12362=CARTESIAN_POINT('Ctrl Pts',(52.4166247163752,-4.27409683799817,0.));
#12363=CARTESIAN_POINT('Ctrl Pts',(52.3240120708942,-4.26875829696655,0.));
#12364=CARTESIAN_POINT('',(52.8489096462727,-4.40177321434021,0.02));
#12365=CARTESIAN_POINT('',(52.8489096462727,-4.40177321434021,0.));
#12366=CARTESIAN_POINT('Ctrl Pts',(52.8489096462727,-4.40177321434021,0.02));
#12367=CARTESIAN_POINT('Ctrl Pts',(52.7665043560127,-4.36297795026059,0.02));
#12368=CARTESIAN_POINT('Ctrl Pts',(52.6001870118665,-4.284678058751,0.02));
#12369=CARTESIAN_POINT('Ctrl Pts',(52.4166247163752,-4.27409683799817,0.02));
#12370=CARTESIAN_POINT('Ctrl Pts',(52.3240120708942,-4.26875829696655,0.02));
#12371=CARTESIAN_POINT('Ctrl Pts',(53.2152123749256,-4.77523803710938,0.));
#12372=CARTESIAN_POINT('Ctrl Pts',(53.2152123749256,-4.77523803710938,0.02));
#12373=CARTESIAN_POINT('Ctrl Pts',(53.1683548845859,-4.69949174520731,0.));
#12374=CARTESIAN_POINT('Ctrl Pts',(53.1683548845859,-4.69949174520731,0.02));
#12375=CARTESIAN_POINT('Ctrl Pts',(53.0743281064154,-4.54749513304823,0.));
#12376=CARTESIAN_POINT('Ctrl Pts',(53.0743281064154,-4.54749513304823,0.02));
#12377=CARTESIAN_POINT('Ctrl Pts',(52.9242150604387,-4.45045445115831,0.));
#12378=CARTESIAN_POINT('Ctrl Pts',(52.9242150604387,-4.45045445115831,0.02));
#12379=CARTESIAN_POINT('Ctrl Pts',(52.8489096462727,-4.40177321434021,0.));
#12380=CARTESIAN_POINT('Ctrl Pts',(52.8489096462727,-4.40177321434021,0.02));
#12381=CARTESIAN_POINT('',(53.2152123749256,-4.77523803710938,0.));
#12382=CARTESIAN_POINT('Ctrl Pts',(53.2152123749256,-4.77523803710938,0.));
#12383=CARTESIAN_POINT('Ctrl Pts',(53.1683548845859,-4.69949174520731,0.));
#12384=CARTESIAN_POINT('Ctrl Pts',(53.0743281064154,-4.54749513304823,0.));
#12385=CARTESIAN_POINT('Ctrl Pts',(52.9242150604387,-4.45045445115831,0.));
#12386=CARTESIAN_POINT('Ctrl Pts',(52.8489096462727,-4.40177321434021,0.));
#12387=CARTESIAN_POINT('',(53.2152123749256,-4.77523803710938,0.02));
#12388=CARTESIAN_POINT('',(53.2152123749256,-4.77523803710938,0.));
#12389=CARTESIAN_POINT('Ctrl Pts',(53.2152123749256,-4.77523803710938,0.02));
#12390=CARTESIAN_POINT('Ctrl Pts',(53.1683548845859,-4.69949174520731,0.02));
#12391=CARTESIAN_POINT('Ctrl Pts',(53.0743281064154,-4.54749513304823,0.02));
#12392=CARTESIAN_POINT('Ctrl Pts',(52.9242150604387,-4.45045445115831,0.02));
#12393=CARTESIAN_POINT('Ctrl Pts',(52.8489096462727,-4.40177321434021,0.02));
#12394=CARTESIAN_POINT('Ctrl Pts',(53.3410651981831,-5.43519735336304,0.));
#12395=CARTESIAN_POINT('Ctrl Pts',(53.3410651981831,-5.43519735336304,0.02));
#12396=CARTESIAN_POINT('Ctrl Pts',(53.338609415131,-5.3086405201175,0.));
#12397=CARTESIAN_POINT('Ctrl Pts',(53.338609415131,-5.3086405201175,0.02));
#12398=CARTESIAN_POINT('Ctrl Pts',(53.3341917578245,-5.08098005206584,0.));
#12399=CARTESIAN_POINT('Ctrl Pts',(53.3341917578245,-5.08098005206584,0.02));
#12400=CARTESIAN_POINT('Ctrl Pts',(53.2518016739808,-4.86926177253653,0.));
#12401=CARTESIAN_POINT('Ctrl Pts',(53.2518016739808,-4.86926177253653,0.02));
#12402=CARTESIAN_POINT('Ctrl Pts',(53.2152123749256,-4.77523803710938,0.));
#12403=CARTESIAN_POINT('Ctrl Pts',(53.2152123749256,-4.77523803710938,0.02));
#12404=CARTESIAN_POINT('',(53.3410651981831,-5.43519735336304,0.));
#12405=CARTESIAN_POINT('Ctrl Pts',(53.3410651981831,-5.43519735336304,0.));
#12406=CARTESIAN_POINT('Ctrl Pts',(53.338609415131,-5.3086405201175,0.));
#12407=CARTESIAN_POINT('Ctrl Pts',(53.3341917578245,-5.08098005206584,0.));
#12408=CARTESIAN_POINT('Ctrl Pts',(53.2518016739808,-4.86926177253653,0.));
#12409=CARTESIAN_POINT('Ctrl Pts',(53.2152123749256,-4.77523803710938,0.));
#12410=CARTESIAN_POINT('',(53.3410651981831,-5.43519735336304,0.02));
#12411=CARTESIAN_POINT('',(53.3410651981831,-5.43519735336304,0.));
#12412=CARTESIAN_POINT('Ctrl Pts',(53.3410651981831,-5.43519735336304,0.02));
#12413=CARTESIAN_POINT('Ctrl Pts',(53.338609415131,-5.3086405201175,0.02));
#12414=CARTESIAN_POINT('Ctrl Pts',(53.3341917578245,-5.08098005206584,0.02));
#12415=CARTESIAN_POINT('Ctrl Pts',(53.2518016739808,-4.86926177253653,0.02));
#12416=CARTESIAN_POINT('Ctrl Pts',(53.2152123749256,-4.77523803710938,0.02));
#12417=CARTESIAN_POINT('Ctrl Pts',(53.0566175282001,-6.2465888261795,0.));
#12418=CARTESIAN_POINT('Ctrl Pts',(53.0566175282001,-6.2465888261795,0.02));
#12419=CARTESIAN_POINT('Ctrl Pts',(53.1394856182613,-6.13432566078353,0.));
#12420=CARTESIAN_POINT('Ctrl Pts',(53.1394856182613,-6.13432566078353,0.02));
#12421=CARTESIAN_POINT('Ctrl Pts',(53.3168632001792,-5.89402847519979,0.));
#12422=CARTESIAN_POINT('Ctrl Pts',(53.3168632001792,-5.89402847519979,0.02));
#12423=CARTESIAN_POINT('Ctrl Pts',(53.3326524461478,-5.59468965864565,0.));
#12424=CARTESIAN_POINT('Ctrl Pts',(53.3326524461478,-5.59468965864565,0.02));
#12425=CARTESIAN_POINT('Ctrl Pts',(53.3410651981831,-5.43519735336304,0.));
#12426=CARTESIAN_POINT('Ctrl Pts',(53.3410651981831,-5.43519735336304,0.02));
#12427=CARTESIAN_POINT('',(53.0566175282001,-6.2465888261795,0.));
#12428=CARTESIAN_POINT('Ctrl Pts',(53.0566175282001,-6.2465888261795,0.));
#12429=CARTESIAN_POINT('Ctrl Pts',(53.1394856182613,-6.13432566078353,0.));
#12430=CARTESIAN_POINT('Ctrl Pts',(53.3168632001792,-5.89402847519979,0.));
#12431=CARTESIAN_POINT('Ctrl Pts',(53.3326524461478,-5.59468965864565,0.));
#12432=CARTESIAN_POINT('Ctrl Pts',(53.3410651981831,-5.43519735336304,0.));
#12433=CARTESIAN_POINT('',(53.0566175282001,-6.2465888261795,0.02));
#12434=CARTESIAN_POINT('',(53.0566175282001,-6.2465888261795,0.));
#12435=CARTESIAN_POINT('Ctrl Pts',(53.0566175282001,-6.2465888261795,0.02));
#12436=CARTESIAN_POINT('Ctrl Pts',(53.1394856182613,-6.13432566078353,0.02));
#12437=CARTESIAN_POINT('Ctrl Pts',(53.3168632001792,-5.89402847519979,0.02));
#12438=CARTESIAN_POINT('Ctrl Pts',(53.3326524461478,-5.59468965864565,0.02));
#12439=CARTESIAN_POINT('Ctrl Pts',(53.3410651981831,-5.43519735336304,0.02));
#12440=CARTESIAN_POINT('Ctrl Pts',(52.3240120708942,-6.54024541378021,0.));
#12441=CARTESIAN_POINT('Ctrl Pts',(52.3240120708942,-6.54024541378021,0.02));
#12442=CARTESIAN_POINT('Ctrl Pts',(52.4652748057951,-6.52932773772431,0.));
#12443=CARTESIAN_POINT('Ctrl Pts',(52.4652748057951,-6.52932773772431,0.02));
#12444=CARTESIAN_POINT('Ctrl Pts',(52.7406691779367,-6.5080435218639,0.));
#12445=CARTESIAN_POINT('Ctrl Pts',(52.7406691779367,-6.5080435218639,0.02));
#12446=CARTESIAN_POINT('Ctrl Pts',(52.9531352864537,-6.33222281667823,0.));
#12447=CARTESIAN_POINT('Ctrl Pts',(52.9531352864537,-6.33222281667823,0.02));
#12448=CARTESIAN_POINT('Ctrl Pts',(53.0566175282001,-6.2465888261795,0.));
#12449=CARTESIAN_POINT('Ctrl Pts',(53.0566175282001,-6.2465888261795,0.02));
#12450=CARTESIAN_POINT('',(52.3240120708942,-6.54024541378021,0.));
#12451=CARTESIAN_POINT('Ctrl Pts',(52.3240120708942,-6.54024541378021,0.));
#12452=CARTESIAN_POINT('Ctrl Pts',(52.4652748057951,-6.52932773772431,0.));
#12453=CARTESIAN_POINT('Ctrl Pts',(52.7406691779367,-6.5080435218639,0.));
#12454=CARTESIAN_POINT('Ctrl Pts',(52.9531352864537,-6.33222281667823,0.));
#12455=CARTESIAN_POINT('Ctrl Pts',(53.0566175282001,-6.2465888261795,0.));
#12456=CARTESIAN_POINT('',(52.3240120708942,-6.54024541378021,0.02));
#12457=CARTESIAN_POINT('',(52.3240120708942,-6.54024541378021,0.));
#12458=CARTESIAN_POINT('Ctrl Pts',(52.3240120708942,-6.54024541378021,0.02));
#12459=CARTESIAN_POINT('Ctrl Pts',(52.4652748057951,-6.52932773772431,0.02));
#12460=CARTESIAN_POINT('Ctrl Pts',(52.7406691779367,-6.5080435218639,0.02));
#12461=CARTESIAN_POINT('Ctrl Pts',(52.9531352864537,-6.33222281667823,0.02));
#12462=CARTESIAN_POINT('Ctrl Pts',(53.0566175282001,-6.2465888261795,0.02));
#12463=CARTESIAN_POINT('Ctrl Pts',(51.6405190527439,-6.29877209663391,0.));
#12464=CARTESIAN_POINT('Ctrl Pts',(51.6405190527439,-6.29877209663391,0.02));
#12465=CARTESIAN_POINT('Ctrl Pts',(51.7406021009915,-6.3691909717117,0.));
#12466=CARTESIAN_POINT('Ctrl Pts',(51.7406021009915,-6.3691909717117,0.02));
#12467=CARTESIAN_POINT('Ctrl Pts',(51.9455986464485,-6.51342744710556,0.));
#12468=CARTESIAN_POINT('Ctrl Pts',(51.9455986464485,-6.51342744710556,0.02));
#12469=CARTESIAN_POINT('Ctrl Pts',(52.1959082011132,-6.5311667577687,0.));
#12470=CARTESIAN_POINT('Ctrl Pts',(52.1959082011132,-6.5311667577687,0.02));
#12471=CARTESIAN_POINT('Ctrl Pts',(52.3240120708942,-6.54024541378021,0.));
#12472=CARTESIAN_POINT('Ctrl Pts',(52.3240120708942,-6.54024541378021,0.02));
#12473=CARTESIAN_POINT('',(51.6405190527439,-6.29877209663391,0.));
#12474=CARTESIAN_POINT('Ctrl Pts',(51.6405190527439,-6.29877209663391,0.));
#12475=CARTESIAN_POINT('Ctrl Pts',(51.7406021009915,-6.3691909717117,0.));
#12476=CARTESIAN_POINT('Ctrl Pts',(51.9455986464485,-6.51342744710556,0.));
#12477=CARTESIAN_POINT('Ctrl Pts',(52.1959082011132,-6.5311667577687,0.));
#12478=CARTESIAN_POINT('Ctrl Pts',(52.3240120708942,-6.54024541378021,0.));
#12479=CARTESIAN_POINT('',(51.6405190527439,-6.29877209663391,0.02));
#12480=CARTESIAN_POINT('',(51.6405190527439,-6.29877209663391,0.));
#12481=CARTESIAN_POINT('Ctrl Pts',(51.6405190527439,-6.29877209663391,0.02));
#12482=CARTESIAN_POINT('Ctrl Pts',(51.7406021009915,-6.3691909717117,0.02));
#12483=CARTESIAN_POINT('Ctrl Pts',(51.9455986464485,-6.51342744710556,0.02));
#12484=CARTESIAN_POINT('Ctrl Pts',(52.1959082011132,-6.5311667577687,0.02));
#12485=CARTESIAN_POINT('Ctrl Pts',(52.3240120708942,-6.54024541378021,0.02));
#12486=CARTESIAN_POINT('Ctrl Pts',(51.3049121201038,-5.40450155735016,0.));
#12487=CARTESIAN_POINT('Ctrl Pts',(51.3049121201038,-5.40450155735016,0.02));
#12488=CARTESIAN_POINT('Ctrl Pts',(51.3133062918638,-5.58742351552681,0.));
#12489=CARTESIAN_POINT('Ctrl Pts',(51.3133062918638,-5.58742351552681,0.02));
#12490=CARTESIAN_POINT('Ctrl Pts',(51.3287456095697,-5.92387007730974,0.));
#12491=CARTESIAN_POINT('Ctrl Pts',(51.3287456095697,-5.92387007730974,0.02));
#12492=CARTESIAN_POINT('Ctrl Pts',(51.5428298464,-6.18130256378453,0.));
#12493=CARTESIAN_POINT('Ctrl Pts',(51.5428298464,-6.18130256378453,0.02));
#12494=CARTESIAN_POINT('Ctrl Pts',(51.6405190527439,-6.29877209663391,0.));
#12495=CARTESIAN_POINT('Ctrl Pts',(51.6405190527439,-6.29877209663391,0.02));
#12496=CARTESIAN_POINT('',(51.3049121201038,-5.40450155735016,0.));
#12497=CARTESIAN_POINT('Ctrl Pts',(51.3049121201038,-5.40450155735016,0.));
#12498=CARTESIAN_POINT('Ctrl Pts',(51.3133062918638,-5.58742351552681,0.));
#12499=CARTESIAN_POINT('Ctrl Pts',(51.3287456095697,-5.92387007730974,0.));
#12500=CARTESIAN_POINT('Ctrl Pts',(51.5428298464,-6.18130256378453,0.));
#12501=CARTESIAN_POINT('Ctrl Pts',(51.6405190527439,-6.29877209663391,0.));
#12502=CARTESIAN_POINT('',(51.3049121201038,-5.40450155735016,0.02));
#12503=CARTESIAN_POINT('',(51.3049121201038,-5.40450155735016,0.));
#12504=CARTESIAN_POINT('Ctrl Pts',(51.3049121201038,-5.40450155735016,0.02));
#12505=CARTESIAN_POINT('Ctrl Pts',(51.3133062918638,-5.58742351552681,0.02));
#12506=CARTESIAN_POINT('Ctrl Pts',(51.3287456095697,-5.92387007730974,0.02));
#12507=CARTESIAN_POINT('Ctrl Pts',(51.5428298464,-6.18130256378453,0.02));
#12508=CARTESIAN_POINT('Ctrl Pts',(51.6405190527439,-6.29877209663391,0.02));
#12509=CARTESIAN_POINT('Ctrl Pts',(51.5862901508808,-4.56139087677002,0.));
#12510=CARTESIAN_POINT('Ctrl Pts',(51.5862901508808,-4.56139087677002,0.02));
#12511=CARTESIAN_POINT('Ctrl Pts',(51.5043748041655,-4.67634564629268,0.));
#12512=CARTESIAN_POINT('Ctrl Pts',(51.5043748041655,-4.67634564629268,0.02));
#12513=CARTESIAN_POINT('Ctrl Pts',(51.325478033973,-4.92739795590785,0.));
#12514=CARTESIAN_POINT('Ctrl Pts',(51.325478033973,-4.92739795590785,0.02));
#12515=CARTESIAN_POINT('Ctrl Pts',(51.3121418020719,-5.2367819351558,0.));
#12516=CARTESIAN_POINT('Ctrl Pts',(51.3121418020719,-5.2367819351558,0.02));
#12517=CARTESIAN_POINT('Ctrl Pts',(51.3049121201038,-5.40450155735016,0.));
#12518=CARTESIAN_POINT('Ctrl Pts',(51.3049121201038,-5.40450155735016,0.02));
#12519=CARTESIAN_POINT('Ctrl Pts',(51.5862901508808,-4.56139087677002,0.));
#12520=CARTESIAN_POINT('Ctrl Pts',(51.5043748041655,-4.67634564629268,0.));
#12521=CARTESIAN_POINT('Ctrl Pts',(51.325478033973,-4.92739795590785,0.));
#12522=CARTESIAN_POINT('Ctrl Pts',(51.3121418020719,-5.2367819351558,0.));
#12523=CARTESIAN_POINT('Ctrl Pts',(51.3049121201038,-5.40450155735016,0.));
#12524=CARTESIAN_POINT('Ctrl Pts',(51.5862901508808,-4.56139087677002,0.02));
#12525=CARTESIAN_POINT('Ctrl Pts',(51.5043748041655,-4.67634564629268,0.02));
#12526=CARTESIAN_POINT('Ctrl Pts',(51.325478033973,-4.92739795590785,0.02));
#12527=CARTESIAN_POINT('Ctrl Pts',(51.3121418020719,-5.2367819351558,0.02));
#12528=CARTESIAN_POINT('Ctrl Pts',(51.3049121201038,-5.40450155735016,0.02));
#12529=CARTESIAN_POINT('Origin',(52.9563443362713,-8.13437923789024,0.02));
#12530=CARTESIAN_POINT('Ctrl Pts',(48.8226474821568,-4.57162320613861,0.));
#12531=CARTESIAN_POINT('Ctrl Pts',(48.8226474821568,-4.57162320613861,0.02));
#12532=CARTESIAN_POINT('Ctrl Pts',(48.8912823574483,-4.57654930943481,0.));
#12533=CARTESIAN_POINT('Ctrl Pts',(48.8912823574483,-4.57654930943481,0.02));
#12534=CARTESIAN_POINT('Ctrl Pts',(49.0249819736344,-4.58614527820721,0.));
#12535=CARTESIAN_POINT('Ctrl Pts',(49.0249819736344,-4.58614527820721,0.02));
#12536=CARTESIAN_POINT('Ctrl Pts',(49.1325226381129,-4.66584995046721,0.));
#12537=CARTESIAN_POINT('Ctrl Pts',(49.1325226381129,-4.66584995046721,0.02));
#12538=CARTESIAN_POINT('Ctrl Pts',(49.184857159853,-4.70463812351227,0.));
#12539=CARTESIAN_POINT('Ctrl Pts',(49.184857159853,-4.70463812351227,0.02));
#12540=CARTESIAN_POINT('',(48.8226474821568,-4.57162320613861,0.));
#12541=CARTESIAN_POINT('',(49.184857159853,-4.70463812351227,0.));
#12542=CARTESIAN_POINT('Ctrl Pts',(48.8226474821568,-4.57162320613861,0.));
#12543=CARTESIAN_POINT('Ctrl Pts',(48.8912823574483,-4.57654930943481,0.));
#12544=CARTESIAN_POINT('Ctrl Pts',(49.0249819736344,-4.58614527820721,0.));
#12545=CARTESIAN_POINT('Ctrl Pts',(49.1325226381129,-4.66584995046721,0.));
#12546=CARTESIAN_POINT('Ctrl Pts',(49.184857159853,-4.70463812351227,0.));
#12547=CARTESIAN_POINT('',(48.8226474821568,-4.57162320613861,0.02));
#12548=CARTESIAN_POINT('',(48.8226474821568,-4.57162320613861,0.));
#12549=CARTESIAN_POINT('',(49.184857159853,-4.70463812351227,0.02));
#12550=CARTESIAN_POINT('Ctrl Pts',(48.8226474821568,-4.57162320613861,0.02));
#12551=CARTESIAN_POINT('Ctrl Pts',(48.8912823574483,-4.57654930943481,0.02));
#12552=CARTESIAN_POINT('Ctrl Pts',(49.0249819736344,-4.58614527820721,0.02));
#12553=CARTESIAN_POINT('Ctrl Pts',(49.1325226381129,-4.66584995046721,0.02));
#12554=CARTESIAN_POINT('Ctrl Pts',(49.184857159853,-4.70463812351227,0.02));
#12555=CARTESIAN_POINT('',(49.184857159853,-4.70463812351227,0.));
#12556=CARTESIAN_POINT('Ctrl Pts',(48.3847208321095,-4.7701221704483,0.));
#12557=CARTESIAN_POINT('Ctrl Pts',(48.3847208321095,-4.7701221704483,0.02));
#12558=CARTESIAN_POINT('Ctrl Pts',(48.4454083705125,-4.71222850519124,0.));
#12559=CARTESIAN_POINT('Ctrl Pts',(48.4454083705125,-4.71222850519124,0.02));
#12560=CARTESIAN_POINT('Ctrl Pts',(48.5681452171688,-4.59514209664657,0.));
#12561=CARTESIAN_POINT('Ctrl Pts',(48.5681452171688,-4.59514209664657,0.02));
#12562=CARTESIAN_POINT('Ctrl Pts',(48.7371882143933,-4.57952060996531,0.));
#12563=CARTESIAN_POINT('Ctrl Pts',(48.7371882143933,-4.57952060996531,0.02));
#12564=CARTESIAN_POINT('Ctrl Pts',(48.8226474821568,-4.57162320613861,0.));
#12565=CARTESIAN_POINT('Ctrl Pts',(48.8226474821568,-4.57162320613861,0.02));
#12566=CARTESIAN_POINT('',(48.3847208321095,-4.7701221704483,0.));
#12567=CARTESIAN_POINT('Ctrl Pts',(48.3847208321095,-4.7701221704483,0.));
#12568=CARTESIAN_POINT('Ctrl Pts',(48.4454083705125,-4.71222850519124,0.));
#12569=CARTESIAN_POINT('Ctrl Pts',(48.5681452171688,-4.59514209664657,0.));
#12570=CARTESIAN_POINT('Ctrl Pts',(48.7371882143933,-4.57952060996531,0.));
#12571=CARTESIAN_POINT('Ctrl Pts',(48.8226474821568,-4.57162320613861,0.));
#12572=CARTESIAN_POINT('',(48.3847208321095,-4.7701221704483,0.02));
#12573=CARTESIAN_POINT('',(48.3847208321095,-4.7701221704483,0.));
#12574=CARTESIAN_POINT('Ctrl Pts',(48.3847208321095,-4.7701221704483,0.02));
#12575=CARTESIAN_POINT('Ctrl Pts',(48.4454083705125,-4.71222850519124,0.02));
#12576=CARTESIAN_POINT('Ctrl Pts',(48.5681452171688,-4.59514209664657,0.02));
#12577=CARTESIAN_POINT('Ctrl Pts',(48.7371882143933,-4.57952060996531,0.02));
#12578=CARTESIAN_POINT('Ctrl Pts',(48.8226474821568,-4.57162320613861,0.02));
#12579=CARTESIAN_POINT('Ctrl Pts',(48.2169176638126,-5.4065477848053,0.));
#12580=CARTESIAN_POINT('Ctrl Pts',(48.2169176638126,-5.4065477848053,0.02));
#12581=CARTESIAN_POINT('Ctrl Pts',(48.2190682471571,-5.27709771167109,0.));
#12582=CARTESIAN_POINT('Ctrl Pts',(48.2190682471571,-5.27709771167109,0.02));
#12583=CARTESIAN_POINT('Ctrl Pts',(48.2228435685495,-5.0498497737557,0.));
#12584=CARTESIAN_POINT('Ctrl Pts',(48.2228435685495,-5.0498497737557,0.02));
#12585=CARTESIAN_POINT('Ctrl Pts',(48.3360161554102,-4.85428496257443,0.));
#12586=CARTESIAN_POINT('Ctrl Pts',(48.3360161554102,-4.85428496257443,0.02));
#12587=CARTESIAN_POINT('Ctrl Pts',(48.3847208321095,-4.7701221704483,0.));
#12588=CARTESIAN_POINT('Ctrl Pts',(48.3847208321095,-4.7701221704483,0.02));
#12589=CARTESIAN_POINT('',(48.2169176638126,-5.4065477848053,0.));
#12590=CARTESIAN_POINT('Ctrl Pts',(48.2169176638126,-5.4065477848053,0.));
#12591=CARTESIAN_POINT('Ctrl Pts',(48.2190682471571,-5.27709771167109,0.));
#12592=CARTESIAN_POINT('Ctrl Pts',(48.2228435685495,-5.0498497737557,0.));
#12593=CARTESIAN_POINT('Ctrl Pts',(48.3360161554102,-4.85428496257443,0.));
#12594=CARTESIAN_POINT('Ctrl Pts',(48.3847208321095,-4.7701221704483,0.));
#12595=CARTESIAN_POINT('',(48.2169176638126,-5.4065477848053,0.02));
#12596=CARTESIAN_POINT('',(48.2169176638126,-5.4065477848053,0.));
#12597=CARTESIAN_POINT('Ctrl Pts',(48.2169176638126,-5.4065477848053,0.02));
#12598=CARTESIAN_POINT('Ctrl Pts',(48.2190682471571,-5.27709771167109,0.02));
#12599=CARTESIAN_POINT('Ctrl Pts',(48.2228435685495,-5.0498497737557,0.02));
#12600=CARTESIAN_POINT('Ctrl Pts',(48.3360161554102,-4.85428496257443,0.02));
#12601=CARTESIAN_POINT('Ctrl Pts',(48.3847208321095,-4.7701221704483,0.02));
#12602=CARTESIAN_POINT('Ctrl Pts',(48.3908601105213,-6.03785753250122,0.));
#12603=CARTESIAN_POINT('Ctrl Pts',(48.3908601105213,-6.03785753250122,0.02));
#12604=CARTESIAN_POINT('Ctrl Pts',(48.3403487632384,-5.95410898649721,0.));
#12605=CARTESIAN_POINT('Ctrl Pts',(48.3403487632384,-5.95410898649721,0.02));
#12606=CARTESIAN_POINT('Ctrl Pts',(48.2240186393353,-5.7612319547527,0.));
#12607=CARTESIAN_POINT('Ctrl Pts',(48.2240186393353,-5.7612319547527,0.02));
#12608=CARTESIAN_POINT('Ctrl Pts',(48.2194835729143,-5.53471149090185,0.));
#12609=CARTESIAN_POINT('Ctrl Pts',(48.2194835729143,-5.53471149090185,0.02));
#12610=CARTESIAN_POINT('Ctrl Pts',(48.2169176638126,-5.4065477848053,0.));
#12611=CARTESIAN_POINT('Ctrl Pts',(48.2169176638126,-5.4065477848053,0.02));
#12612=CARTESIAN_POINT('',(48.3908601105213,-6.03785753250122,0.));
#12613=CARTESIAN_POINT('Ctrl Pts',(48.3908601105213,-6.03785753250122,0.));
#12614=CARTESIAN_POINT('Ctrl Pts',(48.3403487632384,-5.95410898649721,0.));
#12615=CARTESIAN_POINT('Ctrl Pts',(48.2240186393353,-5.7612319547527,0.));
#12616=CARTESIAN_POINT('Ctrl Pts',(48.2194835729143,-5.53471149090185,0.));
#12617=CARTESIAN_POINT('Ctrl Pts',(48.2169176638126,-5.4065477848053,0.));
#12618=CARTESIAN_POINT('',(48.3908601105213,-6.03785753250122,0.02));
#12619=CARTESIAN_POINT('',(48.3908601105213,-6.03785753250122,0.));
#12620=CARTESIAN_POINT('Ctrl Pts',(48.3908601105213,-6.03785753250122,0.02));
#12621=CARTESIAN_POINT('Ctrl Pts',(48.3403487632384,-5.95410898649721,0.02));
#12622=CARTESIAN_POINT('Ctrl Pts',(48.2240186393353,-5.7612319547527,0.02));
#12623=CARTESIAN_POINT('Ctrl Pts',(48.2194835729143,-5.53471149090185,0.02));
#12624=CARTESIAN_POINT('Ctrl Pts',(48.2169176638126,-5.4065477848053,0.02));
#12625=CARTESIAN_POINT('Ctrl Pts',(48.8431115448475,-6.23738050460815,0.));
#12626=CARTESIAN_POINT('Ctrl Pts',(48.8431115448475,-6.23738050460815,0.02));
#12627=CARTESIAN_POINT('Ctrl Pts',(48.7551214921114,-6.22955568264794,0.));
#12628=CARTESIAN_POINT('Ctrl Pts',(48.7551214921114,-6.22955568264794,0.02));
#12629=CARTESIAN_POINT('Ctrl Pts',(48.5816360084968,-6.2141278816664,0.));
#12630=CARTESIAN_POINT('Ctrl Pts',(48.5816360084968,-6.2141278816664,0.02));
#12631=CARTESIAN_POINT('Ctrl Pts',(48.4538395297985,-6.09604834352098,0.));
#12632=CARTESIAN_POINT('Ctrl Pts',(48.4538395297985,-6.09604834352098,0.02));
#12633=CARTESIAN_POINT('Ctrl Pts',(48.3908601105213,-6.03785753250122,0.));
#12634=CARTESIAN_POINT('Ctrl Pts',(48.3908601105213,-6.03785753250122,0.02));
#12635=CARTESIAN_POINT('',(48.8431115448475,-6.23738050460815,0.));
#12636=CARTESIAN_POINT('Ctrl Pts',(48.8431115448475,-6.23738050460815,0.));
#12637=CARTESIAN_POINT('Ctrl Pts',(48.7551214921114,-6.22955568264794,0.));
#12638=CARTESIAN_POINT('Ctrl Pts',(48.5816360084968,-6.2141278816664,0.));
#12639=CARTESIAN_POINT('Ctrl Pts',(48.4538395297985,-6.09604834352098,0.));
#12640=CARTESIAN_POINT('Ctrl Pts',(48.3908601105213,-6.03785753250122,0.));
#12641=CARTESIAN_POINT('',(48.8431115448475,-6.23738050460815,0.02));
#12642=CARTESIAN_POINT('',(48.8431115448475,-6.23738050460815,0.));
#12643=CARTESIAN_POINT('Ctrl Pts',(48.8431115448475,-6.23738050460815,0.02));
#12644=CARTESIAN_POINT('Ctrl Pts',(48.7551214921114,-6.22955568264794,0.02));
#12645=CARTESIAN_POINT('Ctrl Pts',(48.5816360084968,-6.2141278816664,0.02));
#12646=CARTESIAN_POINT('Ctrl Pts',(48.4538395297985,-6.09604834352098,0.02));
#12647=CARTESIAN_POINT('Ctrl Pts',(48.3908601105213,-6.03785753250122,0.02));
#12648=CARTESIAN_POINT('Ctrl Pts',(49.1572315990925,-6.12687587738037,0.));
#12649=CARTESIAN_POINT('Ctrl Pts',(49.1572315990925,-6.12687587738037,0.02));
#12650=CARTESIAN_POINT('Ctrl Pts',(49.1110356498818,-6.15910240158863,0.));
#12651=CARTESIAN_POINT('Ctrl Pts',(49.1110356498818,-6.15910240158863,0.02));
#12652=CARTESIAN_POINT('Ctrl Pts',(49.0166581650509,-6.22494060497184,0.));
#12653=CARTESIAN_POINT('Ctrl Pts',(49.0166581650509,-6.22494060497184,0.02));
#12654=CARTESIAN_POINT('Ctrl Pts',(48.9017661472475,-6.23317611637974,0.));
#12655=CARTESIAN_POINT('Ctrl Pts',(48.9017661472475,-6.23317611637974,0.02));
#12656=CARTESIAN_POINT('Ctrl Pts',(48.8431115448475,-6.23738050460815,0.));
#12657=CARTESIAN_POINT('Ctrl Pts',(48.8431115448475,-6.23738050460815,0.02));
#12658=CARTESIAN_POINT('',(49.1572315990925,-6.12687587738037,0.));
#12659=CARTESIAN_POINT('Ctrl Pts',(49.1572315990925,-6.12687587738037,0.));
#12660=CARTESIAN_POINT('Ctrl Pts',(49.1110356498818,-6.15910240158863,0.));
#12661=CARTESIAN_POINT('Ctrl Pts',(49.0166581650509,-6.22494060497184,0.));
#12662=CARTESIAN_POINT('Ctrl Pts',(48.9017661472475,-6.23317611637974,0.));
#12663=CARTESIAN_POINT('Ctrl Pts',(48.8431115448475,-6.23738050460815,0.));
#12664=CARTESIAN_POINT('',(49.1572315990925,-6.12687587738037,0.02));
#12665=CARTESIAN_POINT('',(49.1572315990925,-6.12687587738037,0.));
#12666=CARTESIAN_POINT('Ctrl Pts',(49.1572315990925,-6.12687587738037,0.02));
#12667=CARTESIAN_POINT('Ctrl Pts',(49.1110356498818,-6.15910240158863,0.02));
#12668=CARTESIAN_POINT('Ctrl Pts',(49.0166581650509,-6.22494060497184,0.02));
#12669=CARTESIAN_POINT('Ctrl Pts',(48.9017661472475,-6.23317611637974,0.02));
#12670=CARTESIAN_POINT('Ctrl Pts',(48.8431115448475,-6.23738050460815,0.02));
#12671=CARTESIAN_POINT('Ctrl Pts',(49.3383361399174,-5.79740762710571,0.));
#12672=CARTESIAN_POINT('Ctrl Pts',(49.3383361399174,-5.79740762710571,0.02));
#12673=CARTESIAN_POINT('Ctrl Pts',(49.3198201215106,-5.86424212156331,0.));
#12674=CARTESIAN_POINT('Ctrl Pts',(49.3198201215106,-5.86424212156331,0.02));
#12675=CARTESIAN_POINT('Ctrl Pts',(49.2853393630832,-5.98870214355003,0.));
#12676=CARTESIAN_POINT('Ctrl Pts',(49.2853393630832,-5.98870214355003,0.02));
#12677=CARTESIAN_POINT('Ctrl Pts',(49.1977745059853,-6.08314734250315,0.));
#12678=CARTESIAN_POINT('Ctrl Pts',(49.1977745059853,-6.08314734250315,0.02));
#12679=CARTESIAN_POINT('Ctrl Pts',(49.1572315990925,-6.12687587738037,0.));
#12680=CARTESIAN_POINT('Ctrl Pts',(49.1572315990925,-6.12687587738037,0.02));
#12681=CARTESIAN_POINT('',(49.3383361399174,-5.79740762710571,0.));
#12682=CARTESIAN_POINT('Ctrl Pts',(49.3383361399174,-5.79740762710571,0.));
#12683=CARTESIAN_POINT('Ctrl Pts',(49.3198201215106,-5.86424212156331,0.));
#12684=CARTESIAN_POINT('Ctrl Pts',(49.2853393630832,-5.98870214355003,0.));
#12685=CARTESIAN_POINT('Ctrl Pts',(49.1977745059853,-6.08314734250315,0.));
#12686=CARTESIAN_POINT('Ctrl Pts',(49.1572315990925,-6.12687587738037,0.));
#12687=CARTESIAN_POINT('',(49.3383361399174,-5.79740762710571,0.02));
#12688=CARTESIAN_POINT('',(49.3383361399174,-5.79740762710571,0.));
#12689=CARTESIAN_POINT('Ctrl Pts',(49.3383361399174,-5.79740762710571,0.02));
#12690=CARTESIAN_POINT('Ctrl Pts',(49.3198201215106,-5.86424212156331,0.02));
#12691=CARTESIAN_POINT('Ctrl Pts',(49.2853393630832,-5.98870214355003,0.02));
#12692=CARTESIAN_POINT('Ctrl Pts',(49.1977745059853,-6.08314734250315,0.02));
#12693=CARTESIAN_POINT('Ctrl Pts',(49.1572315990925,-6.12687587738037,0.02));
#12694=CARTESIAN_POINT('Origin',(49.6964533627033,-5.8526599407196,0.));
#12695=CARTESIAN_POINT('',(49.6964533627033,-5.8526599407196,0.));
#12696=CARTESIAN_POINT('',(41.0386253247934,-4.51688215755594,0.));
#12697=CARTESIAN_POINT('',(49.6964533627033,-5.8526599407196,0.02));
#12698=CARTESIAN_POINT('',(49.6964533627033,-5.8526599407196,0.));
#12699=CARTESIAN_POINT('',(49.6964533627033,-5.8526599407196,0.02));
#12700=CARTESIAN_POINT('Ctrl Pts',(49.4079132378101,-6.36118650436401,0.));
#12701=CARTESIAN_POINT('Ctrl Pts',(49.4079132378101,-6.36118650436401,0.02));
#12702=CARTESIAN_POINT('Ctrl Pts',(49.4765984918149,-6.29308156412254,0.));
#12703=CARTESIAN_POINT('Ctrl Pts',(49.4765984918149,-6.29308156412254,0.02));
#12704=CARTESIAN_POINT('Ctrl Pts',(49.6200242413931,-6.15086760210625,0.));
#12705=CARTESIAN_POINT('Ctrl Pts',(49.6200242413931,-6.15086760210625,0.02));
#12706=CARTESIAN_POINT('Ctrl Pts',(49.6702698878079,-5.95482142945194,0.));
#12707=CARTESIAN_POINT('Ctrl Pts',(49.6702698878079,-5.95482142945194,0.02));
#12708=CARTESIAN_POINT('Ctrl Pts',(49.6964533627033,-5.8526599407196,0.));
#12709=CARTESIAN_POINT('Ctrl Pts',(49.6964533627033,-5.8526599407196,0.02));
#12710=CARTESIAN_POINT('',(49.4079132378101,-6.36118650436401,0.));
#12711=CARTESIAN_POINT('Ctrl Pts',(49.4079132378101,-6.36118650436401,0.));
#12712=CARTESIAN_POINT('Ctrl Pts',(49.4765984918149,-6.29308156412254,0.));
#12713=CARTESIAN_POINT('Ctrl Pts',(49.6200242413931,-6.15086760210625,0.));
#12714=CARTESIAN_POINT('Ctrl Pts',(49.6702698878079,-5.95482142945194,0.));
#12715=CARTESIAN_POINT('Ctrl Pts',(49.6964533627033,-5.8526599407196,0.));
#12716=CARTESIAN_POINT('',(49.4079132378101,-6.36118650436401,0.02));
#12717=CARTESIAN_POINT('',(49.4079132378101,-6.36118650436401,0.));
#12718=CARTESIAN_POINT('Ctrl Pts',(49.4079132378101,-6.36118650436401,0.02));
#12719=CARTESIAN_POINT('Ctrl Pts',(49.4765984918149,-6.29308156412254,0.02));
#12720=CARTESIAN_POINT('Ctrl Pts',(49.6200242413931,-6.15086760210625,0.02));
#12721=CARTESIAN_POINT('Ctrl Pts',(49.6702698878079,-5.95482142945194,0.02));
#12722=CARTESIAN_POINT('Ctrl Pts',(49.6964533627033,-5.8526599407196,0.02));
#12723=CARTESIAN_POINT('Ctrl Pts',(48.8287867605686,-6.54024541378021,0.));
#12724=CARTESIAN_POINT('Ctrl Pts',(48.8287867605686,-6.54024541378021,0.02));
#12725=CARTESIAN_POINT('Ctrl Pts',(48.9390235669341,-6.53461464661048,0.));
#12726=CARTESIAN_POINT('Ctrl Pts',(48.9390235669341,-6.53461464661048,0.02));
#12727=CARTESIAN_POINT('Ctrl Pts',(49.1477484858309,-6.52395322181436,0.));
#12728=CARTESIAN_POINT('Ctrl Pts',(49.1477484858309,-6.52395322181436,0.02));
#12729=CARTESIAN_POINT('Ctrl Pts',(49.3245081320745,-6.41336719054807,0.));
#12730=CARTESIAN_POINT('Ctrl Pts',(49.3245081320745,-6.41336719054807,0.02));
#12731=CARTESIAN_POINT('Ctrl Pts',(49.4079132378101,-6.36118650436401,0.));
#12732=CARTESIAN_POINT('Ctrl Pts',(49.4079132378101,-6.36118650436401,0.02));
#12733=CARTESIAN_POINT('',(48.8287867605686,-6.54024541378021,0.));
#12734=CARTESIAN_POINT('Ctrl Pts',(48.8287867605686,-6.54024541378021,0.));
#12735=CARTESIAN_POINT('Ctrl Pts',(48.9390235669341,-6.53461464661048,0.));
#12736=CARTESIAN_POINT('Ctrl Pts',(49.1477484858309,-6.52395322181436,0.));
#12737=CARTESIAN_POINT('Ctrl Pts',(49.3245081320745,-6.41336719054807,0.));
#12738=CARTESIAN_POINT('Ctrl Pts',(49.4079132378101,-6.36118650436401,0.));
#12739=CARTESIAN_POINT('',(48.8287867605686,-6.54024541378021,0.02));
#12740=CARTESIAN_POINT('',(48.8287867605686,-6.54024541378021,0.));
#12741=CARTESIAN_POINT('Ctrl Pts',(48.8287867605686,-6.54024541378021,0.02));
#12742=CARTESIAN_POINT('Ctrl Pts',(48.9390235669341,-6.53461464661048,0.02));
#12743=CARTESIAN_POINT('Ctrl Pts',(49.1477484858309,-6.52395322181436,0.02));
#12744=CARTESIAN_POINT('Ctrl Pts',(49.3245081320745,-6.41336719054807,0.02));
#12745=CARTESIAN_POINT('Ctrl Pts',(49.4079132378101,-6.36118650436401,0.02));
#12746=CARTESIAN_POINT('Ctrl Pts',(48.3100278675556,-6.4082533121109,0.));
#12747=CARTESIAN_POINT('Ctrl Pts',(48.3100278675556,-6.4082533121109,0.02));
#12748=CARTESIAN_POINT('Ctrl Pts',(48.3915869761895,-6.44675025414464,0.));
#12749=CARTESIAN_POINT('Ctrl Pts',(48.3915869761895,-6.44675025414464,0.02));
#12750=CARTESIAN_POINT('Ctrl Pts',(48.5559295793663,-6.52432206401538,0.));
#12751=CARTESIAN_POINT('Ctrl Pts',(48.5559295793663,-6.52432206401538,0.02));
#12752=CARTESIAN_POINT('Ctrl Pts',(48.7373837433256,-6.53491133312048,0.));
#12753=CARTESIAN_POINT('Ctrl Pts',(48.7373837433256,-6.53491133312048,0.02));
#12754=CARTESIAN_POINT('Ctrl Pts',(48.8287867605686,-6.54024541378021,0.));
#12755=CARTESIAN_POINT('Ctrl Pts',(48.8287867605686,-6.54024541378021,0.02));
#12756=CARTESIAN_POINT('',(48.3100278675556,-6.4082533121109,0.));
#12757=CARTESIAN_POINT('Ctrl Pts',(48.3100278675556,-6.4082533121109,0.));
#12758=CARTESIAN_POINT('Ctrl Pts',(48.3915869761895,-6.44675025414464,0.));
#12759=CARTESIAN_POINT('Ctrl Pts',(48.5559295793663,-6.52432206401538,0.));
#12760=CARTESIAN_POINT('Ctrl Pts',(48.7373837433256,-6.53491133312048,0.));
#12761=CARTESIAN_POINT('Ctrl Pts',(48.8287867605686,-6.54024541378021,0.));
#12762=CARTESIAN_POINT('',(48.3100278675556,-6.4082533121109,0.02));
#12763=CARTESIAN_POINT('',(48.3100278675556,-6.4082533121109,0.));
#12764=CARTESIAN_POINT('Ctrl Pts',(48.3100278675556,-6.4082533121109,0.02));
#12765=CARTESIAN_POINT('Ctrl Pts',(48.3915869761895,-6.44675025414464,0.02));
#12766=CARTESIAN_POINT('Ctrl Pts',(48.5559295793663,-6.52432206401538,0.02));
#12767=CARTESIAN_POINT('Ctrl Pts',(48.7373837433256,-6.53491133312048,0.02));
#12768=CARTESIAN_POINT('Ctrl Pts',(48.8287867605686,-6.54024541378021,0.02));
#12769=CARTESIAN_POINT('Ctrl Pts',(47.9549802839756,-6.01227760314941,0.));
#12770=CARTESIAN_POINT('Ctrl Pts',(47.9549802839756,-6.01227760314941,0.02));
#12771=CARTESIAN_POINT('Ctrl Pts',(47.9983008150459,-6.09441738777739,0.));
#12772=CARTESIAN_POINT('Ctrl Pts',(47.9983008150459,-6.09441738777739,0.02));
#12773=CARTESIAN_POINT('Ctrl Pts',(48.0836166796112,-6.25618425830278,0.));
#12774=CARTESIAN_POINT('Ctrl Pts',(48.0836166796112,-6.25618425830278,0.02));
#12775=CARTESIAN_POINT('Ctrl Pts',(48.2353430520045,-6.35809126253287,0.));
#12776=CARTESIAN_POINT('Ctrl Pts',(48.2353430520045,-6.35809126253287,0.02));
#12777=CARTESIAN_POINT('Ctrl Pts',(48.3100278675556,-6.4082533121109,0.));
#12778=CARTESIAN_POINT('Ctrl Pts',(48.3100278675556,-6.4082533121109,0.02));
#12779=CARTESIAN_POINT('',(47.9549802839756,-6.01227760314941,0.));
#12780=CARTESIAN_POINT('Ctrl Pts',(47.9549802839756,-6.01227760314941,0.));
#12781=CARTESIAN_POINT('Ctrl Pts',(47.9983008150459,-6.09441738777739,0.));
#12782=CARTESIAN_POINT('Ctrl Pts',(48.0836166796112,-6.25618425830278,0.));
#12783=CARTESIAN_POINT('Ctrl Pts',(48.2353430520045,-6.35809126253287,0.));
#12784=CARTESIAN_POINT('Ctrl Pts',(48.3100278675556,-6.4082533121109,0.));
#12785=CARTESIAN_POINT('',(47.9549802839756,-6.01227760314941,0.02));
#12786=CARTESIAN_POINT('',(47.9549802839756,-6.01227760314941,0.));
#12787=CARTESIAN_POINT('Ctrl Pts',(47.9549802839756,-6.01227760314941,0.02));
#12788=CARTESIAN_POINT('Ctrl Pts',(47.9983008150459,-6.09441738777739,0.02));
#12789=CARTESIAN_POINT('Ctrl Pts',(48.0836166796112,-6.25618425830278,0.02));
#12790=CARTESIAN_POINT('Ctrl Pts',(48.2353430520045,-6.35809126253287,0.02));
#12791=CARTESIAN_POINT('Ctrl Pts',(48.3100278675556,-6.4082533121109,0.02));
#12792=CARTESIAN_POINT('Ctrl Pts',(47.838336378336,-5.39631605148315,0.));
#12793=CARTESIAN_POINT('Ctrl Pts',(47.838336378336,-5.39631605148315,0.02));
#12794=CARTESIAN_POINT('Ctrl Pts',(47.8421231487889,-5.50746582362232,0.));
#12795=CARTESIAN_POINT('Ctrl Pts',(47.8421231487889,-5.50746582362232,0.02));
#12796=CARTESIAN_POINT('Ctrl Pts',(47.8493285783889,-5.71896051762683,0.));
#12797=CARTESIAN_POINT('Ctrl Pts',(47.8493285783889,-5.71896051762683,0.02));
#12798=CARTESIAN_POINT('Ctrl Pts',(47.9209832816625,-5.91789293061051,0.));
#12799=CARTESIAN_POINT('Ctrl Pts',(47.9209832816625,-5.91789293061051,0.02));
#12800=CARTESIAN_POINT('Ctrl Pts',(47.9549802839756,-6.01227760314941,0.));
#12801=CARTESIAN_POINT('Ctrl Pts',(47.9549802839756,-6.01227760314941,0.02));
#12802=CARTESIAN_POINT('',(47.838336378336,-5.39631605148315,0.));
#12803=CARTESIAN_POINT('Ctrl Pts',(47.838336378336,-5.39631605148315,0.));
#12804=CARTESIAN_POINT('Ctrl Pts',(47.8421231487889,-5.50746582362232,0.));
#12805=CARTESIAN_POINT('Ctrl Pts',(47.8493285783889,-5.71896051762683,0.));
#12806=CARTESIAN_POINT('Ctrl Pts',(47.9209832816625,-5.91789293061051,0.));
#12807=CARTESIAN_POINT('Ctrl Pts',(47.9549802839756,-6.01227760314941,0.));
#12808=CARTESIAN_POINT('',(47.838336378336,-5.39631605148315,0.02));
#12809=CARTESIAN_POINT('',(47.838336378336,-5.39631605148315,0.));
#12810=CARTESIAN_POINT('Ctrl Pts',(47.838336378336,-5.39631605148315,0.02));
#12811=CARTESIAN_POINT('Ctrl Pts',(47.8421231487889,-5.50746582362232,0.02));
#12812=CARTESIAN_POINT('Ctrl Pts',(47.8493285783889,-5.71896051762683,0.02));
#12813=CARTESIAN_POINT('Ctrl Pts',(47.9209832816625,-5.91789293061051,0.02));
#12814=CARTESIAN_POINT('Ctrl Pts',(47.9549802839756,-6.01227760314941,0.02));
#12815=CARTESIAN_POINT('Ctrl Pts',(48.1094820797443,-4.56036806106567,0.));
#12816=CARTESIAN_POINT('Ctrl Pts',(48.1094820797443,-4.56036806106567,0.02));
#12817=CARTESIAN_POINT('Ctrl Pts',(48.030551909413,-4.67481234201677,0.));
#12818=CARTESIAN_POINT('Ctrl Pts',(48.030551909413,-4.67481234201677,0.02));
#12819=CARTESIAN_POINT('Ctrl Pts',(47.857836003533,-4.92524063292605,0.));
#12820=CARTESIAN_POINT('Ctrl Pts',(47.857836003533,-4.92524063292605,0.02));
#12821=CARTESIAN_POINT('Ctrl Pts',(47.8451985750647,-5.23053788069429,0.));
#12822=CARTESIAN_POINT('Ctrl Pts',(47.8451985750647,-5.23053788069429,0.02));
#12823=CARTESIAN_POINT('Ctrl Pts',(47.838336378336,-5.39631605148315,0.));
#12824=CARTESIAN_POINT('Ctrl Pts',(47.838336378336,-5.39631605148315,0.02));
#12825=CARTESIAN_POINT('',(48.1094820797443,-4.56036806106567,0.));
#12826=CARTESIAN_POINT('Ctrl Pts',(48.1094820797443,-4.56036806106567,0.));
#12827=CARTESIAN_POINT('Ctrl Pts',(48.030551909413,-4.67481234201677,0.));
#12828=CARTESIAN_POINT('Ctrl Pts',(47.857836003533,-4.92524063292605,0.));
#12829=CARTESIAN_POINT('Ctrl Pts',(47.8451985750647,-5.23053788069429,0.));
#12830=CARTESIAN_POINT('Ctrl Pts',(47.838336378336,-5.39631605148315,0.));
#12831=CARTESIAN_POINT('',(48.1094820797443,-4.56036806106567,0.02));
#12832=CARTESIAN_POINT('',(48.1094820797443,-4.56036806106567,0.));
#12833=CARTESIAN_POINT('Ctrl Pts',(48.1094820797443,-4.56036806106567,0.02));
#12834=CARTESIAN_POINT('Ctrl Pts',(48.030551909413,-4.67481234201677,0.02));
#12835=CARTESIAN_POINT('Ctrl Pts',(47.857836003533,-4.92524063292605,0.02));
#12836=CARTESIAN_POINT('Ctrl Pts',(47.8451985750647,-5.23053788069429,0.02));
#12837=CARTESIAN_POINT('Ctrl Pts',(47.838336378336,-5.39631605148315,0.02));
#12838=CARTESIAN_POINT('Ctrl Pts',(48.826739937067,-4.26875829696655,0.));
#12839=CARTESIAN_POINT('Ctrl Pts',(48.826739937067,-4.26875829696655,0.02));
#12840=CARTESIAN_POINT('Ctrl Pts',(48.6868952757044,-4.27926430315473,0.));
#12841=CARTESIAN_POINT('Ctrl Pts',(48.6868952757044,-4.27926430315473,0.02));
#12842=CARTESIAN_POINT('Ctrl Pts',(48.4159375003604,-4.29962034704487,0.));
#12843=CARTESIAN_POINT('Ctrl Pts',(48.4159375003604,-4.29962034704487,0.02));
#12844=CARTESIAN_POINT('Ctrl Pts',(48.2094155132761,-4.47533966021287,0.));
#12845=CARTESIAN_POINT('Ctrl Pts',(48.2094155132761,-4.47533966021287,0.02));
#12846=CARTESIAN_POINT('Ctrl Pts',(48.1094820797443,-4.56036806106567,0.));
#12847=CARTESIAN_POINT('Ctrl Pts',(48.1094820797443,-4.56036806106567,0.02));
#12848=CARTESIAN_POINT('',(48.826739937067,-4.26875829696655,0.));
#12849=CARTESIAN_POINT('Ctrl Pts',(48.826739937067,-4.26875829696655,0.));
#12850=CARTESIAN_POINT('Ctrl Pts',(48.6868952757044,-4.27926430315473,0.));
#12851=CARTESIAN_POINT('Ctrl Pts',(48.4159375003604,-4.29962034704487,0.));
#12852=CARTESIAN_POINT('Ctrl Pts',(48.2094155132761,-4.47533966021287,0.));
#12853=CARTESIAN_POINT('Ctrl Pts',(48.1094820797443,-4.56036806106567,0.));
#12854=CARTESIAN_POINT('',(48.826739937067,-4.26875829696655,0.02));
#12855=CARTESIAN_POINT('',(48.826739937067,-4.26875829696655,0.));
#12856=CARTESIAN_POINT('Ctrl Pts',(48.826739937067,-4.26875829696655,0.02));
#12857=CARTESIAN_POINT('Ctrl Pts',(48.6868952757044,-4.27926430315473,0.02));
#12858=CARTESIAN_POINT('Ctrl Pts',(48.4159375003604,-4.29962034704487,0.02));
#12859=CARTESIAN_POINT('Ctrl Pts',(48.2094155132761,-4.47533966021287,0.02));
#12860=CARTESIAN_POINT('Ctrl Pts',(48.1094820797443,-4.56036806106567,0.02));
#12861=CARTESIAN_POINT('Ctrl Pts',(49.4273538887501,-4.48055863380432,0.));
#12862=CARTESIAN_POINT('Ctrl Pts',(49.4273538887501,-4.48055863380432,0.02));
#12863=CARTESIAN_POINT('Ctrl Pts',(49.3397021293233,-4.41879563507197,0.));
#12864=CARTESIAN_POINT('Ctrl Pts',(49.3397021293233,-4.41879563507197,0.02));
#12865=CARTESIAN_POINT('Ctrl Pts',(49.1596516931199,-4.29192476635575,0.));
#12866=CARTESIAN_POINT('Ctrl Pts',(49.1596516931199,-4.29192476635575,0.02));
#12867=CARTESIAN_POINT('Ctrl Pts',(48.9396439777747,-4.27661499759492,0.));
#12868=CARTESIAN_POINT('Ctrl Pts',(48.9396439777747,-4.27661499759492,0.02));
#12869=CARTESIAN_POINT('Ctrl Pts',(48.826739937067,-4.26875829696655,0.));
#12870=CARTESIAN_POINT('Ctrl Pts',(48.826739937067,-4.26875829696655,0.02));
#12871=CARTESIAN_POINT('',(49.4273538887501,-4.48055863380432,0.));
#12872=CARTESIAN_POINT('Ctrl Pts',(49.4273538887501,-4.48055863380432,0.));
#12873=CARTESIAN_POINT('Ctrl Pts',(49.3397021293233,-4.41879563507197,0.));
#12874=CARTESIAN_POINT('Ctrl Pts',(49.1596516931199,-4.29192476635575,0.));
#12875=CARTESIAN_POINT('Ctrl Pts',(48.9396439777747,-4.27661499759492,0.));
#12876=CARTESIAN_POINT('Ctrl Pts',(48.826739937067,-4.26875829696655,0.));
#12877=CARTESIAN_POINT('',(49.4273538887501,-4.48055863380432,0.02));
#12878=CARTESIAN_POINT('',(49.4273538887501,-4.48055863380432,0.));
#12879=CARTESIAN_POINT('Ctrl Pts',(49.4273538887501,-4.48055863380432,0.02));
#12880=CARTESIAN_POINT('Ctrl Pts',(49.3397021293233,-4.41879563507197,0.02));
#12881=CARTESIAN_POINT('Ctrl Pts',(49.1596516931199,-4.29192476635575,0.02));
#12882=CARTESIAN_POINT('Ctrl Pts',(48.9396439777747,-4.27661499759492,0.02));
#12883=CARTESIAN_POINT('Ctrl Pts',(48.826739937067,-4.26875829696655,0.02));
#12884=CARTESIAN_POINT('Ctrl Pts',(49.7312422096729,-5.0668478012085,0.));
#12885=CARTESIAN_POINT('Ctrl Pts',(49.7312422096729,-5.0668478012085,0.02));
#12886=CARTESIAN_POINT('Ctrl Pts',(49.7056432489902,-4.95049500498199,0.));
#12887=CARTESIAN_POINT('Ctrl Pts',(49.7056432489902,-4.95049500498199,0.02));
#12888=CARTESIAN_POINT('Ctrl Pts',(49.6565751597285,-4.72746995869762,0.));
#12889=CARTESIAN_POINT('Ctrl Pts',(49.6565751597285,-4.72746995869762,0.02));
#12890=CARTESIAN_POINT('Ctrl Pts',(49.50151752008,-4.56044581178044,0.));
#12891=CARTESIAN_POINT('Ctrl Pts',(49.50151752008,-4.56044581178044,0.02));
#12892=CARTESIAN_POINT('Ctrl Pts',(49.4273538887501,-4.48055863380432,0.));
#12893=CARTESIAN_POINT('Ctrl Pts',(49.4273538887501,-4.48055863380432,0.02));
#12894=CARTESIAN_POINT('',(49.7312422096729,-5.0668478012085,0.));
#12895=CARTESIAN_POINT('Ctrl Pts',(49.7312422096729,-5.0668478012085,0.));
#12896=CARTESIAN_POINT('Ctrl Pts',(49.7056432489902,-4.95049500498199,0.));
#12897=CARTESIAN_POINT('Ctrl Pts',(49.6565751597285,-4.72746995869762,0.));
#12898=CARTESIAN_POINT('Ctrl Pts',(49.50151752008,-4.56044581178044,0.));
#12899=CARTESIAN_POINT('Ctrl Pts',(49.4273538887501,-4.48055863380432,0.));
#12900=CARTESIAN_POINT('',(49.7312422096729,-5.0668478012085,0.02));
#12901=CARTESIAN_POINT('',(49.7312422096729,-5.0668478012085,0.));
#12902=CARTESIAN_POINT('Ctrl Pts',(49.7312422096729,-5.0668478012085,0.02));
#12903=CARTESIAN_POINT('Ctrl Pts',(49.7056432489902,-4.95049500498199,0.02));
#12904=CARTESIAN_POINT('Ctrl Pts',(49.6565751597285,-4.72746995869762,0.02));
#12905=CARTESIAN_POINT('Ctrl Pts',(49.50151752008,-4.56044581178044,0.02));
#12906=CARTESIAN_POINT('Ctrl Pts',(49.4273538887501,-4.48055863380432,0.02));
#12907=CARTESIAN_POINT('Origin',(49.3690319359303,-5.11391520500183,0.));
#12908=CARTESIAN_POINT('',(49.3690319359303,-5.11391520500183,0.));
#12909=CARTESIAN_POINT('',(37.8958878683106,-6.60479258688802,0.));
#12910=CARTESIAN_POINT('',(49.3690319359303,-5.11391520500183,0.02));
#12911=CARTESIAN_POINT('',(49.3690319359303,-5.11391520500183,0.));
#12912=CARTESIAN_POINT('',(49.3690319359303,-5.11391520500183,0.02));
#12913=CARTESIAN_POINT('Ctrl Pts',(49.184857159853,-4.70463812351227,0.));
#12914=CARTESIAN_POINT('Ctrl Pts',(49.184857159853,-4.70463812351227,0.02));
#12915=CARTESIAN_POINT('Ctrl Pts',(49.2292875214714,-4.75862647575005,0.));
#12916=CARTESIAN_POINT('Ctrl Pts',(49.2292875214714,-4.75862647575005,0.02));
#12917=CARTESIAN_POINT('Ctrl Pts',(49.3273701923815,-4.87780898051977,0.));
#12918=CARTESIAN_POINT('Ctrl Pts',(49.3273701923815,-4.87780898051977,0.02));
#12919=CARTESIAN_POINT('Ctrl Pts',(49.3543006673227,-5.03042987970146,0.));
#12920=CARTESIAN_POINT('Ctrl Pts',(49.3543006673227,-5.03042987970146,0.02));
#12921=CARTESIAN_POINT('Ctrl Pts',(49.3690319359303,-5.11391520500183,0.));
#12922=CARTESIAN_POINT('Ctrl Pts',(49.3690319359303,-5.11391520500183,0.02));
#12923=CARTESIAN_POINT('Ctrl Pts',(49.184857159853,-4.70463812351227,0.));
#12924=CARTESIAN_POINT('Ctrl Pts',(49.2292875214714,-4.75862647575005,0.));
#12925=CARTESIAN_POINT('Ctrl Pts',(49.3273701923815,-4.87780898051977,0.));
#12926=CARTESIAN_POINT('Ctrl Pts',(49.3543006673227,-5.03042987970146,0.));
#12927=CARTESIAN_POINT('Ctrl Pts',(49.3690319359303,-5.11391520500183,0.));
#12928=CARTESIAN_POINT('Ctrl Pts',(49.184857159853,-4.70463812351227,0.02));
#12929=CARTESIAN_POINT('Ctrl Pts',(49.2292875214714,-4.75862647575005,0.02));
#12930=CARTESIAN_POINT('Ctrl Pts',(49.3273701923815,-4.87780898051977,0.02));
#12931=CARTESIAN_POINT('Ctrl Pts',(49.3543006673227,-5.03042987970146,0.02));
#12932=CARTESIAN_POINT('Ctrl Pts',(49.3690319359303,-5.11391520500183,0.02));
#12933=CARTESIAN_POINT('Origin',(52.9563443362713,-8.13437923789024,0.02));
#12934=CARTESIAN_POINT('Ctrl Pts',(46.9481588900089,-4.90518391132355,0.));
#12935=CARTESIAN_POINT('Ctrl Pts',(46.9481588900089,-4.90518391132355,0.02));
#12936=CARTESIAN_POINT('Ctrl Pts',(46.9653797618282,-4.95626321584334,0.));
#12937=CARTESIAN_POINT('Ctrl Pts',(46.9653797618282,-4.95626321584334,0.02));
#12938=CARTESIAN_POINT('Ctrl Pts',(47.0055597571614,-5.07544221205036,0.));
#12939=CARTESIAN_POINT('Ctrl Pts',(47.0055597571614,-5.07544221205036,0.02));
#12940=CARTESIAN_POINT('Ctrl Pts',(47.0067971817345,-5.20150164642478,0.));
#12941=CARTESIAN_POINT('Ctrl Pts',(47.0067971817345,-5.20150164642478,0.02));
#12942=CARTESIAN_POINT('Ctrl Pts',(47.0075042545795,-5.27353286743164,0.));
#12943=CARTESIAN_POINT('Ctrl Pts',(47.0075042545795,-5.27353286743164,0.02));
#12944=CARTESIAN_POINT('',(46.9481588900089,-4.90518391132355,0.));
#12945=CARTESIAN_POINT('',(47.0075042545795,-5.27353286743164,0.));
#12946=CARTESIAN_POINT('Ctrl Pts',(46.9481588900089,-4.90518391132355,0.));
#12947=CARTESIAN_POINT('Ctrl Pts',(46.9653797618282,-4.95626321584334,0.));
#12948=CARTESIAN_POINT('Ctrl Pts',(47.0055597571614,-5.07544221205036,0.));
#12949=CARTESIAN_POINT('Ctrl Pts',(47.0067971817345,-5.20150164642478,0.));
#12950=CARTESIAN_POINT('Ctrl Pts',(47.0075042545795,-5.27353286743164,0.));
#12951=CARTESIAN_POINT('',(46.9481588900089,-4.90518391132355,0.02));
#12952=CARTESIAN_POINT('',(46.9481588900089,-4.90518391132355,0.));
#12953=CARTESIAN_POINT('',(47.0075042545795,-5.27353286743164,0.02));
#12954=CARTESIAN_POINT('Ctrl Pts',(46.9481588900089,-4.90518391132355,0.02));
#12955=CARTESIAN_POINT('Ctrl Pts',(46.9653797618282,-4.95626321584334,0.02));
#12956=CARTESIAN_POINT('Ctrl Pts',(47.0055597571614,-5.07544221205036,0.02));
#12957=CARTESIAN_POINT('Ctrl Pts',(47.0067971817345,-5.20150164642478,0.02));
#12958=CARTESIAN_POINT('Ctrl Pts',(47.0075042545795,-5.27353286743164,0.02));
#12959=CARTESIAN_POINT('',(47.0075042545795,-5.27353286743164,0.));
#12960=CARTESIAN_POINT('Ctrl Pts',(46.7046390473843,-4.65040862560272,0.));
#12961=CARTESIAN_POINT('Ctrl Pts',(46.7046390473843,-4.65040862560272,0.02));
#12962=CARTESIAN_POINT('Ctrl Pts',(46.7560149838053,-4.68387085709213,0.));
#12963=CARTESIAN_POINT('Ctrl Pts',(46.7560149838053,-4.68387085709213,0.02));
#12964=CARTESIAN_POINT('Ctrl Pts',(46.8571919820267,-4.7497695709987,0.));
#12965=CARTESIAN_POINT('Ctrl Pts',(46.8571919820267,-4.7497695709987,0.02));
#12966=CARTESIAN_POINT('Ctrl Pts',(46.9181528838014,-4.85391951458888,0.));
#12967=CARTESIAN_POINT('Ctrl Pts',(46.9181528838014,-4.85391951458888,0.02));
#12968=CARTESIAN_POINT('Ctrl Pts',(46.9481588900089,-4.90518391132355,0.));
#12969=CARTESIAN_POINT('Ctrl Pts',(46.9481588900089,-4.90518391132355,0.02));
#12970=CARTESIAN_POINT('',(46.7046390473843,-4.65040862560272,0.));
#12971=CARTESIAN_POINT('Ctrl Pts',(46.7046390473843,-4.65040862560272,0.));
#12972=CARTESIAN_POINT('Ctrl Pts',(46.7560149838053,-4.68387085709213,0.));
#12973=CARTESIAN_POINT('Ctrl Pts',(46.8571919820267,-4.7497695709987,0.));
#12974=CARTESIAN_POINT('Ctrl Pts',(46.9181528838014,-4.85391951458888,0.));
#12975=CARTESIAN_POINT('Ctrl Pts',(46.9481588900089,-4.90518391132355,0.));
#12976=CARTESIAN_POINT('',(46.7046390473843,-4.65040862560272,0.02));
#12977=CARTESIAN_POINT('',(46.7046390473843,-4.65040862560272,0.));
#12978=CARTESIAN_POINT('Ctrl Pts',(46.7046390473843,-4.65040862560272,0.02));
#12979=CARTESIAN_POINT('Ctrl Pts',(46.7560149838053,-4.68387085709213,0.02));
#12980=CARTESIAN_POINT('Ctrl Pts',(46.8571919820267,-4.7497695709987,0.02));
#12981=CARTESIAN_POINT('Ctrl Pts',(46.9181528838014,-4.85391951458888,0.02));
#12982=CARTESIAN_POINT('Ctrl Pts',(46.9481588900089,-4.90518391132355,0.02));
#12983=CARTESIAN_POINT('Ctrl Pts',(46.3260577619076,-4.55729842185974,0.));
#12984=CARTESIAN_POINT('Ctrl Pts',(46.3260577619076,-4.55729842185974,0.02));
#12985=CARTESIAN_POINT('Ctrl Pts',(46.3941669832647,-4.56069770122152,0.));
#12986=CARTESIAN_POINT('Ctrl Pts',(46.3941669832647,-4.56069770122152,0.02));
#12987=CARTESIAN_POINT('Ctrl Pts',(46.5264702190196,-4.5673008549478,0.));
#12988=CARTESIAN_POINT('Ctrl Pts',(46.5264702190196,-4.5673008549478,0.02));
#12989=CARTESIAN_POINT('Ctrl Pts',(46.6464327756711,-4.6232580093888,0.));
#12990=CARTESIAN_POINT('Ctrl Pts',(46.6464327756711,-4.6232580093888,0.02));
#12991=CARTESIAN_POINT('Ctrl Pts',(46.7046390473843,-4.65040862560272,0.));
#12992=CARTESIAN_POINT('Ctrl Pts',(46.7046390473843,-4.65040862560272,0.02));
#12993=CARTESIAN_POINT('',(46.3260577619076,-4.55729842185974,0.));
#12994=CARTESIAN_POINT('Ctrl Pts',(46.3260577619076,-4.55729842185974,0.));
#12995=CARTESIAN_POINT('Ctrl Pts',(46.3941669832647,-4.56069770122152,0.));
#12996=CARTESIAN_POINT('Ctrl Pts',(46.5264702190196,-4.5673008549478,0.));
#12997=CARTESIAN_POINT('Ctrl Pts',(46.6464327756711,-4.6232580093888,0.));
#12998=CARTESIAN_POINT('Ctrl Pts',(46.7046390473843,-4.65040862560272,0.));
#12999=CARTESIAN_POINT('',(46.3260577619076,-4.55729842185974,0.02));
#13000=CARTESIAN_POINT('',(46.3260577619076,-4.55729842185974,0.));
#13001=CARTESIAN_POINT('Ctrl Pts',(46.3260577619076,-4.55729842185974,0.02));
#13002=CARTESIAN_POINT('Ctrl Pts',(46.3941669832647,-4.56069770122152,0.02));
#13003=CARTESIAN_POINT('Ctrl Pts',(46.5264702190196,-4.5673008549478,0.02));
#13004=CARTESIAN_POINT('Ctrl Pts',(46.6464327756711,-4.6232580093888,0.02));
#13005=CARTESIAN_POINT('Ctrl Pts',(46.7046390473843,-4.65040862560272,0.02));
#13006=CARTESIAN_POINT('Ctrl Pts',(45.9996594488621,-4.65552508831024,0.));
#13007=CARTESIAN_POINT('Ctrl Pts',(45.9996594488621,-4.65552508831024,0.02));
#13008=CARTESIAN_POINT('Ctrl Pts',(46.0441569458954,-4.62695040711394,0.));
#13009=CARTESIAN_POINT('Ctrl Pts',(46.0441569458954,-4.62695040711394,0.02));
#13010=CARTESIAN_POINT('Ctrl Pts',(46.1430726487119,-4.56343032482314,0.));
#13011=CARTESIAN_POINT('Ctrl Pts',(46.1430726487119,-4.56343032482314,0.02));
#13012=CARTESIAN_POINT('Ctrl Pts',(46.2611163432998,-4.55947463428628,0.));
#13013=CARTESIAN_POINT('Ctrl Pts',(46.2611163432998,-4.55947463428628,0.02));
#13014=CARTESIAN_POINT('Ctrl Pts',(46.3260577619076,-4.55729842185974,0.));
#13015=CARTESIAN_POINT('Ctrl Pts',(46.3260577619076,-4.55729842185974,0.02));
#13016=CARTESIAN_POINT('',(45.9996594488621,-4.65552508831024,0.));
#13017=CARTESIAN_POINT('Ctrl Pts',(45.9996594488621,-4.65552508831024,0.));
#13018=CARTESIAN_POINT('Ctrl Pts',(46.0441569458954,-4.62695040711394,0.));
#13019=CARTESIAN_POINT('Ctrl Pts',(46.1430726487119,-4.56343032482314,0.));
#13020=CARTESIAN_POINT('Ctrl Pts',(46.2611163432998,-4.55947463428628,0.));
#13021=CARTESIAN_POINT('Ctrl Pts',(46.3260577619076,-4.55729842185974,0.));
#13022=CARTESIAN_POINT('',(45.9996594488621,-4.65552508831024,0.02));
#13023=CARTESIAN_POINT('',(45.9996594488621,-4.65552508831024,0.));
#13024=CARTESIAN_POINT('Ctrl Pts',(45.9996594488621,-4.65552508831024,0.02));
#13025=CARTESIAN_POINT('Ctrl Pts',(46.0441569458954,-4.62695040711394,0.02));
#13026=CARTESIAN_POINT('Ctrl Pts',(46.1430726487119,-4.56343032482314,0.02));
#13027=CARTESIAN_POINT('Ctrl Pts',(46.2611163432998,-4.55947463428628,0.02));
#13028=CARTESIAN_POINT('Ctrl Pts',(46.3260577619076,-4.55729842185974,0.02));
#13029=CARTESIAN_POINT('Ctrl Pts',(45.8881314098835,-4.90109086036682,0.));
#13030=CARTESIAN_POINT('Ctrl Pts',(45.8881314098835,-4.90109086036682,0.02));
#13031=CARTESIAN_POINT('Ctrl Pts',(45.8928241293372,-4.85398384648673,0.));
#13032=CARTESIAN_POINT('Ctrl Pts',(45.8928241293372,-4.85398384648673,0.02));
#13033=CARTESIAN_POINT('Ctrl Pts',(45.9022328329962,-4.75953627973247,0.));
#13034=CARTESIAN_POINT('Ctrl Pts',(45.9022328329962,-4.75953627973247,0.02));
#13035=CARTESIAN_POINT('Ctrl Pts',(45.9671304198303,-4.69025259100887,0.));
#13036=CARTESIAN_POINT('Ctrl Pts',(45.9671304198303,-4.69025259100887,0.02));
#13037=CARTESIAN_POINT('Ctrl Pts',(45.9996594488621,-4.65552508831024,0.));
#13038=CARTESIAN_POINT('Ctrl Pts',(45.9996594488621,-4.65552508831024,0.02));
#13039=CARTESIAN_POINT('',(45.8881314098835,-4.90109086036682,0.));
#13040=CARTESIAN_POINT('Ctrl Pts',(45.8881314098835,-4.90109086036682,0.));
#13041=CARTESIAN_POINT('Ctrl Pts',(45.8928241293372,-4.85398384648673,0.));
#13042=CARTESIAN_POINT('Ctrl Pts',(45.9022328329962,-4.75953627973247,0.));
#13043=CARTESIAN_POINT('Ctrl Pts',(45.9671304198303,-4.69025259100887,0.));
#13044=CARTESIAN_POINT('Ctrl Pts',(45.9996594488621,-4.65552508831024,0.));
#13045=CARTESIAN_POINT('',(45.8881314098835,-4.90109086036682,0.02));
#13046=CARTESIAN_POINT('',(45.8881314098835,-4.90109086036682,0.));
#13047=CARTESIAN_POINT('Ctrl Pts',(45.8881314098835,-4.90109086036682,0.02));
#13048=CARTESIAN_POINT('Ctrl Pts',(45.8928241293372,-4.85398384648673,0.02));
#13049=CARTESIAN_POINT('Ctrl Pts',(45.9022328329962,-4.75953627973247,0.02));
#13050=CARTESIAN_POINT('Ctrl Pts',(45.9671304198303,-4.69025259100887,0.02));
#13051=CARTESIAN_POINT('Ctrl Pts',(45.9996594488621,-4.65552508831024,0.02));
#13052=CARTESIAN_POINT('Ctrl Pts',(45.9392912685871,-5.07605671882629,0.));
#13053=CARTESIAN_POINT('Ctrl Pts',(45.9392912685871,-5.07605671882629,0.02));
#13054=CARTESIAN_POINT('Ctrl Pts',(45.9243698099698,-5.0489707248827,0.));
#13055=CARTESIAN_POINT('Ctrl Pts',(45.9243698099698,-5.0489707248827,0.02));
#13056=CARTESIAN_POINT('Ctrl Pts',(45.8943384380858,-4.9944566470148,0.));
#13057=CARTESIAN_POINT('Ctrl Pts',(45.8943384380858,-4.9944566470148,0.02));
#13058=CARTESIAN_POINT('Ctrl Pts',(45.8902090569303,-4.93234271625919,0.));
#13059=CARTESIAN_POINT('Ctrl Pts',(45.8902090569303,-4.93234271625919,0.02));
#13060=CARTESIAN_POINT('Ctrl Pts',(45.8881314098835,-4.90109086036682,0.));
#13061=CARTESIAN_POINT('Ctrl Pts',(45.8881314098835,-4.90109086036682,0.02));
#13062=CARTESIAN_POINT('',(45.9392912685871,-5.07605671882629,0.));
#13063=CARTESIAN_POINT('Ctrl Pts',(45.9392912685871,-5.07605671882629,0.));
#13064=CARTESIAN_POINT('Ctrl Pts',(45.9243698099698,-5.0489707248827,0.));
#13065=CARTESIAN_POINT('Ctrl Pts',(45.8943384380858,-4.9944566470148,0.));
#13066=CARTESIAN_POINT('Ctrl Pts',(45.8902090569303,-4.93234271625919,0.));
#13067=CARTESIAN_POINT('Ctrl Pts',(45.8881314098835,-4.90109086036682,0.));
#13068=CARTESIAN_POINT('',(45.9392912685871,-5.07605671882629,0.02));
#13069=CARTESIAN_POINT('',(45.9392912685871,-5.07605671882629,0.));
#13070=CARTESIAN_POINT('Ctrl Pts',(45.9392912685871,-5.07605671882629,0.02));
#13071=CARTESIAN_POINT('Ctrl Pts',(45.9243698099698,-5.0489707248827,0.02));
#13072=CARTESIAN_POINT('Ctrl Pts',(45.8943384380858,-4.9944566470148,0.02));
#13073=CARTESIAN_POINT('Ctrl Pts',(45.8902090569303,-4.93234271625919,0.02));
#13074=CARTESIAN_POINT('Ctrl Pts',(45.8881314098835,-4.90109086036682,0.02));
#13075=CARTESIAN_POINT('Ctrl Pts',(46.0845844447613,-5.19577026367188,0.));
#13076=CARTESIAN_POINT('Ctrl Pts',(46.0845844447613,-5.19577026367188,0.02));
#13077=CARTESIAN_POINT('Ctrl Pts',(46.05521026594,-5.18087360980934,0.));
#13078=CARTESIAN_POINT('Ctrl Pts',(46.05521026594,-5.18087360980934,0.02));
#13079=CARTESIAN_POINT('Ctrl Pts',(45.9978172697977,-5.15176765240137,0.));
#13080=CARTESIAN_POINT('Ctrl Pts',(45.9978172697977,-5.15176765240137,0.02));
#13081=CARTESIAN_POINT('Ctrl Pts',(45.9584903614287,-5.10089322247875,0.));
#13082=CARTESIAN_POINT('Ctrl Pts',(45.9584903614287,-5.10089322247875,0.02));
#13083=CARTESIAN_POINT('Ctrl Pts',(45.9392912685871,-5.07605671882629,0.));
#13084=CARTESIAN_POINT('Ctrl Pts',(45.9392912685871,-5.07605671882629,0.02));
#13085=CARTESIAN_POINT('',(46.0845844447613,-5.19577026367188,0.));
#13086=CARTESIAN_POINT('Ctrl Pts',(46.0845844447613,-5.19577026367188,0.));
#13087=CARTESIAN_POINT('Ctrl Pts',(46.05521026594,-5.18087360980934,0.));
#13088=CARTESIAN_POINT('Ctrl Pts',(45.9978172697977,-5.15176765240137,0.));
#13089=CARTESIAN_POINT('Ctrl Pts',(45.9584903614287,-5.10089322247875,0.));
#13090=CARTESIAN_POINT('Ctrl Pts',(45.9392912685871,-5.07605671882629,0.));
#13091=CARTESIAN_POINT('',(46.0845844447613,-5.19577026367188,0.02));
#13092=CARTESIAN_POINT('',(46.0845844447613,-5.19577026367188,0.));
#13093=CARTESIAN_POINT('Ctrl Pts',(46.0845844447613,-5.19577026367188,0.02));
#13094=CARTESIAN_POINT('Ctrl Pts',(46.05521026594,-5.18087360980934,0.02));
#13095=CARTESIAN_POINT('Ctrl Pts',(45.9978172697977,-5.15176765240137,0.02));
#13096=CARTESIAN_POINT('Ctrl Pts',(45.9584903614287,-5.10089322247875,0.02));
#13097=CARTESIAN_POINT('Ctrl Pts',(45.9392912685871,-5.07605671882629,0.02));
#13098=CARTESIAN_POINT('Ctrl Pts',(46.4058668911457,-5.26944041252136,0.));
#13099=CARTESIAN_POINT('Ctrl Pts',(46.4058668911457,-5.26944041252136,0.02));
#13100=CARTESIAN_POINT('Ctrl Pts',(46.3406899327259,-5.26010310104438,0.));
#13101=CARTESIAN_POINT('Ctrl Pts',(46.3406899327259,-5.26010310104438,0.02));
#13102=CARTESIAN_POINT('Ctrl Pts',(46.2314456440281,-5.24445266298492,0.));
#13103=CARTESIAN_POINT('Ctrl Pts',(46.2314456440281,-5.24445266298492,0.02));
#13104=CARTESIAN_POINT('Ctrl Pts',(46.1267976900218,-5.20976335423857,0.));
#13105=CARTESIAN_POINT('Ctrl Pts',(46.1267976900218,-5.20976335423857,0.02));
#13106=CARTESIAN_POINT('Ctrl Pts',(46.0845844447613,-5.19577026367188,0.));
#13107=CARTESIAN_POINT('Ctrl Pts',(46.0845844447613,-5.19577026367188,0.02));
#13108=CARTESIAN_POINT('',(46.4058668911457,-5.26944041252136,0.));
#13109=CARTESIAN_POINT('Ctrl Pts',(46.4058668911457,-5.26944041252136,0.));
#13110=CARTESIAN_POINT('Ctrl Pts',(46.3406899327259,-5.26010310104438,0.));
#13111=CARTESIAN_POINT('Ctrl Pts',(46.2314456440281,-5.24445266298492,0.));
#13112=CARTESIAN_POINT('Ctrl Pts',(46.1267976900218,-5.20976335423857,0.));
#13113=CARTESIAN_POINT('Ctrl Pts',(46.0845844447613,-5.19577026367188,0.));
#13114=CARTESIAN_POINT('',(46.4058668911457,-5.26944041252136,0.02));
#13115=CARTESIAN_POINT('',(46.4058668911457,-5.26944041252136,0.));
#13116=CARTESIAN_POINT('Ctrl Pts',(46.4058668911457,-5.26944041252136,0.02));
#13117=CARTESIAN_POINT('Ctrl Pts',(46.3406899327259,-5.26010310104438,0.02));
#13118=CARTESIAN_POINT('Ctrl Pts',(46.2314456440281,-5.24445266298492,0.02));
#13119=CARTESIAN_POINT('Ctrl Pts',(46.1267976900218,-5.20976335423857,0.02));
#13120=CARTESIAN_POINT('Ctrl Pts',(46.0845844447613,-5.19577026367188,0.02));
#13121=CARTESIAN_POINT('Ctrl Pts',(47.0075042545795,-5.40859460830688,0.));
#13122=CARTESIAN_POINT('Ctrl Pts',(47.0075042545795,-5.40859460830688,0.02));
#13123=CARTESIAN_POINT('Ctrl Pts',(46.9244381084729,-5.38129981379609,0.));
#13124=CARTESIAN_POINT('Ctrl Pts',(46.9244381084729,-5.38129981379609,0.02));
#13125=CARTESIAN_POINT('Ctrl Pts',(46.7282425208851,-5.31683169413323,0.));
#13126=CARTESIAN_POINT('Ctrl Pts',(46.7282425208851,-5.31683169413323,0.02));
#13127=CARTESIAN_POINT('Ctrl Pts',(46.523769328751,-5.28677282573075,0.));
#13128=CARTESIAN_POINT('Ctrl Pts',(46.523769328751,-5.28677282573075,0.02));
#13129=CARTESIAN_POINT('Ctrl Pts',(46.4058668911457,-5.26944041252136,0.));
#13130=CARTESIAN_POINT('Ctrl Pts',(46.4058668911457,-5.26944041252136,0.02));
#13131=CARTESIAN_POINT('',(47.0075042545795,-5.40859460830688,0.));
#13132=CARTESIAN_POINT('Ctrl Pts',(47.0075042545795,-5.40859460830688,0.));
#13133=CARTESIAN_POINT('Ctrl Pts',(46.9244381084729,-5.38129981379609,0.));
#13134=CARTESIAN_POINT('Ctrl Pts',(46.7282425208851,-5.31683169413323,0.));
#13135=CARTESIAN_POINT('Ctrl Pts',(46.523769328751,-5.28677282573075,0.));
#13136=CARTESIAN_POINT('Ctrl Pts',(46.4058668911457,-5.26944041252136,0.));
#13137=CARTESIAN_POINT('',(47.0075042545795,-5.40859460830688,0.02));
#13138=CARTESIAN_POINT('',(47.0075042545795,-5.40859460830688,0.));
#13139=CARTESIAN_POINT('Ctrl Pts',(47.0075042545795,-5.40859460830688,0.02));
#13140=CARTESIAN_POINT('Ctrl Pts',(46.9244381084729,-5.38129981379609,0.02));
#13141=CARTESIAN_POINT('Ctrl Pts',(46.7282425208851,-5.31683169413323,0.02));
#13142=CARTESIAN_POINT('Ctrl Pts',(46.523769328751,-5.28677282573075,0.02));
#13143=CARTESIAN_POINT('Ctrl Pts',(46.4058668911457,-5.26944041252136,0.02));
#13144=CARTESIAN_POINT('Origin',(47.0075042545795,-5.27353286743164,0.));
#13145=CARTESIAN_POINT('',(47.0075042545795,-15.8317664337158,0.));
#13146=CARTESIAN_POINT('',(47.0075042545795,-5.27353286743164,0.02));
#13147=CARTESIAN_POINT('Origin',(47.496590167284,-4.31787133216858,0.));
#13148=CARTESIAN_POINT('',(47.496590167284,-4.31787133216858,0.));
#13149=CARTESIAN_POINT('',(47.1118696033955,-4.31787133216858,0.));
#13150=CARTESIAN_POINT('',(38.148295083642,-4.31787133216858,0.));
#13151=CARTESIAN_POINT('',(47.496590167284,-4.31787133216858,0.02));
#13152=CARTESIAN_POINT('',(47.496590167284,-4.31787133216858,0.));
#13153=CARTESIAN_POINT('',(47.1118696033955,-4.31787133216858,0.02));
#13154=CARTESIAN_POINT('',(47.496590167284,-4.31787133216858,0.02));
#13155=CARTESIAN_POINT('',(47.1118696033955,-4.31787133216858,0.));
#13156=CARTESIAN_POINT('Ctrl Pts',(47.4034793674946,-4.57878530025482,0.));
#13157=CARTESIAN_POINT('Ctrl Pts',(47.4034793674946,-4.57878530025482,0.02));
#13158=CARTESIAN_POINT('Ctrl Pts',(47.4133422536539,-4.53371427986961,0.));
#13159=CARTESIAN_POINT('Ctrl Pts',(47.4133422536539,-4.53371427986961,0.02));
#13160=CARTESIAN_POINT('Ctrl Pts',(47.433241876393,-4.44277778444127,0.));
#13161=CARTESIAN_POINT('Ctrl Pts',(47.433241876393,-4.44277778444127,0.02));
#13162=CARTESIAN_POINT('Ctrl Pts',(47.4753514421043,-4.35974860739857,0.));
#13163=CARTESIAN_POINT('Ctrl Pts',(47.4753514421043,-4.35974860739857,0.02));
#13164=CARTESIAN_POINT('Ctrl Pts',(47.496590167284,-4.31787133216858,0.));
#13165=CARTESIAN_POINT('Ctrl Pts',(47.496590167284,-4.31787133216858,0.02));
#13166=CARTESIAN_POINT('',(47.4034793674946,-4.57878530025482,0.));
#13167=CARTESIAN_POINT('Ctrl Pts',(47.4034793674946,-4.57878530025482,0.));
#13168=CARTESIAN_POINT('Ctrl Pts',(47.4133422536539,-4.53371427986961,0.));
#13169=CARTESIAN_POINT('Ctrl Pts',(47.433241876393,-4.44277778444127,0.));
#13170=CARTESIAN_POINT('Ctrl Pts',(47.4753514421043,-4.35974860739857,0.));
#13171=CARTESIAN_POINT('Ctrl Pts',(47.496590167284,-4.31787133216858,0.));
#13172=CARTESIAN_POINT('',(47.4034793674946,-4.57878530025482,0.02));
#13173=CARTESIAN_POINT('',(47.4034793674946,-4.57878530025482,0.));
#13174=CARTESIAN_POINT('Ctrl Pts',(47.4034793674946,-4.57878530025482,0.02));
#13175=CARTESIAN_POINT('Ctrl Pts',(47.4133422536539,-4.53371427986961,0.02));
#13176=CARTESIAN_POINT('Ctrl Pts',(47.433241876393,-4.44277778444127,0.02));
#13177=CARTESIAN_POINT('Ctrl Pts',(47.4753514421043,-4.35974860739857,0.02));
#13178=CARTESIAN_POINT('Ctrl Pts',(47.496590167284,-4.31787133216858,0.02));
#13179=CARTESIAN_POINT('Ctrl Pts',(47.3799462616444,-5.22851228713989,0.));
#13180=CARTESIAN_POINT('Ctrl Pts',(47.3799462616444,-5.22851228713989,0.02));
#13181=CARTESIAN_POINT('Ctrl Pts',(47.379099505436,-5.0886341636217,0.));
#13182=CARTESIAN_POINT('Ctrl Pts',(47.379099505436,-5.0886341636217,0.02));
#13183=CARTESIAN_POINT('Ctrl Pts',(47.3777859492225,-4.87164398809178,0.));
#13184=CARTESIAN_POINT('Ctrl Pts',(47.3777859492225,-4.87164398809178,0.02));
#13185=CARTESIAN_POINT('Ctrl Pts',(47.3967426888141,-4.65557130271845,0.));
#13186=CARTESIAN_POINT('Ctrl Pts',(47.3967426888141,-4.65557130271845,0.02));
#13187=CARTESIAN_POINT('Ctrl Pts',(47.4034793674946,-4.57878530025482,0.));
#13188=CARTESIAN_POINT('Ctrl Pts',(47.4034793674946,-4.57878530025482,0.02));
#13189=CARTESIAN_POINT('',(47.3799462616444,-5.22851228713989,0.));
#13190=CARTESIAN_POINT('Ctrl Pts',(47.3799462616444,-5.22851228713989,0.));
#13191=CARTESIAN_POINT('Ctrl Pts',(47.379099505436,-5.0886341636217,0.));
#13192=CARTESIAN_POINT('Ctrl Pts',(47.3777859492225,-4.87164398809178,0.));
#13193=CARTESIAN_POINT('Ctrl Pts',(47.3967426888141,-4.65557130271845,0.));
#13194=CARTESIAN_POINT('Ctrl Pts',(47.4034793674946,-4.57878530025482,0.));
#13195=CARTESIAN_POINT('',(47.3799462616444,-5.22851228713989,0.02));
#13196=CARTESIAN_POINT('',(47.3799462616444,-5.22851228713989,0.));
#13197=CARTESIAN_POINT('Ctrl Pts',(47.3799462616444,-5.22851228713989,0.02));
#13198=CARTESIAN_POINT('Ctrl Pts',(47.379099505436,-5.0886341636217,0.02));
#13199=CARTESIAN_POINT('Ctrl Pts',(47.3777859492225,-4.87164398809178,0.02));
#13200=CARTESIAN_POINT('Ctrl Pts',(47.3967426888141,-4.65557130271845,0.02));
#13201=CARTESIAN_POINT('Ctrl Pts',(47.4034793674946,-4.57878530025482,0.02));
#13202=CARTESIAN_POINT('Origin',(47.3799462616444,-5.71964502334595,0.));
#13203=CARTESIAN_POINT('',(47.3799462616444,-5.71964502334595,0.));
#13204=CARTESIAN_POINT('',(47.3799462616444,-16.054822511673,0.));
#13205=CARTESIAN_POINT('',(47.3799462616444,-5.71964502334595,0.02));
#13206=CARTESIAN_POINT('',(47.3799462616444,-5.71964502334595,0.));
#13207=CARTESIAN_POINT('',(47.3799462616444,-5.71964502334595,0.02));
#13208=CARTESIAN_POINT('Ctrl Pts',(47.3615284264088,-6.05934500694275,0.));
#13209=CARTESIAN_POINT('Ctrl Pts',(47.3615284264088,-6.05934500694275,0.02));
#13210=CARTESIAN_POINT('Ctrl Pts',(47.3668391950145,-6.01539235143136,0.));
#13211=CARTESIAN_POINT('Ctrl Pts',(47.3668391950145,-6.01539235143136,0.02));
#13212=CARTESIAN_POINT('Ctrl Pts',(47.380463844011,-5.90263287191555,0.));
#13213=CARTESIAN_POINT('Ctrl Pts',(47.380463844011,-5.90263287191555,0.02));
#13214=CARTESIAN_POINT('Ctrl Pts',(47.3801424059625,-5.78899055964516,0.));
#13215=CARTESIAN_POINT('Ctrl Pts',(47.3801424059625,-5.78899055964516,0.02));
#13216=CARTESIAN_POINT('Ctrl Pts',(47.3799462616444,-5.71964502334595,0.));
#13217=CARTESIAN_POINT('Ctrl Pts',(47.3799462616444,-5.71964502334595,0.02));
#13218=CARTESIAN_POINT('',(47.3615284264088,-6.05934500694275,0.));
#13219=CARTESIAN_POINT('Ctrl Pts',(47.3615284264088,-6.05934500694275,0.));
#13220=CARTESIAN_POINT('Ctrl Pts',(47.3668391950145,-6.01539235143136,0.));
#13221=CARTESIAN_POINT('Ctrl Pts',(47.380463844011,-5.90263287191555,0.));
#13222=CARTESIAN_POINT('Ctrl Pts',(47.3801424059625,-5.78899055964516,0.));
#13223=CARTESIAN_POINT('Ctrl Pts',(47.3799462616444,-5.71964502334595,0.));
#13224=CARTESIAN_POINT('',(47.3615284264088,-6.05934500694275,0.02));
#13225=CARTESIAN_POINT('',(47.3615284264088,-6.05934500694275,0.));
#13226=CARTESIAN_POINT('Ctrl Pts',(47.3615284264088,-6.05934500694275,0.02));
#13227=CARTESIAN_POINT('Ctrl Pts',(47.3668391950145,-6.01539235143136,0.02));
#13228=CARTESIAN_POINT('Ctrl Pts',(47.380463844011,-5.90263287191555,0.02));
#13229=CARTESIAN_POINT('Ctrl Pts',(47.3801424059625,-5.78899055964516,0.02));
#13230=CARTESIAN_POINT('Ctrl Pts',(47.3799462616444,-5.71964502334595,0.02));
#13231=CARTESIAN_POINT('Ctrl Pts',(47.2469313442707,-6.3100266456604,0.));
#13232=CARTESIAN_POINT('Ctrl Pts',(47.2469313442707,-6.3100266456604,0.02));
#13233=CARTESIAN_POINT('Ctrl Pts',(47.2724002196589,-6.27365180849007,0.));
#13234=CARTESIAN_POINT('Ctrl Pts',(47.2724002196589,-6.27365180849007,0.02));
#13235=CARTESIAN_POINT('Ctrl Pts',(47.3259258603504,-6.19720609053362,0.));
#13236=CARTESIAN_POINT('Ctrl Pts',(47.3259258603504,-6.19720609053362,0.02));
#13237=CARTESIAN_POINT('Ctrl Pts',(47.3492844526265,-6.1067564067367,0.));
#13238=CARTESIAN_POINT('Ctrl Pts',(47.3492844526265,-6.1067564067367,0.02));
#13239=CARTESIAN_POINT('Ctrl Pts',(47.3615284264088,-6.05934500694275,0.));
#13240=CARTESIAN_POINT('Ctrl Pts',(47.3615284264088,-6.05934500694275,0.02));
#13241=CARTESIAN_POINT('',(47.2469313442707,-6.3100266456604,0.));
#13242=CARTESIAN_POINT('Ctrl Pts',(47.2469313442707,-6.3100266456604,0.));
#13243=CARTESIAN_POINT('Ctrl Pts',(47.2724002196589,-6.27365180849007,0.));
#13244=CARTESIAN_POINT('Ctrl Pts',(47.3259258603504,-6.19720609053362,0.));
#13245=CARTESIAN_POINT('Ctrl Pts',(47.3492844526265,-6.1067564067367,0.));
#13246=CARTESIAN_POINT('Ctrl Pts',(47.3615284264088,-6.05934500694275,0.));
#13247=CARTESIAN_POINT('',(47.2469313442707,-6.3100266456604,0.02));
#13248=CARTESIAN_POINT('',(47.2469313442707,-6.3100266456604,0.));
#13249=CARTESIAN_POINT('Ctrl Pts',(47.2469313442707,-6.3100266456604,0.02));
#13250=CARTESIAN_POINT('Ctrl Pts',(47.2724002196589,-6.27365180849007,0.02));
#13251=CARTESIAN_POINT('Ctrl Pts',(47.3259258603504,-6.19720609053362,0.02));
#13252=CARTESIAN_POINT('Ctrl Pts',(47.3492844526265,-6.1067564067367,0.02));
#13253=CARTESIAN_POINT('Ctrl Pts',(47.3615284264088,-6.05934500694275,0.02));
#13254=CARTESIAN_POINT('Ctrl Pts',(46.9911332428455,-6.47476077079773,0.));
#13255=CARTESIAN_POINT('Ctrl Pts',(46.9911332428455,-6.47476077079773,0.02));
#13256=CARTESIAN_POINT('Ctrl Pts',(47.0436198016637,-6.45341304688146,0.));
#13257=CARTESIAN_POINT('Ctrl Pts',(47.0436198016637,-6.45341304688146,0.02));
#13258=CARTESIAN_POINT('Ctrl Pts',(47.1394339932279,-6.41444278564073,0.));
#13259=CARTESIAN_POINT('Ctrl Pts',(47.1394339932279,-6.41444278564073,0.02));
#13260=CARTESIAN_POINT('Ctrl Pts',(47.213457543203,-6.34254098265613,0.));
#13261=CARTESIAN_POINT('Ctrl Pts',(47.213457543203,-6.34254098265613,0.02));
#13262=CARTESIAN_POINT('Ctrl Pts',(47.2469313442707,-6.3100266456604,0.));
#13263=CARTESIAN_POINT('Ctrl Pts',(47.2469313442707,-6.3100266456604,0.02));
#13264=CARTESIAN_POINT('',(46.9911332428455,-6.47476077079773,0.));
#13265=CARTESIAN_POINT('Ctrl Pts',(46.9911332428455,-6.47476077079773,0.));
#13266=CARTESIAN_POINT('Ctrl Pts',(47.0436198016637,-6.45341304688146,0.));
#13267=CARTESIAN_POINT('Ctrl Pts',(47.1394339932279,-6.41444278564073,0.));
#13268=CARTESIAN_POINT('Ctrl Pts',(47.213457543203,-6.34254098265613,0.));
#13269=CARTESIAN_POINT('Ctrl Pts',(47.2469313442707,-6.3100266456604,0.));
#13270=CARTESIAN_POINT('',(46.9911332428455,-6.47476077079773,0.02));
#13271=CARTESIAN_POINT('',(46.9911332428455,-6.47476077079773,0.));
#13272=CARTESIAN_POINT('Ctrl Pts',(46.9911332428455,-6.47476077079773,0.02));
#13273=CARTESIAN_POINT('Ctrl Pts',(47.0436198016637,-6.45341304688146,0.02));
#13274=CARTESIAN_POINT('Ctrl Pts',(47.1394339932279,-6.41444278564073,0.02));
#13275=CARTESIAN_POINT('Ctrl Pts',(47.213457543203,-6.34254098265613,0.02));
#13276=CARTESIAN_POINT('Ctrl Pts',(47.2469313442707,-6.3100266456604,0.02));
#13277=CARTESIAN_POINT('Ctrl Pts',(46.5388818085194,-6.54024541378021,0.));
#13278=CARTESIAN_POINT('Ctrl Pts',(46.5388818085194,-6.54024541378021,0.02));
#13279=CARTESIAN_POINT('Ctrl Pts',(46.6235748812295,-6.53881931318942,0.));
#13280=CARTESIAN_POINT('Ctrl Pts',(46.6235748812295,-6.53881931318942,0.02));
#13281=CARTESIAN_POINT('Ctrl Pts',(46.7772881264142,-6.53623101945114,0.));
#13282=CARTESIAN_POINT('Ctrl Pts',(46.7772881264142,-6.53623101945114,0.02));
#13283=CARTESIAN_POINT('Ctrl Pts',(46.9248673588393,-6.49380904477789,0.));
#13284=CARTESIAN_POINT('Ctrl Pts',(46.9248673588393,-6.49380904477789,0.02));
#13285=CARTESIAN_POINT('Ctrl Pts',(46.9911332428455,-6.47476077079773,0.));
#13286=CARTESIAN_POINT('Ctrl Pts',(46.9911332428455,-6.47476077079773,0.02));
#13287=CARTESIAN_POINT('',(46.5388818085194,-6.54024541378021,0.));
#13288=CARTESIAN_POINT('Ctrl Pts',(46.5388818085194,-6.54024541378021,0.));
#13289=CARTESIAN_POINT('Ctrl Pts',(46.6235748812295,-6.53881931318942,0.));
#13290=CARTESIAN_POINT('Ctrl Pts',(46.7772881264142,-6.53623101945114,0.));
#13291=CARTESIAN_POINT('Ctrl Pts',(46.9248673588393,-6.49380904477789,0.));
#13292=CARTESIAN_POINT('Ctrl Pts',(46.9911332428455,-6.47476077079773,0.));
#13293=CARTESIAN_POINT('',(46.5388818085194,-6.54024541378021,0.02));
#13294=CARTESIAN_POINT('',(46.5388818085194,-6.54024541378021,0.));
#13295=CARTESIAN_POINT('Ctrl Pts',(46.5388818085194,-6.54024541378021,0.02));
#13296=CARTESIAN_POINT('Ctrl Pts',(46.6235748812295,-6.53881931318942,0.02));
#13297=CARTESIAN_POINT('Ctrl Pts',(46.7772881264142,-6.53623101945114,0.02));
#13298=CARTESIAN_POINT('Ctrl Pts',(46.9248673588393,-6.49380904477789,0.02));
#13299=CARTESIAN_POINT('Ctrl Pts',(46.9911332428455,-6.47476077079773,0.02));
#13300=CARTESIAN_POINT('Ctrl Pts',(46.0457031428814,-6.46350562572479,0.));
#13301=CARTESIAN_POINT('Ctrl Pts',(46.0457031428814,-6.46350562572479,0.02));
#13302=CARTESIAN_POINT('Ctrl Pts',(46.121761923785,-6.48586997526932,0.));
#13303=CARTESIAN_POINT('Ctrl Pts',(46.121761923785,-6.48586997526932,0.02));
#13304=CARTESIAN_POINT('Ctrl Pts',(46.2826677366448,-6.5331827746567,0.));
#13305=CARTESIAN_POINT('Ctrl Pts',(46.2826677366448,-6.5331827746567,0.02));
#13306=CARTESIAN_POINT('Ctrl Pts',(46.4504230012155,-6.53780701284184,0.));
#13307=CARTESIAN_POINT('Ctrl Pts',(46.4504230012155,-6.53780701284184,0.02));
#13308=CARTESIAN_POINT('Ctrl Pts',(46.5388818085194,-6.54024541378021,0.));
#13309=CARTESIAN_POINT('Ctrl Pts',(46.5388818085194,-6.54024541378021,0.02));
#13310=CARTESIAN_POINT('',(46.0457031428814,-6.46350562572479,0.));
#13311=CARTESIAN_POINT('Ctrl Pts',(46.0457031428814,-6.46350562572479,0.));
#13312=CARTESIAN_POINT('Ctrl Pts',(46.121761923785,-6.48586997526932,0.));
#13313=CARTESIAN_POINT('Ctrl Pts',(46.2826677366448,-6.5331827746567,0.));
#13314=CARTESIAN_POINT('Ctrl Pts',(46.4504230012155,-6.53780701284184,0.));
#13315=CARTESIAN_POINT('Ctrl Pts',(46.5388818085194,-6.54024541378021,0.));
#13316=CARTESIAN_POINT('',(46.0457031428814,-6.46350562572479,0.02));
#13317=CARTESIAN_POINT('',(46.0457031428814,-6.46350562572479,0.));
#13318=CARTESIAN_POINT('Ctrl Pts',(46.0457031428814,-6.46350562572479,0.02));
#13319=CARTESIAN_POINT('Ctrl Pts',(46.121761923785,-6.48586997526932,0.02));
#13320=CARTESIAN_POINT('Ctrl Pts',(46.2826677366448,-6.5331827746567,0.02));
#13321=CARTESIAN_POINT('Ctrl Pts',(46.4504230012155,-6.53780701284184,0.02));
#13322=CARTESIAN_POINT('Ctrl Pts',(46.5388818085194,-6.54024541378021,0.02));
#13323=CARTESIAN_POINT('Ctrl Pts',(45.7203279435635,-6.24454259872437,0.));
#13324=CARTESIAN_POINT('Ctrl Pts',(45.7203279435635,-6.24454259872437,0.02));
#13325=CARTESIAN_POINT('Ctrl Pts',(45.7638896787033,-6.28986796269662,0.));
#13326=CARTESIAN_POINT('Ctrl Pts',(45.7638896787033,-6.28986796269662,0.02));
#13327=CARTESIAN_POINT('Ctrl Pts',(45.856405908344,-6.38612977982462,0.));
#13328=CARTESIAN_POINT('Ctrl Pts',(45.856405908344,-6.38612977982462,0.02));
#13329=CARTESIAN_POINT('Ctrl Pts',(45.9801987745152,-6.4367305070873,0.));
#13330=CARTESIAN_POINT('Ctrl Pts',(45.9801987745152,-6.4367305070873,0.02));
#13331=CARTESIAN_POINT('Ctrl Pts',(46.0457031428814,-6.46350562572479,0.));
#13332=CARTESIAN_POINT('Ctrl Pts',(46.0457031428814,-6.46350562572479,0.02));
#13333=CARTESIAN_POINT('',(45.7203279435635,-6.24454259872437,0.));
#13334=CARTESIAN_POINT('Ctrl Pts',(45.7203279435635,-6.24454259872437,0.));
#13335=CARTESIAN_POINT('Ctrl Pts',(45.7638896787033,-6.28986796269662,0.));
#13336=CARTESIAN_POINT('Ctrl Pts',(45.856405908344,-6.38612977982462,0.));
#13337=CARTESIAN_POINT('Ctrl Pts',(45.9801987745152,-6.4367305070873,0.));
#13338=CARTESIAN_POINT('Ctrl Pts',(46.0457031428814,-6.46350562572479,0.));
#13339=CARTESIAN_POINT('',(45.7203279435635,-6.24454259872437,0.02));
#13340=CARTESIAN_POINT('',(45.7203279435635,-6.24454259872437,0.));
#13341=CARTESIAN_POINT('Ctrl Pts',(45.7203279435635,-6.24454259872437,0.02));
#13342=CARTESIAN_POINT('Ctrl Pts',(45.7638896787033,-6.28986796269662,0.02));
#13343=CARTESIAN_POINT('Ctrl Pts',(45.856405908344,-6.38612977982462,0.02));
#13344=CARTESIAN_POINT('Ctrl Pts',(45.9801987745152,-6.4367305070873,0.02));
#13345=CARTESIAN_POINT('Ctrl Pts',(46.0457031428814,-6.46350562572479,0.02));
#13346=CARTESIAN_POINT('Ctrl Pts',(45.5586634576321,-5.8710777759552,0.));
#13347=CARTESIAN_POINT('Ctrl Pts',(45.5586634576321,-5.8710777759552,0.02));
#13348=CARTESIAN_POINT('Ctrl Pts',(45.5762304647514,-5.94254937806744,0.));
#13349=CARTESIAN_POINT('Ctrl Pts',(45.5762304647514,-5.94254937806744,0.02));
#13350=CARTESIAN_POINT('Ctrl Pts',(45.609112147507,-6.076328941696,0.));
#13351=CARTESIAN_POINT('Ctrl Pts',(45.609112147507,-6.076328941696,0.02));
#13352=CARTESIAN_POINT('Ctrl Pts',(45.6849884718884,-6.1910917223318,0.));
#13353=CARTESIAN_POINT('Ctrl Pts',(45.6849884718884,-6.1910917223318,0.02));
#13354=CARTESIAN_POINT('Ctrl Pts',(45.7203279435635,-6.24454259872437,0.));
#13355=CARTESIAN_POINT('Ctrl Pts',(45.7203279435635,-6.24454259872437,0.02));
#13356=CARTESIAN_POINT('',(45.5586634576321,-5.8710777759552,0.));
#13357=CARTESIAN_POINT('Ctrl Pts',(45.5586634576321,-5.8710777759552,0.));
#13358=CARTESIAN_POINT('Ctrl Pts',(45.5762304647514,-5.94254937806744,0.));
#13359=CARTESIAN_POINT('Ctrl Pts',(45.609112147507,-6.076328941696,0.));
#13360=CARTESIAN_POINT('Ctrl Pts',(45.6849884718884,-6.1910917223318,0.));
#13361=CARTESIAN_POINT('Ctrl Pts',(45.7203279435635,-6.24454259872437,0.));
#13362=CARTESIAN_POINT('',(45.5586634576321,-5.8710777759552,0.02));
#13363=CARTESIAN_POINT('',(45.5586634576321,-5.8710777759552,0.));
#13364=CARTESIAN_POINT('Ctrl Pts',(45.5586634576321,-5.8710777759552,0.02));
#13365=CARTESIAN_POINT('Ctrl Pts',(45.5762304647514,-5.94254937806744,0.02));
#13366=CARTESIAN_POINT('Ctrl Pts',(45.609112147507,-6.076328941696,0.02));
#13367=CARTESIAN_POINT('Ctrl Pts',(45.6849884718884,-6.1910917223318,0.02));
#13368=CARTESIAN_POINT('Ctrl Pts',(45.7203279435635,-6.24454259872437,0.02));
#13369=CARTESIAN_POINT('Origin',(45.9188272058964,-5.82196414470673,0.));
#13370=CARTESIAN_POINT('',(45.9188272058964,-5.82196414470673,0.));
#13371=CARTESIAN_POINT('',(36.1388974125638,-7.15560160217012,0.));
#13372=CARTESIAN_POINT('',(45.9188272058964,-5.82196414470673,0.02));
#13373=CARTESIAN_POINT('',(45.9188272058964,-5.82196414470673,0.));
#13374=CARTESIAN_POINT('',(45.9188272058964,-5.82196414470673,0.02));
#13375=CARTESIAN_POINT('Ctrl Pts',(46.1019785702229,-6.14426970481873,0.));
#13376=CARTESIAN_POINT('Ctrl Pts',(46.1019785702229,-6.14426970481873,0.02));
#13377=CARTESIAN_POINT('Ctrl Pts',(46.0625419483269,-6.1043408383016,0.));
#13378=CARTESIAN_POINT('Ctrl Pts',(46.0625419483269,-6.1043408383016,0.02));
#13379=CARTESIAN_POINT('Ctrl Pts',(45.9731158702034,-6.0137985513389,0.));
#13380=CARTESIAN_POINT('Ctrl Pts',(45.9731158702034,-6.0137985513389,0.02));
#13381=CARTESIAN_POINT('Ctrl Pts',(45.9382931916681,-5.890749145732,0.));
#13382=CARTESIAN_POINT('Ctrl Pts',(45.9382931916681,-5.890749145732,0.02));
#13383=CARTESIAN_POINT('Ctrl Pts',(45.9188272058964,-5.82196414470673,0.));
#13384=CARTESIAN_POINT('Ctrl Pts',(45.9188272058964,-5.82196414470673,0.02));
#13385=CARTESIAN_POINT('',(46.1019785702229,-6.14426970481873,0.));
#13386=CARTESIAN_POINT('Ctrl Pts',(46.1019785702229,-6.14426970481873,0.));
#13387=CARTESIAN_POINT('Ctrl Pts',(46.0625419483269,-6.1043408383016,0.));
#13388=CARTESIAN_POINT('Ctrl Pts',(45.9731158702034,-6.0137985513389,0.));
#13389=CARTESIAN_POINT('Ctrl Pts',(45.9382931916681,-5.890749145732,0.));
#13390=CARTESIAN_POINT('Ctrl Pts',(45.9188272058964,-5.82196414470673,0.));
#13391=CARTESIAN_POINT('',(46.1019785702229,-6.14426970481873,0.02));
#13392=CARTESIAN_POINT('',(46.1019785702229,-6.14426970481873,0.));
#13393=CARTESIAN_POINT('Ctrl Pts',(46.1019785702229,-6.14426970481873,0.02));
#13394=CARTESIAN_POINT('Ctrl Pts',(46.0625419483269,-6.1043408383016,0.02));
#13395=CARTESIAN_POINT('Ctrl Pts',(45.9731158702034,-6.0137985513389,0.02));
#13396=CARTESIAN_POINT('Ctrl Pts',(45.9382931916681,-5.890749145732,0.02));
#13397=CARTESIAN_POINT('Ctrl Pts',(45.9188272058964,-5.82196414470673,0.02));
#13398=CARTESIAN_POINT('Ctrl Pts',(46.4856757223606,-6.23533368110657,0.));
#13399=CARTESIAN_POINT('Ctrl Pts',(46.4856757223606,-6.23533368110657,0.02));
#13400=CARTESIAN_POINT('Ctrl Pts',(46.4087239011366,-6.23413576395583,0.));
#13401=CARTESIAN_POINT('Ctrl Pts',(46.4087239011366,-6.23413576395583,0.02));
#13402=CARTESIAN_POINT('Ctrl Pts',(46.2734781775633,-6.23203037945349,0.));
#13403=CARTESIAN_POINT('Ctrl Pts',(46.2734781775633,-6.23203037945349,0.02));
#13404=CARTESIAN_POINT('Ctrl Pts',(46.1536340455064,-6.1707031143744,0.));
#13405=CARTESIAN_POINT('Ctrl Pts',(46.1536340455064,-6.1707031143744,0.02));
#13406=CARTESIAN_POINT('Ctrl Pts',(46.1019785702229,-6.14426970481873,0.));
#13407=CARTESIAN_POINT('Ctrl Pts',(46.1019785702229,-6.14426970481873,0.02));
#13408=CARTESIAN_POINT('',(46.4856757223606,-6.23533368110657,0.));
#13409=CARTESIAN_POINT('Ctrl Pts',(46.4856757223606,-6.23533368110657,0.));
#13410=CARTESIAN_POINT('Ctrl Pts',(46.4087239011366,-6.23413576395583,0.));
#13411=CARTESIAN_POINT('Ctrl Pts',(46.2734781775633,-6.23203037945349,0.));
#13412=CARTESIAN_POINT('Ctrl Pts',(46.1536340455064,-6.1707031143744,0.));
#13413=CARTESIAN_POINT('Ctrl Pts',(46.1019785702229,-6.14426970481873,0.));
#13414=CARTESIAN_POINT('',(46.4856757223606,-6.23533368110657,0.02));
#13415=CARTESIAN_POINT('',(46.4856757223606,-6.23533368110657,0.));
#13416=CARTESIAN_POINT('Ctrl Pts',(46.4856757223606,-6.23533368110657,0.02));
#13417=CARTESIAN_POINT('Ctrl Pts',(46.4087239011366,-6.23413576395583,0.02));
#13418=CARTESIAN_POINT('Ctrl Pts',(46.2734781775633,-6.23203037945349,0.02));
#13419=CARTESIAN_POINT('Ctrl Pts',(46.1536340455064,-6.1707031143744,0.02));
#13420=CARTESIAN_POINT('Ctrl Pts',(46.1019785702229,-6.14426970481873,0.02));
#13421=CARTESIAN_POINT('Ctrl Pts',(46.9051845371723,-6.11050426959991,0.));
#13422=CARTESIAN_POINT('Ctrl Pts',(46.9051845371723,-6.11050426959991,0.02));
#13423=CARTESIAN_POINT('Ctrl Pts',(46.8483168298621,-6.14680737391859,0.));
#13424=CARTESIAN_POINT('Ctrl Pts',(46.8483168298621,-6.14680737391859,0.02));
#13425=CARTESIAN_POINT('Ctrl Pts',(46.7211062113855,-6.2280158588642,0.));
#13426=CARTESIAN_POINT('Ctrl Pts',(46.7211062113855,-6.2280158588642,0.02));
#13427=CARTESIAN_POINT('Ctrl Pts',(46.5695054874134,-6.23272802318258,0.));
#13428=CARTESIAN_POINT('Ctrl Pts',(46.5695054874134,-6.23272802318258,0.02));
#13429=CARTESIAN_POINT('Ctrl Pts',(46.4856757223606,-6.23533368110657,0.));
#13430=CARTESIAN_POINT('Ctrl Pts',(46.4856757223606,-6.23533368110657,0.02));
#13431=CARTESIAN_POINT('',(46.9051845371723,-6.11050426959991,0.));
#13432=CARTESIAN_POINT('Ctrl Pts',(46.9051845371723,-6.11050426959991,0.));
#13433=CARTESIAN_POINT('Ctrl Pts',(46.8483168298621,-6.14680737391859,0.));
#13434=CARTESIAN_POINT('Ctrl Pts',(46.7211062113855,-6.2280158588642,0.));
#13435=CARTESIAN_POINT('Ctrl Pts',(46.5695054874134,-6.23272802318258,0.));
#13436=CARTESIAN_POINT('Ctrl Pts',(46.4856757223606,-6.23533368110657,0.));
#13437=CARTESIAN_POINT('',(46.9051845371723,-6.11050426959991,0.02));
#13438=CARTESIAN_POINT('',(46.9051845371723,-6.11050426959991,0.));
#13439=CARTESIAN_POINT('Ctrl Pts',(46.9051845371723,-6.11050426959991,0.02));
#13440=CARTESIAN_POINT('Ctrl Pts',(46.8483168298621,-6.14680737391859,0.02));
#13441=CARTESIAN_POINT('Ctrl Pts',(46.7211062113855,-6.2280158588642,0.02));
#13442=CARTESIAN_POINT('Ctrl Pts',(46.5695054874134,-6.23272802318258,0.02));
#13443=CARTESIAN_POINT('Ctrl Pts',(46.4856757223606,-6.23533368110657,0.02));
#13444=CARTESIAN_POINT('Ctrl Pts',(47.0095504820347,-5.79331457614899,0.));
#13445=CARTESIAN_POINT('Ctrl Pts',(47.0095504820347,-5.79331457614899,0.02));
#13446=CARTESIAN_POINT('Ctrl Pts',(47.008081041972,-5.85987553312948,0.));
#13447=CARTESIAN_POINT('Ctrl Pts',(47.008081041972,-5.85987553312948,0.02));
#13448=CARTESIAN_POINT('Ctrl Pts',(47.0054900695296,-5.97723833659519,0.));
#13449=CARTESIAN_POINT('Ctrl Pts',(47.0054900695296,-5.97723833659519,0.02));
#13450=CARTESIAN_POINT('Ctrl Pts',(46.9354864243877,-6.07024518142537,0.));
#13451=CARTESIAN_POINT('Ctrl Pts',(46.9354864243877,-6.07024518142537,0.02));
#13452=CARTESIAN_POINT('Ctrl Pts',(46.9051845371723,-6.11050426959991,0.));
#13453=CARTESIAN_POINT('Ctrl Pts',(46.9051845371723,-6.11050426959991,0.02));
#13454=CARTESIAN_POINT('',(47.0095504820347,-5.79331457614899,0.));
#13455=CARTESIAN_POINT('Ctrl Pts',(47.0095504820347,-5.79331457614899,0.));
#13456=CARTESIAN_POINT('Ctrl Pts',(47.008081041972,-5.85987553312948,0.));
#13457=CARTESIAN_POINT('Ctrl Pts',(47.0054900695296,-5.97723833659519,0.));
#13458=CARTESIAN_POINT('Ctrl Pts',(46.9354864243877,-6.07024518142537,0.));
#13459=CARTESIAN_POINT('Ctrl Pts',(46.9051845371723,-6.11050426959991,0.));
#13460=CARTESIAN_POINT('',(47.0095504820347,-5.79331457614899,0.02));
#13461=CARTESIAN_POINT('',(47.0095504820347,-5.79331457614899,0.));
#13462=CARTESIAN_POINT('Ctrl Pts',(47.0095504820347,-5.79331457614899,0.02));
#13463=CARTESIAN_POINT('Ctrl Pts',(47.008081041972,-5.85987553312948,0.02));
#13464=CARTESIAN_POINT('Ctrl Pts',(47.0054900695296,-5.97723833659519,0.02));
#13465=CARTESIAN_POINT('Ctrl Pts',(46.9354864243877,-6.07024518142537,0.02));
#13466=CARTESIAN_POINT('Ctrl Pts',(46.9051845371723,-6.11050426959991,0.02));
#13467=CARTESIAN_POINT('Ctrl Pts',(47.0075042545795,-5.69713473320007,0.));
#13468=CARTESIAN_POINT('Ctrl Pts',(47.0075042545795,-5.69713473320007,0.02));
#13469=CARTESIAN_POINT('Ctrl Pts',(47.0080814107571,-5.71776796359095,0.));
#13470=CARTESIAN_POINT('Ctrl Pts',(47.0080814107571,-5.71776796359095,0.02));
#13471=CARTESIAN_POINT('Ctrl Pts',(47.0089780777945,-5.74982365021847,0.));
#13472=CARTESIAN_POINT('Ctrl Pts',(47.0089780777945,-5.74982365021847,0.02));
#13473=CARTESIAN_POINT('Ctrl Pts',(47.0094001015917,-5.78188876158086,0.));
#13474=CARTESIAN_POINT('Ctrl Pts',(47.0094001015917,-5.78188876158086,0.02));
#13475=CARTESIAN_POINT('Ctrl Pts',(47.0095504820347,-5.79331457614899,0.));
#13476=CARTESIAN_POINT('Ctrl Pts',(47.0095504820347,-5.79331457614899,0.02));
#13477=CARTESIAN_POINT('',(47.0075042545795,-5.69713473320007,0.));
#13478=CARTESIAN_POINT('Ctrl Pts',(47.0075042545795,-5.69713473320007,0.));
#13479=CARTESIAN_POINT('Ctrl Pts',(47.0080814107571,-5.71776796359095,0.));
#13480=CARTESIAN_POINT('Ctrl Pts',(47.0089780777945,-5.74982365021847,0.));
#13481=CARTESIAN_POINT('Ctrl Pts',(47.0094001015917,-5.78188876158086,0.));
#13482=CARTESIAN_POINT('Ctrl Pts',(47.0095504820347,-5.79331457614899,0.));
#13483=CARTESIAN_POINT('',(47.0075042545795,-5.69713473320007,0.02));
#13484=CARTESIAN_POINT('',(47.0075042545795,-5.69713473320007,0.));
#13485=CARTESIAN_POINT('Ctrl Pts',(47.0075042545795,-5.69713473320007,0.02));
#13486=CARTESIAN_POINT('Ctrl Pts',(47.0080814107571,-5.71776796359095,0.02));
#13487=CARTESIAN_POINT('Ctrl Pts',(47.0089780777945,-5.74982365021847,0.02));
#13488=CARTESIAN_POINT('Ctrl Pts',(47.0094001015917,-5.78188876158086,0.02));
#13489=CARTESIAN_POINT('Ctrl Pts',(47.0095504820347,-5.79331457614899,0.02));
#13490=CARTESIAN_POINT('Ctrl Pts',(46.3506145775318,-5.57025909423828,0.));
#13491=CARTESIAN_POINT('Ctrl Pts',(46.3506145775318,-5.57025909423828,0.02));
#13492=CARTESIAN_POINT('Ctrl Pts',(46.4804587280455,-5.58597820243622,0.));
#13493=CARTESIAN_POINT('Ctrl Pts',(46.4804587280455,-5.58597820243622,0.02));
#13494=CARTESIAN_POINT('Ctrl Pts',(46.7025328422671,-5.61286279458459,0.));
#13495=CARTESIAN_POINT('Ctrl Pts',(46.7025328422671,-5.61286279458459,0.02));
#13496=CARTESIAN_POINT('Ctrl Pts',(46.9180128853462,-5.67240582134088,0.));
#13497=CARTESIAN_POINT('Ctrl Pts',(46.9180128853462,-5.67240582134088,0.02));
#13498=CARTESIAN_POINT('Ctrl Pts',(47.0075042545795,-5.69713473320007,0.));
#13499=CARTESIAN_POINT('Ctrl Pts',(47.0075042545795,-5.69713473320007,0.02));
#13500=CARTESIAN_POINT('',(46.3506145775318,-5.57025909423828,0.));
#13501=CARTESIAN_POINT('Ctrl Pts',(46.3506145775318,-5.57025909423828,0.));
#13502=CARTESIAN_POINT('Ctrl Pts',(46.4804587280455,-5.58597820243622,0.));
#13503=CARTESIAN_POINT('Ctrl Pts',(46.7025328422671,-5.61286279458459,0.));
#13504=CARTESIAN_POINT('Ctrl Pts',(46.9180128853462,-5.67240582134088,0.));
#13505=CARTESIAN_POINT('Ctrl Pts',(47.0075042545795,-5.69713473320007,0.));
#13506=CARTESIAN_POINT('',(46.3506145775318,-5.57025909423828,0.02));
#13507=CARTESIAN_POINT('',(46.3506145775318,-5.57025909423828,0.));
#13508=CARTESIAN_POINT('Ctrl Pts',(46.3506145775318,-5.57025909423828,0.02));
#13509=CARTESIAN_POINT('Ctrl Pts',(46.4804587280455,-5.58597820243622,0.02));
#13510=CARTESIAN_POINT('Ctrl Pts',(46.7025328422671,-5.61286279458459,0.02));
#13511=CARTESIAN_POINT('Ctrl Pts',(46.9180128853462,-5.67240582134088,0.02));
#13512=CARTESIAN_POINT('Ctrl Pts',(47.0075042545795,-5.69713473320007,0.02));
#13513=CARTESIAN_POINT('Ctrl Pts',(46.0231928527355,-5.51500618457794,0.));
#13514=CARTESIAN_POINT('Ctrl Pts',(46.0231928527355,-5.51500618457794,0.02));
#13515=CARTESIAN_POINT('Ctrl Pts',(46.0684495355181,-5.52498766635096,0.));
#13516=CARTESIAN_POINT('Ctrl Pts',(46.0684495355181,-5.52498766635096,0.02));
#13517=CARTESIAN_POINT('Ctrl Pts',(46.1766424171051,-5.54884989418413,0.));
#13518=CARTESIAN_POINT('Ctrl Pts',(46.1766424171051,-5.54884989418413,0.02));
#13519=CARTESIAN_POINT('Ctrl Pts',(46.2866327782373,-5.56238542561475,0.));
#13520=CARTESIAN_POINT('Ctrl Pts',(46.2866327782373,-5.56238542561475,0.02));
#13521=CARTESIAN_POINT('Ctrl Pts',(46.3506145775318,-5.57025909423828,0.));
#13522=CARTESIAN_POINT('Ctrl Pts',(46.3506145775318,-5.57025909423828,0.02));
#13523=CARTESIAN_POINT('',(46.0231928527355,-5.51500618457794,0.));
#13524=CARTESIAN_POINT('Ctrl Pts',(46.0231928527355,-5.51500618457794,0.));
#13525=CARTESIAN_POINT('Ctrl Pts',(46.0684495355181,-5.52498766635096,0.));
#13526=CARTESIAN_POINT('Ctrl Pts',(46.1766424171051,-5.54884989418413,0.));
#13527=CARTESIAN_POINT('Ctrl Pts',(46.2866327782373,-5.56238542561475,0.));
#13528=CARTESIAN_POINT('Ctrl Pts',(46.3506145775318,-5.57025909423828,0.));
#13529=CARTESIAN_POINT('',(46.0231928527355,-5.51500618457794,0.02));
#13530=CARTESIAN_POINT('',(46.0231928527355,-5.51500618457794,0.));
#13531=CARTESIAN_POINT('Ctrl Pts',(46.0231928527355,-5.51500618457794,0.02));
#13532=CARTESIAN_POINT('Ctrl Pts',(46.0684495355181,-5.52498766635096,0.02));
#13533=CARTESIAN_POINT('Ctrl Pts',(46.1766424171051,-5.54884989418413,0.02));
#13534=CARTESIAN_POINT('Ctrl Pts',(46.2866327782373,-5.56238542561475,0.02));
#13535=CARTESIAN_POINT('Ctrl Pts',(46.3506145775318,-5.57025909423828,0.02));
#13536=CARTESIAN_POINT('Ctrl Pts',(45.7581861317158,-5.39426982402802,0.));
#13537=CARTESIAN_POINT('Ctrl Pts',(45.7581861317158,-5.39426982402802,0.02));
#13538=CARTESIAN_POINT('Ctrl Pts',(45.7990848005228,-5.41937360824371,0.));
#13539=CARTESIAN_POINT('Ctrl Pts',(45.7990848005228,-5.41937360824371,0.02));
#13540=CARTESIAN_POINT('Ctrl Pts',(45.8824290322615,-5.47053066714619,0.));
#13541=CARTESIAN_POINT('Ctrl Pts',(45.8824290322615,-5.47053066714619,0.02));
#13542=CARTESIAN_POINT('Ctrl Pts',(45.9756945670749,-5.49999870023458,0.));
#13543=CARTESIAN_POINT('Ctrl Pts',(45.9756945670749,-5.49999870023458,0.02));
#13544=CARTESIAN_POINT('Ctrl Pts',(46.0231928527355,-5.51500618457794,0.));
#13545=CARTESIAN_POINT('Ctrl Pts',(46.0231928527355,-5.51500618457794,0.02));
#13546=CARTESIAN_POINT('',(45.7581861317158,-5.39426982402802,0.));
#13547=CARTESIAN_POINT('Ctrl Pts',(45.7581861317158,-5.39426982402802,0.));
#13548=CARTESIAN_POINT('Ctrl Pts',(45.7990848005228,-5.41937360824371,0.));
#13549=CARTESIAN_POINT('Ctrl Pts',(45.8824290322615,-5.47053066714619,0.));
#13550=CARTESIAN_POINT('Ctrl Pts',(45.9756945670749,-5.49999870023458,0.));
#13551=CARTESIAN_POINT('Ctrl Pts',(46.0231928527355,-5.51500618457794,0.));
#13552=CARTESIAN_POINT('',(45.7581861317158,-5.39426982402802,0.02));
#13553=CARTESIAN_POINT('',(45.7581861317158,-5.39426982402802,0.));
#13554=CARTESIAN_POINT('Ctrl Pts',(45.7581861317158,-5.39426982402802,0.02));
#13555=CARTESIAN_POINT('Ctrl Pts',(45.7990848005228,-5.41937360824371,0.02));
#13556=CARTESIAN_POINT('Ctrl Pts',(45.8824290322615,-5.47053066714619,0.02));
#13557=CARTESIAN_POINT('Ctrl Pts',(45.9756945670749,-5.49999870023458,0.02));
#13558=CARTESIAN_POINT('Ctrl Pts',(46.0231928527355,-5.51500618457794,0.02));
#13559=CARTESIAN_POINT('Ctrl Pts',(45.5678723752499,-5.1824688911438,0.));
#13560=CARTESIAN_POINT('Ctrl Pts',(45.5678723752499,-5.1824688911438,0.02));
#13561=CARTESIAN_POINT('Ctrl Pts',(45.5936592754771,-5.22408396434951,0.));
#13562=CARTESIAN_POINT('Ctrl Pts',(45.5936592754771,-5.22408396434951,0.02));
#13563=CARTESIAN_POINT('Ctrl Pts',(45.6444657251377,-5.30607575488314,0.));
#13564=CARTESIAN_POINT('Ctrl Pts',(45.6444657251377,-5.30607575488314,0.02));
#13565=CARTESIAN_POINT('Ctrl Pts',(45.7206629422035,-5.3651693057485,0.));
#13566=CARTESIAN_POINT('Ctrl Pts',(45.7206629422035,-5.3651693057485,0.02));
#13567=CARTESIAN_POINT('Ctrl Pts',(45.7581861317158,-5.39426982402802,0.));
#13568=CARTESIAN_POINT('Ctrl Pts',(45.7581861317158,-5.39426982402802,0.02));
#13569=CARTESIAN_POINT('',(45.5678723752499,-5.1824688911438,0.));
#13570=CARTESIAN_POINT('Ctrl Pts',(45.5678723752499,-5.1824688911438,0.));
#13571=CARTESIAN_POINT('Ctrl Pts',(45.5936592754771,-5.22408396434951,0.));
#13572=CARTESIAN_POINT('Ctrl Pts',(45.6444657251377,-5.30607575488314,0.));
#13573=CARTESIAN_POINT('Ctrl Pts',(45.7206629422035,-5.3651693057485,0.));
#13574=CARTESIAN_POINT('Ctrl Pts',(45.7581861317158,-5.39426982402802,0.));
#13575=CARTESIAN_POINT('',(45.5678723752499,-5.1824688911438,0.02));
#13576=CARTESIAN_POINT('',(45.5678723752499,-5.1824688911438,0.));
#13577=CARTESIAN_POINT('Ctrl Pts',(45.5678723752499,-5.1824688911438,0.02));
#13578=CARTESIAN_POINT('Ctrl Pts',(45.5936592754771,-5.22408396434951,0.02));
#13579=CARTESIAN_POINT('Ctrl Pts',(45.6444657251377,-5.30607575488314,0.02));
#13580=CARTESIAN_POINT('Ctrl Pts',(45.7206629422035,-5.3651693057485,0.02));
#13581=CARTESIAN_POINT('Ctrl Pts',(45.7581861317158,-5.39426982402802,0.02));
#13582=CARTESIAN_POINT('Ctrl Pts',(45.4952256381512,-4.89085912704468,0.));
#13583=CARTESIAN_POINT('Ctrl Pts',(45.4952256381512,-4.89085912704468,0.02));
#13584=CARTESIAN_POINT('Ctrl Pts',(45.4980650270928,-4.94257051775029,0.));
#13585=CARTESIAN_POINT('Ctrl Pts',(45.4980650270928,-4.94257051775029,0.02));
#13586=CARTESIAN_POINT('Ctrl Pts',(45.503659134811,-5.0444512730131,0.));
#13587=CARTESIAN_POINT('Ctrl Pts',(45.503659134811,-5.0444512730131,0.02));
#13588=CARTESIAN_POINT('Ctrl Pts',(45.5466850360173,-5.13692958997448,0.));
#13589=CARTESIAN_POINT('Ctrl Pts',(45.5466850360173,-5.13692958997448,0.02));
#13590=CARTESIAN_POINT('Ctrl Pts',(45.5678723752499,-5.1824688911438,0.));
#13591=CARTESIAN_POINT('Ctrl Pts',(45.5678723752499,-5.1824688911438,0.02));
#13592=CARTESIAN_POINT('',(45.4952256381512,-4.89085912704468,0.));
#13593=CARTESIAN_POINT('Ctrl Pts',(45.4952256381512,-4.89085912704468,0.));
#13594=CARTESIAN_POINT('Ctrl Pts',(45.4980650270928,-4.94257051775029,0.));
#13595=CARTESIAN_POINT('Ctrl Pts',(45.503659134811,-5.0444512730131,0.));
#13596=CARTESIAN_POINT('Ctrl Pts',(45.5466850360173,-5.13692958997448,0.));
#13597=CARTESIAN_POINT('Ctrl Pts',(45.5678723752499,-5.1824688911438,0.));
#13598=CARTESIAN_POINT('',(45.4952256381512,-4.89085912704468,0.02));
#13599=CARTESIAN_POINT('',(45.4952256381512,-4.89085912704468,0.));
#13600=CARTESIAN_POINT('Ctrl Pts',(45.4952256381512,-4.89085912704468,0.02));
#13601=CARTESIAN_POINT('Ctrl Pts',(45.4980650270928,-4.94257051775029,0.02));
#13602=CARTESIAN_POINT('Ctrl Pts',(45.503659134811,-5.0444512730131,0.02));
#13603=CARTESIAN_POINT('Ctrl Pts',(45.5466850360173,-5.13692958997448,0.02));
#13604=CARTESIAN_POINT('Ctrl Pts',(45.5678723752499,-5.1824688911438,0.02));
#13605=CARTESIAN_POINT('Ctrl Pts',(45.6875859200954,-4.44372415542603,0.));
#13606=CARTESIAN_POINT('Ctrl Pts',(45.6875859200954,-4.44372415542603,0.02));
#13607=CARTESIAN_POINT('Ctrl Pts',(45.6314835856573,-4.50667211925443,0.));
#13608=CARTESIAN_POINT('Ctrl Pts',(45.6314835856573,-4.50667211925443,0.02));
#13609=CARTESIAN_POINT('Ctrl Pts',(45.5178011510329,-4.6342261302296,0.));
#13610=CARTESIAN_POINT('Ctrl Pts',(45.5178011510329,-4.6342261302296,0.02));
#13611=CARTESIAN_POINT('Ctrl Pts',(45.5028157412343,-4.80457666203246,0.));
#13612=CARTESIAN_POINT('Ctrl Pts',(45.5028157412343,-4.80457666203246,0.02));
#13613=CARTESIAN_POINT('Ctrl Pts',(45.4952256381512,-4.89085912704468,0.));
#13614=CARTESIAN_POINT('Ctrl Pts',(45.4952256381512,-4.89085912704468,0.02));
#13615=CARTESIAN_POINT('',(45.6875859200954,-4.44372415542603,0.));
#13616=CARTESIAN_POINT('Ctrl Pts',(45.6875859200954,-4.44372415542603,0.));
#13617=CARTESIAN_POINT('Ctrl Pts',(45.6314835856573,-4.50667211925443,0.));
#13618=CARTESIAN_POINT('Ctrl Pts',(45.5178011510329,-4.6342261302296,0.));
#13619=CARTESIAN_POINT('Ctrl Pts',(45.5028157412343,-4.80457666203246,0.));
#13620=CARTESIAN_POINT('Ctrl Pts',(45.4952256381512,-4.89085912704468,0.));
#13621=CARTESIAN_POINT('',(45.6875859200954,-4.44372415542603,0.02));
#13622=CARTESIAN_POINT('',(45.6875859200954,-4.44372415542603,0.));
#13623=CARTESIAN_POINT('Ctrl Pts',(45.6875859200954,-4.44372415542603,0.02));
#13624=CARTESIAN_POINT('Ctrl Pts',(45.6314835856573,-4.50667211925443,0.02));
#13625=CARTESIAN_POINT('Ctrl Pts',(45.5178011510329,-4.6342261302296,0.02));
#13626=CARTESIAN_POINT('Ctrl Pts',(45.5028157412343,-4.80457666203246,0.02));
#13627=CARTESIAN_POINT('Ctrl Pts',(45.4952256381512,-4.89085912704468,0.02));
#13628=CARTESIAN_POINT('Ctrl Pts',(46.2380631268024,-4.26875829696655,0.));
#13629=CARTESIAN_POINT('Ctrl Pts',(46.2380631268024,-4.26875829696655,0.02));
#13630=CARTESIAN_POINT('Ctrl Pts',(46.1290681294529,-4.27312059772292,0.));
#13631=CARTESIAN_POINT('Ctrl Pts',(46.1290681294529,-4.27312059772292,0.02));
#13632=CARTESIAN_POINT('Ctrl Pts',(45.9286629381685,-4.28114140362022,0.));
#13633=CARTESIAN_POINT('Ctrl Pts',(45.9286629381685,-4.28114140362022,0.02));
#13634=CARTESIAN_POINT('Ctrl Pts',(45.7631024901308,-4.39279565190706,0.));
#13635=CARTESIAN_POINT('Ctrl Pts',(45.7631024901308,-4.39279565190706,0.02));
#13636=CARTESIAN_POINT('Ctrl Pts',(45.6875859200954,-4.44372415542603,0.));
#13637=CARTESIAN_POINT('Ctrl Pts',(45.6875859200954,-4.44372415542603,0.02));
#13638=CARTESIAN_POINT('',(46.2380631268024,-4.26875829696655,0.));
#13639=CARTESIAN_POINT('Ctrl Pts',(46.2380631268024,-4.26875829696655,0.));
#13640=CARTESIAN_POINT('Ctrl Pts',(46.1290681294529,-4.27312059772292,0.));
#13641=CARTESIAN_POINT('Ctrl Pts',(45.9286629381685,-4.28114140362022,0.));
#13642=CARTESIAN_POINT('Ctrl Pts',(45.7631024901308,-4.39279565190706,0.));
#13643=CARTESIAN_POINT('Ctrl Pts',(45.6875859200954,-4.44372415542603,0.));
#13644=CARTESIAN_POINT('',(46.2380631268024,-4.26875829696655,0.02));
#13645=CARTESIAN_POINT('',(46.2380631268024,-4.26875829696655,0.));
#13646=CARTESIAN_POINT('Ctrl Pts',(46.2380631268024,-4.26875829696655,0.02));
#13647=CARTESIAN_POINT('Ctrl Pts',(46.1290681294529,-4.27312059772292,0.02));
#13648=CARTESIAN_POINT('Ctrl Pts',(45.9286629381685,-4.28114140362022,0.02));
#13649=CARTESIAN_POINT('Ctrl Pts',(45.7631024901308,-4.39279565190706,0.02));
#13650=CARTESIAN_POINT('Ctrl Pts',(45.6875859200954,-4.44372415542603,0.02));
#13651=CARTESIAN_POINT('Ctrl Pts',(46.6442705690861,-4.34038162231445,0.));
#13652=CARTESIAN_POINT('Ctrl Pts',(46.6442705690861,-4.34038162231445,0.02));
#13653=CARTESIAN_POINT('Ctrl Pts',(46.5794024030884,-4.31949362939217,0.));
#13654=CARTESIAN_POINT('Ctrl Pts',(46.5794024030884,-4.31949362939217,0.02));
#13655=CARTESIAN_POINT('Ctrl Pts',(46.4473207307813,-4.27696242793329,0.));
#13656=CARTESIAN_POINT('Ctrl Pts',(46.4473207307813,-4.27696242793329,0.02));
#13657=CARTESIAN_POINT('Ctrl Pts',(46.3086365214173,-4.27152518983533,0.));
#13658=CARTESIAN_POINT('Ctrl Pts',(46.3086365214173,-4.27152518983533,0.02));
#13659=CARTESIAN_POINT('Ctrl Pts',(46.2380631268024,-4.26875829696655,0.));
#13660=CARTESIAN_POINT('Ctrl Pts',(46.2380631268024,-4.26875829696655,0.02));
#13661=CARTESIAN_POINT('',(46.6442705690861,-4.34038162231445,0.));
#13662=CARTESIAN_POINT('Ctrl Pts',(46.6442705690861,-4.34038162231445,0.));
#13663=CARTESIAN_POINT('Ctrl Pts',(46.5794024030884,-4.31949362939217,0.));
#13664=CARTESIAN_POINT('Ctrl Pts',(46.4473207307813,-4.27696242793329,0.));
#13665=CARTESIAN_POINT('Ctrl Pts',(46.3086365214173,-4.27152518983533,0.));
#13666=CARTESIAN_POINT('Ctrl Pts',(46.2380631268024,-4.26875829696655,0.));
#13667=CARTESIAN_POINT('',(46.6442705690861,-4.34038162231445,0.02));
#13668=CARTESIAN_POINT('',(46.6442705690861,-4.34038162231445,0.));
#13669=CARTESIAN_POINT('Ctrl Pts',(46.6442705690861,-4.34038162231445,0.02));
#13670=CARTESIAN_POINT('Ctrl Pts',(46.5794024030884,-4.31949362939217,0.02));
#13671=CARTESIAN_POINT('Ctrl Pts',(46.4473207307813,-4.27696242793329,0.02));
#13672=CARTESIAN_POINT('Ctrl Pts',(46.3086365214173,-4.27152518983533,0.02));
#13673=CARTESIAN_POINT('Ctrl Pts',(46.2380631268024,-4.26875829696655,0.02));
#13674=CARTESIAN_POINT('Ctrl Pts',(47.038199454546,-4.58594799041748,0.));
#13675=CARTESIAN_POINT('Ctrl Pts',(47.038199454546,-4.58594799041748,0.02));
#13676=CARTESIAN_POINT('Ctrl Pts',(46.9732493627112,-4.53326756251638,0.));
#13677=CARTESIAN_POINT('Ctrl Pts',(46.9732493627112,-4.53326756251638,0.02));
#13678=CARTESIAN_POINT('Ctrl Pts',(46.8520526320048,-4.43496599813876,0.));
#13679=CARTESIAN_POINT('Ctrl Pts',(46.8520526320048,-4.43496599813876,0.02));
#13680=CARTESIAN_POINT('Ctrl Pts',(46.7101340763266,-4.37036331868631,0.));
#13681=CARTESIAN_POINT('Ctrl Pts',(46.7101340763266,-4.37036331868631,0.02));
#13682=CARTESIAN_POINT('Ctrl Pts',(46.6442705690861,-4.34038162231445,0.));
#13683=CARTESIAN_POINT('Ctrl Pts',(46.6442705690861,-4.34038162231445,0.02));
#13684=CARTESIAN_POINT('',(47.038199454546,-4.58594799041748,0.));
#13685=CARTESIAN_POINT('Ctrl Pts',(47.038199454546,-4.58594799041748,0.));
#13686=CARTESIAN_POINT('Ctrl Pts',(46.9732493627112,-4.53326756251638,0.));
#13687=CARTESIAN_POINT('Ctrl Pts',(46.8520526320048,-4.43496599813876,0.));
#13688=CARTESIAN_POINT('Ctrl Pts',(46.7101340763266,-4.37036331868631,0.));
#13689=CARTESIAN_POINT('Ctrl Pts',(46.6442705690861,-4.34038162231445,0.));
#13690=CARTESIAN_POINT('',(47.038199454546,-4.58594799041748,0.02));
#13691=CARTESIAN_POINT('',(47.038199454546,-4.58594799041748,0.));
#13692=CARTESIAN_POINT('Ctrl Pts',(47.038199454546,-4.58594799041748,0.02));
#13693=CARTESIAN_POINT('Ctrl Pts',(46.9732493627112,-4.53326756251638,0.02));
#13694=CARTESIAN_POINT('Ctrl Pts',(46.8520526320048,-4.43496599813876,0.02));
#13695=CARTESIAN_POINT('Ctrl Pts',(46.7101340763266,-4.37036331868631,0.02));
#13696=CARTESIAN_POINT('Ctrl Pts',(46.6442705690861,-4.34038162231445,0.02));
#13697=CARTESIAN_POINT('Ctrl Pts',(47.1118696033955,-4.31787133216858,0.));
#13698=CARTESIAN_POINT('Ctrl Pts',(47.1118696033955,-4.31787133216858,0.02));
#13699=CARTESIAN_POINT('Ctrl Pts',(47.0943644969275,-4.35880308037076,0.));
#13700=CARTESIAN_POINT('Ctrl Pts',(47.0943644969275,-4.35880308037076,0.02));
#13701=CARTESIAN_POINT('Ctrl Pts',(47.0576066840295,-4.44475294561486,0.));
#13702=CARTESIAN_POINT('Ctrl Pts',(47.0576066840295,-4.44475294561486,0.02));
#13703=CARTESIAN_POINT('Ctrl Pts',(47.0448703745151,-4.53741448671899,0.));
#13704=CARTESIAN_POINT('Ctrl Pts',(47.0448703745151,-4.53741448671899,0.02));
#13705=CARTESIAN_POINT('Ctrl Pts',(47.038199454546,-4.58594799041748,0.));
#13706=CARTESIAN_POINT('Ctrl Pts',(47.038199454546,-4.58594799041748,0.02));
#13707=CARTESIAN_POINT('Ctrl Pts',(47.1118696033955,-4.31787133216858,0.));
#13708=CARTESIAN_POINT('Ctrl Pts',(47.0943644969275,-4.35880308037076,0.));
#13709=CARTESIAN_POINT('Ctrl Pts',(47.0576066840295,-4.44475294561486,0.));
#13710=CARTESIAN_POINT('Ctrl Pts',(47.0448703745151,-4.53741448671899,0.));
#13711=CARTESIAN_POINT('Ctrl Pts',(47.038199454546,-4.58594799041748,0.));
#13712=CARTESIAN_POINT('Ctrl Pts',(47.1118696033955,-4.31787133216858,0.02));
#13713=CARTESIAN_POINT('Ctrl Pts',(47.0943644969275,-4.35880308037076,0.02));
#13714=CARTESIAN_POINT('Ctrl Pts',(47.0576066840295,-4.44475294561486,0.02));
#13715=CARTESIAN_POINT('Ctrl Pts',(47.0448703745151,-4.53741448671899,0.02));
#13716=CARTESIAN_POINT('Ctrl Pts',(47.038199454546,-4.58594799041748,0.02));
#13717=CARTESIAN_POINT('Origin',(52.9563443362713,-8.13437923789024,0.02));
#13718=CARTESIAN_POINT('Ctrl Pts',(50.834244042635,-8.95088672637939,0.));
#13719=CARTESIAN_POINT('Ctrl Pts',(50.834244042635,-8.95088672637939,0.02));
#13720=CARTESIAN_POINT('Ctrl Pts',(50.7066081850815,-8.95448845779444,0.));
#13721=CARTESIAN_POINT('Ctrl Pts',(50.7066081850815,-8.95448845779444,0.02));
#13722=CARTESIAN_POINT('Ctrl Pts',(50.4761568297031,-8.96099151972558,0.));
#13723=CARTESIAN_POINT('Ctrl Pts',(50.4761568297031,-8.96099151972558,0.02));
#13724=CARTESIAN_POINT('Ctrl Pts',(50.2773201654146,-9.07569930467966,0.));
#13725=CARTESIAN_POINT('Ctrl Pts',(50.2773201654146,-9.07569930467966,0.02));
#13726=CARTESIAN_POINT('Ctrl Pts',(50.1886095106602,-9.12687599658966,0.));
#13727=CARTESIAN_POINT('Ctrl Pts',(50.1886095106602,-9.12687599658966,0.02));
#13728=CARTESIAN_POINT('',(50.834244042635,-8.95088672637939,0.));
#13729=CARTESIAN_POINT('',(50.1886095106602,-9.12687599658966,0.));
#13730=CARTESIAN_POINT('Ctrl Pts',(50.834244042635,-8.95088672637939,0.));
#13731=CARTESIAN_POINT('Ctrl Pts',(50.7066081850815,-8.95448845779444,0.));
#13732=CARTESIAN_POINT('Ctrl Pts',(50.4761568297031,-8.96099151972558,0.));
#13733=CARTESIAN_POINT('Ctrl Pts',(50.2773201654146,-9.07569930467966,0.));
#13734=CARTESIAN_POINT('Ctrl Pts',(50.1886095106602,-9.12687599658966,0.));
#13735=CARTESIAN_POINT('',(50.834244042635,-8.95088672637939,0.02));
#13736=CARTESIAN_POINT('',(50.834244042635,-8.95088672637939,0.));
#13737=CARTESIAN_POINT('',(50.1886095106602,-9.12687599658966,0.02));
#13738=CARTESIAN_POINT('Ctrl Pts',(50.834244042635,-8.95088672637939,0.02));
#13739=CARTESIAN_POINT('Ctrl Pts',(50.7066081850815,-8.95448845779444,0.02));
#13740=CARTESIAN_POINT('Ctrl Pts',(50.4761568297031,-8.96099151972558,0.02));
#13741=CARTESIAN_POINT('Ctrl Pts',(50.2773201654146,-9.07569930467966,0.02));
#13742=CARTESIAN_POINT('Ctrl Pts',(50.1886095106602,-9.12687599658966,0.02));
#13743=CARTESIAN_POINT('',(50.1886095106602,-9.12687599658966,0.));
#13744=CARTESIAN_POINT('Ctrl Pts',(51.2926341593266,-9.0399044752121,0.));
#13745=CARTESIAN_POINT('Ctrl Pts',(51.2926341593266,-9.0399044752121,0.02));
#13746=CARTESIAN_POINT('Ctrl Pts',(51.2214030574326,-9.01395086747678,0.));
#13747=CARTESIAN_POINT('Ctrl Pts',(51.2214030574326,-9.01395086747678,0.02));
#13748=CARTESIAN_POINT('Ctrl Pts',(51.0734136825931,-8.96002978410929,0.));
#13749=CARTESIAN_POINT('Ctrl Pts',(51.0734136825931,-8.96002978410929,0.02));
#13750=CARTESIAN_POINT('Ctrl Pts',(50.9159278719659,-8.95400936338007,0.));
#13751=CARTESIAN_POINT('Ctrl Pts',(50.9159278719659,-8.95400936338007,0.02));
#13752=CARTESIAN_POINT('Ctrl Pts',(50.834244042635,-8.95088672637939,0.));
#13753=CARTESIAN_POINT('Ctrl Pts',(50.834244042635,-8.95088672637939,0.02));
#13754=CARTESIAN_POINT('',(51.2926341593266,-9.0399044752121,0.));
#13755=CARTESIAN_POINT('Ctrl Pts',(51.2926341593266,-9.0399044752121,0.));
#13756=CARTESIAN_POINT('Ctrl Pts',(51.2214030574326,-9.01395086747678,0.));
#13757=CARTESIAN_POINT('Ctrl Pts',(51.0734136825931,-8.96002978410929,0.));
#13758=CARTESIAN_POINT('Ctrl Pts',(50.9159278719659,-8.95400936338007,0.));
#13759=CARTESIAN_POINT('Ctrl Pts',(50.834244042635,-8.95088672637939,0.));
#13760=CARTESIAN_POINT('',(51.2926341593266,-9.0399044752121,0.02));
#13761=CARTESIAN_POINT('',(51.2926341593266,-9.0399044752121,0.));
#13762=CARTESIAN_POINT('Ctrl Pts',(51.2926341593266,-9.0399044752121,0.02));
#13763=CARTESIAN_POINT('Ctrl Pts',(51.2214030574326,-9.01395086747678,0.02));
#13764=CARTESIAN_POINT('Ctrl Pts',(51.0734136825931,-8.96002978410929,0.02));
#13765=CARTESIAN_POINT('Ctrl Pts',(50.9159278719659,-8.95400936338007,0.02));
#13766=CARTESIAN_POINT('Ctrl Pts',(50.834244042635,-8.95088672637939,0.02));
#13767=CARTESIAN_POINT('Ctrl Pts',(51.6026611626148,-9.29160982370377,0.));
#13768=CARTESIAN_POINT('Ctrl Pts',(51.6026611626148,-9.29160982370377,0.02));
#13769=CARTESIAN_POINT('Ctrl Pts',(51.5618141898386,-9.23999031193065,0.));
#13770=CARTESIAN_POINT('Ctrl Pts',(51.5618141898386,-9.23999031193065,0.02));
#13771=CARTESIAN_POINT('Ctrl Pts',(51.4772771304741,-9.13315836247301,0.));
#13772=CARTESIAN_POINT('Ctrl Pts',(51.4772771304741,-9.13315836247301,0.02));
#13773=CARTESIAN_POINT('Ctrl Pts',(51.3555464805625,-9.07167832761166,0.));
#13774=CARTESIAN_POINT('Ctrl Pts',(51.3555464805625,-9.07167832761166,0.02));
#13775=CARTESIAN_POINT('Ctrl Pts',(51.2926341593266,-9.0399044752121,0.));
#13776=CARTESIAN_POINT('Ctrl Pts',(51.2926341593266,-9.0399044752121,0.02));
#13777=CARTESIAN_POINT('',(51.6026611626148,-9.29160982370377,0.));
#13778=CARTESIAN_POINT('Ctrl Pts',(51.6026611626148,-9.29160982370377,0.));
#13779=CARTESIAN_POINT('Ctrl Pts',(51.5618141898386,-9.23999031193065,0.));
#13780=CARTESIAN_POINT('Ctrl Pts',(51.4772771304741,-9.13315836247301,0.));
#13781=CARTESIAN_POINT('Ctrl Pts',(51.3555464805625,-9.07167832761166,0.));
#13782=CARTESIAN_POINT('Ctrl Pts',(51.2926341593266,-9.0399044752121,0.));
#13783=CARTESIAN_POINT('',(51.6026611626148,-9.29160982370377,0.02));
#13784=CARTESIAN_POINT('',(51.6026611626148,-9.29160982370377,0.));
#13785=CARTESIAN_POINT('Ctrl Pts',(51.6026611626148,-9.29160982370377,0.02));
#13786=CARTESIAN_POINT('Ctrl Pts',(51.5618141898386,-9.23999031193065,0.02));
#13787=CARTESIAN_POINT('Ctrl Pts',(51.4772771304741,-9.13315836247301,0.02));
#13788=CARTESIAN_POINT('Ctrl Pts',(51.3555464805625,-9.07167832761166,0.02));
#13789=CARTESIAN_POINT('Ctrl Pts',(51.2926341593266,-9.0399044752121,0.02));
#13790=CARTESIAN_POINT('Ctrl Pts',(51.7100967466831,-9.63847219944,0.));
#13791=CARTESIAN_POINT('Ctrl Pts',(51.7100967466831,-9.63847219944,0.02));
#13792=CARTESIAN_POINT('Ctrl Pts',(51.7053550053352,-9.57757740970082,0.));
#13793=CARTESIAN_POINT('Ctrl Pts',(51.7053550053352,-9.57757740970082,0.02));
#13794=CARTESIAN_POINT('Ctrl Pts',(51.6957254789448,-9.45391229559814,0.));
#13795=CARTESIAN_POINT('Ctrl Pts',(51.6957254789448,-9.45391229559814,0.02));
#13796=CARTESIAN_POINT('Ctrl Pts',(51.6339946760861,-9.34625490024942,0.));
#13797=CARTESIAN_POINT('Ctrl Pts',(51.6339946760861,-9.34625490024942,0.02));
#13798=CARTESIAN_POINT('Ctrl Pts',(51.6026611626148,-9.29160982370377,0.));
#13799=CARTESIAN_POINT('Ctrl Pts',(51.6026611626148,-9.29160982370377,0.02));
#13800=CARTESIAN_POINT('',(51.7100967466831,-9.63847219944,0.));
#13801=CARTESIAN_POINT('Ctrl Pts',(51.7100967466831,-9.63847219944,0.));
#13802=CARTESIAN_POINT('Ctrl Pts',(51.7053550053352,-9.57757740970082,0.));
#13803=CARTESIAN_POINT('Ctrl Pts',(51.6957254789448,-9.45391229559814,0.));
#13804=CARTESIAN_POINT('Ctrl Pts',(51.6339946760861,-9.34625490024942,0.));
#13805=CARTESIAN_POINT('Ctrl Pts',(51.6026611626148,-9.29160982370377,0.));
#13806=CARTESIAN_POINT('',(51.7100967466831,-9.63847219944,0.02));
#13807=CARTESIAN_POINT('',(51.7100967466831,-9.63847219944,0.));
#13808=CARTESIAN_POINT('Ctrl Pts',(51.7100967466831,-9.63847219944,0.02));
#13809=CARTESIAN_POINT('Ctrl Pts',(51.7053550053352,-9.57757740970082,0.02));
#13810=CARTESIAN_POINT('Ctrl Pts',(51.6957254789448,-9.45391229559814,0.02));
#13811=CARTESIAN_POINT('Ctrl Pts',(51.6339946760861,-9.34625490024942,0.02));
#13812=CARTESIAN_POINT('Ctrl Pts',(51.6026611626148,-9.29160982370377,0.02));
#13813=CARTESIAN_POINT('Ctrl Pts',(51.6221018135548,-9.95361536741257,0.));
#13814=CARTESIAN_POINT('Ctrl Pts',(51.6221018135548,-9.95361536741257,0.02));
#13815=CARTESIAN_POINT('Ctrl Pts',(51.6477474228594,-9.90725818691881,0.));
#13816=CARTESIAN_POINT('Ctrl Pts',(51.6477474228594,-9.90725818691881,0.02));
#13817=CARTESIAN_POINT('Ctrl Pts',(51.7019049318369,-9.80936269966628,0.));
#13818=CARTESIAN_POINT('Ctrl Pts',(51.7019049318369,-9.80936269966628,0.02));
#13819=CARTESIAN_POINT('Ctrl Pts',(51.7072714669715,-9.69741072188798,0.));
#13820=CARTESIAN_POINT('Ctrl Pts',(51.7072714669715,-9.69741072188798,0.02));
#13821=CARTESIAN_POINT('Ctrl Pts',(51.7100967466831,-9.63847219944,0.));
#13822=CARTESIAN_POINT('Ctrl Pts',(51.7100967466831,-9.63847219944,0.02));
#13823=CARTESIAN_POINT('',(51.6221018135548,-9.95361536741257,0.));
#13824=CARTESIAN_POINT('Ctrl Pts',(51.6221018135548,-9.95361536741257,0.));
#13825=CARTESIAN_POINT('Ctrl Pts',(51.6477474228594,-9.90725818691881,0.));
#13826=CARTESIAN_POINT('Ctrl Pts',(51.7019049318369,-9.80936269966628,0.));
#13827=CARTESIAN_POINT('Ctrl Pts',(51.7072714669715,-9.69741072188798,0.));
#13828=CARTESIAN_POINT('Ctrl Pts',(51.7100967466831,-9.63847219944,0.));
#13829=CARTESIAN_POINT('',(51.6221018135548,-9.95361536741257,0.02));
#13830=CARTESIAN_POINT('',(51.6221018135548,-9.95361536741257,0.));
#13831=CARTESIAN_POINT('Ctrl Pts',(51.6221018135548,-9.95361536741257,0.02));
#13832=CARTESIAN_POINT('Ctrl Pts',(51.6477474228594,-9.90725818691881,0.02));
#13833=CARTESIAN_POINT('Ctrl Pts',(51.7019049318369,-9.80936269966628,0.02));
#13834=CARTESIAN_POINT('Ctrl Pts',(51.7072714669715,-9.69741072188798,0.02));
#13835=CARTESIAN_POINT('Ctrl Pts',(51.7100967466831,-9.63847219944,0.02));
#13836=CARTESIAN_POINT('Ctrl Pts',(51.3796056807041,-10.1469987630844,0.));
#13837=CARTESIAN_POINT('Ctrl Pts',(51.3796056807041,-10.1469987630844,0.02));
#13838=CARTESIAN_POINT('Ctrl Pts',(51.4279839123905,-10.1228134530667,0.));
#13839=CARTESIAN_POINT('Ctrl Pts',(51.4279839123905,-10.1228134530667,0.02));
#13840=CARTESIAN_POINT('Ctrl Pts',(51.5225944775648,-10.0755156133167,0.));
#13841=CARTESIAN_POINT('Ctrl Pts',(51.5225944775648,-10.0755156133167,0.02));
#13842=CARTESIAN_POINT('Ctrl Pts',(51.5894380698682,-9.99362968744166,0.));
#13843=CARTESIAN_POINT('Ctrl Pts',(51.5894380698682,-9.99362968744166,0.02));
#13844=CARTESIAN_POINT('Ctrl Pts',(51.6221018135548,-9.95361536741257,0.));
#13845=CARTESIAN_POINT('Ctrl Pts',(51.6221018135548,-9.95361536741257,0.02));
#13846=CARTESIAN_POINT('',(51.3796056807041,-10.1469987630844,0.));
#13847=CARTESIAN_POINT('Ctrl Pts',(51.3796056807041,-10.1469987630844,0.));
#13848=CARTESIAN_POINT('Ctrl Pts',(51.4279839123905,-10.1228134530667,0.));
#13849=CARTESIAN_POINT('Ctrl Pts',(51.5225944775648,-10.0755156133167,0.));
#13850=CARTESIAN_POINT('Ctrl Pts',(51.5894380698682,-9.99362968744166,0.));
#13851=CARTESIAN_POINT('Ctrl Pts',(51.6221018135548,-9.95361536741257,0.));
#13852=CARTESIAN_POINT('',(51.3796056807041,-10.1469987630844,0.02));
#13853=CARTESIAN_POINT('',(51.3796056807041,-10.1469987630844,0.));
#13854=CARTESIAN_POINT('Ctrl Pts',(51.3796056807041,-10.1469987630844,0.02));
#13855=CARTESIAN_POINT('Ctrl Pts',(51.4279839123905,-10.1228134530667,0.02));
#13856=CARTESIAN_POINT('Ctrl Pts',(51.5225944775648,-10.0755156133167,0.02));
#13857=CARTESIAN_POINT('Ctrl Pts',(51.5894380698682,-9.99362968744166,0.02));
#13858=CARTESIAN_POINT('Ctrl Pts',(51.6221018135548,-9.95361536741257,0.02));
#13859=CARTESIAN_POINT('Ctrl Pts',(50.834244042635,-10.3178718686104,0.));
#13860=CARTESIAN_POINT('Ctrl Pts',(50.834244042635,-10.3178718686104,0.02));
#13861=CARTESIAN_POINT('Ctrl Pts',(50.9455027874761,-10.2883244794704,0.));
#13862=CARTESIAN_POINT('Ctrl Pts',(50.9455027874761,-10.2883244794704,0.02));
#13863=CARTESIAN_POINT('Ctrl Pts',(51.129853774214,-10.2393657180601,0.));
#13864=CARTESIAN_POINT('Ctrl Pts',(51.129853774214,-10.2393657180601,0.02));
#13865=CARTESIAN_POINT('Ctrl Pts',(51.3086971279325,-10.1732232159556,0.));
#13866=CARTESIAN_POINT('Ctrl Pts',(51.3086971279325,-10.1732232159556,0.02));
#13867=CARTESIAN_POINT('Ctrl Pts',(51.3796056807041,-10.1469987630844,0.));
#13868=CARTESIAN_POINT('Ctrl Pts',(51.3796056807041,-10.1469987630844,0.02));
#13869=CARTESIAN_POINT('',(50.834244042635,-10.3178718686104,0.));
#13870=CARTESIAN_POINT('Ctrl Pts',(50.834244042635,-10.3178718686104,0.));
#13871=CARTESIAN_POINT('Ctrl Pts',(50.9455027874761,-10.2883244794704,0.));
#13872=CARTESIAN_POINT('Ctrl Pts',(51.129853774214,-10.2393657180601,0.));
#13873=CARTESIAN_POINT('Ctrl Pts',(51.3086971279325,-10.1732232159556,0.));
#13874=CARTESIAN_POINT('Ctrl Pts',(51.3796056807041,-10.1469987630844,0.));
#13875=CARTESIAN_POINT('',(50.834244042635,-10.3178718686104,0.02));
#13876=CARTESIAN_POINT('',(50.834244042635,-10.3178718686104,0.));
#13877=CARTESIAN_POINT('Ctrl Pts',(50.834244042635,-10.3178718686104,0.02));
#13878=CARTESIAN_POINT('Ctrl Pts',(50.9455027874761,-10.2883244794704,0.02));
#13879=CARTESIAN_POINT('Ctrl Pts',(51.129853774214,-10.2393657180601,0.02));
#13880=CARTESIAN_POINT('Ctrl Pts',(51.3086971279325,-10.1732232159556,0.02));
#13881=CARTESIAN_POINT('Ctrl Pts',(51.3796056807041,-10.1469987630844,0.02));
#13882=CARTESIAN_POINT('Ctrl Pts',(50.508868843317,-10.4120056331158,0.));
#13883=CARTESIAN_POINT('Ctrl Pts',(50.508868843317,-10.4120056331158,0.02));
#13884=CARTESIAN_POINT('Ctrl Pts',(50.5451407058325,-10.4005758899397,0.));
#13885=CARTESIAN_POINT('Ctrl Pts',(50.5451407058325,-10.4005758899397,0.02));
#13886=CARTESIAN_POINT('Ctrl Pts',(50.652845230076,-10.3666367711397,0.));
#13887=CARTESIAN_POINT('Ctrl Pts',(50.652845230076,-10.3666367711397,0.02));
#13888=CARTESIAN_POINT('Ctrl Pts',(50.7619095357311,-10.3373173386711,0.));
#13889=CARTESIAN_POINT('Ctrl Pts',(50.7619095357311,-10.3373173386711,0.02));
#13890=CARTESIAN_POINT('Ctrl Pts',(50.834244042635,-10.3178718686104,0.));
#13891=CARTESIAN_POINT('Ctrl Pts',(50.834244042635,-10.3178718686104,0.02));
#13892=CARTESIAN_POINT('',(50.508868843317,-10.4120056331158,0.));
#13893=CARTESIAN_POINT('Ctrl Pts',(50.508868843317,-10.4120056331158,0.));
#13894=CARTESIAN_POINT('Ctrl Pts',(50.5451407058325,-10.4005758899397,0.));
#13895=CARTESIAN_POINT('Ctrl Pts',(50.652845230076,-10.3666367711397,0.));
#13896=CARTESIAN_POINT('Ctrl Pts',(50.7619095357311,-10.3373173386711,0.));
#13897=CARTESIAN_POINT('Ctrl Pts',(50.834244042635,-10.3178718686104,0.));
#13898=CARTESIAN_POINT('',(50.508868843317,-10.4120056331158,0.02));
#13899=CARTESIAN_POINT('',(50.508868843317,-10.4120056331158,0.));
#13900=CARTESIAN_POINT('Ctrl Pts',(50.508868843317,-10.4120056331158,0.02));
#13901=CARTESIAN_POINT('Ctrl Pts',(50.5451407058325,-10.4005758899397,0.02));
#13902=CARTESIAN_POINT('Ctrl Pts',(50.652845230076,-10.3666367711397,0.02));
#13903=CARTESIAN_POINT('Ctrl Pts',(50.7619095357311,-10.3373173386711,0.02));
#13904=CARTESIAN_POINT('Ctrl Pts',(50.834244042635,-10.3178718686104,0.02));
#13905=CARTESIAN_POINT('Ctrl Pts',(50.3676684200764,-10.510232001543,0.));
#13906=CARTESIAN_POINT('Ctrl Pts',(50.3676684200764,-10.510232001543,0.02));
#13907=CARTESIAN_POINT('Ctrl Pts',(50.3860025103134,-10.4908432336193,0.));
#13908=CARTESIAN_POINT('Ctrl Pts',(50.3860025103134,-10.4908432336193,0.02));
#13909=CARTESIAN_POINT('Ctrl Pts',(50.4261452034299,-10.4483913120565,0.));
#13910=CARTESIAN_POINT('Ctrl Pts',(50.4261452034299,-10.4483913120565,0.02));
#13911=CARTESIAN_POINT('Ctrl Pts',(50.479747789721,-10.4248144179807,0.));
#13912=CARTESIAN_POINT('Ctrl Pts',(50.479747789721,-10.4248144179807,0.02));
#13913=CARTESIAN_POINT('Ctrl Pts',(50.508868843317,-10.4120056331158,0.));
#13914=CARTESIAN_POINT('Ctrl Pts',(50.508868843317,-10.4120056331158,0.02));
#13915=CARTESIAN_POINT('',(50.3676684200764,-10.510232001543,0.));
#13916=CARTESIAN_POINT('Ctrl Pts',(50.3676684200764,-10.510232001543,0.));
#13917=CARTESIAN_POINT('Ctrl Pts',(50.3860025103134,-10.4908432336193,0.));
#13918=CARTESIAN_POINT('Ctrl Pts',(50.4261452034299,-10.4483913120565,0.));
#13919=CARTESIAN_POINT('Ctrl Pts',(50.479747789721,-10.4248144179807,0.));
#13920=CARTESIAN_POINT('Ctrl Pts',(50.508868843317,-10.4120056331158,0.));
#13921=CARTESIAN_POINT('',(50.3676684200764,-10.510232001543,0.02));
#13922=CARTESIAN_POINT('',(50.3676684200764,-10.510232001543,0.));
#13923=CARTESIAN_POINT('Ctrl Pts',(50.3676684200764,-10.510232001543,0.02));
#13924=CARTESIAN_POINT('Ctrl Pts',(50.3860025103134,-10.4908432336193,0.02));
#13925=CARTESIAN_POINT('Ctrl Pts',(50.4261452034299,-10.4483913120565,0.02));
#13926=CARTESIAN_POINT('Ctrl Pts',(50.479747789721,-10.4248144179807,0.02));
#13927=CARTESIAN_POINT('Ctrl Pts',(50.508868843317,-10.4120056331158,0.02));
#13928=CARTESIAN_POINT('Ctrl Pts',(50.3226478397846,-10.6391543149948,0.));
#13929=CARTESIAN_POINT('Ctrl Pts',(50.3226478397846,-10.6391543149948,0.02));
#13930=CARTESIAN_POINT('Ctrl Pts',(50.3245586194654,-10.61583231181,0.));
#13931=CARTESIAN_POINT('Ctrl Pts',(50.3245586194654,-10.61583231181,0.02));
#13932=CARTESIAN_POINT('Ctrl Pts',(50.3283981746619,-10.5689686574485,0.));
#13933=CARTESIAN_POINT('Ctrl Pts',(50.3283981746619,-10.5689686574485,0.02));
#13934=CARTESIAN_POINT('Ctrl Pts',(50.3545375002955,-10.5298719683615,0.));
#13935=CARTESIAN_POINT('Ctrl Pts',(50.3545375002955,-10.5298719683615,0.02));
#13936=CARTESIAN_POINT('Ctrl Pts',(50.3676684200764,-10.510232001543,0.));
#13937=CARTESIAN_POINT('Ctrl Pts',(50.3676684200764,-10.510232001543,0.02));
#13938=CARTESIAN_POINT('',(50.3226478397846,-10.6391543149948,0.));
#13939=CARTESIAN_POINT('Ctrl Pts',(50.3226478397846,-10.6391543149948,0.));
#13940=CARTESIAN_POINT('Ctrl Pts',(50.3245586194654,-10.61583231181,0.));
#13941=CARTESIAN_POINT('Ctrl Pts',(50.3283981746619,-10.5689686574485,0.));
#13942=CARTESIAN_POINT('Ctrl Pts',(50.3545375002955,-10.5298719683615,0.));
#13943=CARTESIAN_POINT('Ctrl Pts',(50.3676684200764,-10.510232001543,0.));
#13944=CARTESIAN_POINT('',(50.3226478397846,-10.6391543149948,0.02));
#13945=CARTESIAN_POINT('',(50.3226478397846,-10.6391543149948,0.));
#13946=CARTESIAN_POINT('Ctrl Pts',(50.3226478397846,-10.6391543149948,0.02));
#13947=CARTESIAN_POINT('Ctrl Pts',(50.3245586194654,-10.61583231181,0.02));
#13948=CARTESIAN_POINT('Ctrl Pts',(50.3283981746619,-10.5689686574485,0.02));
#13949=CARTESIAN_POINT('Ctrl Pts',(50.3545375002955,-10.5298719683615,0.02));
#13950=CARTESIAN_POINT('Ctrl Pts',(50.3676684200764,-10.510232001543,0.02));
#13951=CARTESIAN_POINT('Ctrl Pts',(50.4311062395573,-10.835607200861,0.));
#13952=CARTESIAN_POINT('Ctrl Pts',(50.4311062395573,-10.835607200861,0.02));
#13953=CARTESIAN_POINT('Ctrl Pts',(50.3995043481753,-10.8076485773733,0.));
#13954=CARTESIAN_POINT('Ctrl Pts',(50.3995043481753,-10.8076485773733,0.02));
#13955=CARTESIAN_POINT('Ctrl Pts',(50.339738440227,-10.7547728650456,0.));
#13956=CARTESIAN_POINT('Ctrl Pts',(50.339738440227,-10.7547728650456,0.02));
#13957=CARTESIAN_POINT('Ctrl Pts',(50.3281219711073,-10.6761870177633,0.));
#13958=CARTESIAN_POINT('Ctrl Pts',(50.3281219711073,-10.6761870177633,0.02));
#13959=CARTESIAN_POINT('Ctrl Pts',(50.3226478397846,-10.6391543149948,0.));
#13960=CARTESIAN_POINT('Ctrl Pts',(50.3226478397846,-10.6391543149948,0.02));
#13961=CARTESIAN_POINT('',(50.4311062395573,-10.835607200861,0.));
#13962=CARTESIAN_POINT('Ctrl Pts',(50.4311062395573,-10.835607200861,0.));
#13963=CARTESIAN_POINT('Ctrl Pts',(50.3995043481753,-10.8076485773733,0.));
#13964=CARTESIAN_POINT('Ctrl Pts',(50.339738440227,-10.7547728650456,0.));
#13965=CARTESIAN_POINT('Ctrl Pts',(50.3281219711073,-10.6761870177633,0.));
#13966=CARTESIAN_POINT('Ctrl Pts',(50.3226478397846,-10.6391543149948,0.));
#13967=CARTESIAN_POINT('',(50.4311062395573,-10.835607200861,0.02));
#13968=CARTESIAN_POINT('',(50.4311062395573,-10.835607200861,0.));
#13969=CARTESIAN_POINT('Ctrl Pts',(50.4311062395573,-10.835607200861,0.02));
#13970=CARTESIAN_POINT('Ctrl Pts',(50.3995043481753,-10.8076485773733,0.02));
#13971=CARTESIAN_POINT('Ctrl Pts',(50.339738440227,-10.7547728650456,0.02));
#13972=CARTESIAN_POINT('Ctrl Pts',(50.3281219711073,-10.6761870177633,0.02));
#13973=CARTESIAN_POINT('Ctrl Pts',(50.3226478397846,-10.6391543149948,0.02));
#13974=CARTESIAN_POINT('Ctrl Pts',(50.7933159172535,-10.9195090830326,0.));
#13975=CARTESIAN_POINT('Ctrl Pts',(50.7933159172535,-10.9195090830326,0.02));
#13976=CARTESIAN_POINT('Ctrl Pts',(50.7191862276032,-10.9189117652117,0.));
#13977=CARTESIAN_POINT('Ctrl Pts',(50.7191862276032,-10.9189117652117,0.02));
#13978=CARTESIAN_POINT('Ctrl Pts',(50.5914825836051,-10.9178827623558,0.));
#13979=CARTESIAN_POINT('Ctrl Pts',(50.5914825836051,-10.9178827623558,0.02));
#13980=CARTESIAN_POINT('Ctrl Pts',(50.4785031325705,-10.8599225449282,0.));
#13981=CARTESIAN_POINT('Ctrl Pts',(50.4785031325705,-10.8599225449282,0.02));
#13982=CARTESIAN_POINT('Ctrl Pts',(50.4311062395573,-10.835607200861,0.));
#13983=CARTESIAN_POINT('Ctrl Pts',(50.4311062395573,-10.835607200861,0.02));
#13984=CARTESIAN_POINT('',(50.7933159172535,-10.9195090830326,0.));
#13985=CARTESIAN_POINT('Ctrl Pts',(50.7933159172535,-10.9195090830326,0.));
#13986=CARTESIAN_POINT('Ctrl Pts',(50.7191862276032,-10.9189117652117,0.));
#13987=CARTESIAN_POINT('Ctrl Pts',(50.5914825836051,-10.9178827623558,0.));
#13988=CARTESIAN_POINT('Ctrl Pts',(50.4785031325705,-10.8599225449282,0.));
#13989=CARTESIAN_POINT('Ctrl Pts',(50.4311062395573,-10.835607200861,0.));
#13990=CARTESIAN_POINT('',(50.7933159172535,-10.9195090830326,0.02));
#13991=CARTESIAN_POINT('',(50.7933159172535,-10.9195090830326,0.));
#13992=CARTESIAN_POINT('Ctrl Pts',(50.7933159172535,-10.9195090830326,0.02));
#13993=CARTESIAN_POINT('Ctrl Pts',(50.7191862276032,-10.9189117652117,0.02));
#13994=CARTESIAN_POINT('Ctrl Pts',(50.5914825836051,-10.9178827623558,0.02));
#13995=CARTESIAN_POINT('Ctrl Pts',(50.4785031325705,-10.8599225449282,0.02));
#13996=CARTESIAN_POINT('Ctrl Pts',(50.4311062395573,-10.835607200861,0.02));
#13997=CARTESIAN_POINT('Ctrl Pts',(51.1258538067341,-10.8253753185272,0.));
#13998=CARTESIAN_POINT('Ctrl Pts',(51.1258538067341,-10.8253753185272,0.02));
#13999=CARTESIAN_POINT('Ctrl Pts',(51.0796910111128,-10.8527657046675,0.));
#14000=CARTESIAN_POINT('Ctrl Pts',(51.0796910111128,-10.8527657046675,0.02));
#14001=CARTESIAN_POINT('Ctrl Pts',(50.9776229355453,-10.9133271148845,0.));
#14002=CARTESIAN_POINT('Ctrl Pts',(50.9776229355453,-10.9133271148845,0.02));
#14003=CARTESIAN_POINT('Ctrl Pts',(50.8585404319835,-10.9173213428355,0.));
#14004=CARTESIAN_POINT('Ctrl Pts',(50.8585404319835,-10.9173213428355,0.02));
#14005=CARTESIAN_POINT('Ctrl Pts',(50.7933159172535,-10.9195090830326,0.));
#14006=CARTESIAN_POINT('Ctrl Pts',(50.7933159172535,-10.9195090830326,0.02));
#14007=CARTESIAN_POINT('',(51.1258538067341,-10.8253753185272,0.));
#14008=CARTESIAN_POINT('Ctrl Pts',(51.1258538067341,-10.8253753185272,0.));
#14009=CARTESIAN_POINT('Ctrl Pts',(51.0796910111128,-10.8527657046675,0.));
#14010=CARTESIAN_POINT('Ctrl Pts',(50.9776229355453,-10.9133271148845,0.));
#14011=CARTESIAN_POINT('Ctrl Pts',(50.8585404319835,-10.9173213428355,0.));
#14012=CARTESIAN_POINT('Ctrl Pts',(50.7933159172535,-10.9195090830326,0.));
#14013=CARTESIAN_POINT('',(51.1258538067341,-10.8253753185272,0.02));
#14014=CARTESIAN_POINT('',(51.1258538067341,-10.8253753185272,0.));
#14015=CARTESIAN_POINT('Ctrl Pts',(51.1258538067341,-10.8253753185272,0.02));
#14016=CARTESIAN_POINT('Ctrl Pts',(51.0796910111128,-10.8527657046675,0.02));
#14017=CARTESIAN_POINT('Ctrl Pts',(50.9776229355453,-10.9133271148845,0.02));
#14018=CARTESIAN_POINT('Ctrl Pts',(50.8585404319835,-10.9173213428355,0.02));
#14019=CARTESIAN_POINT('Ctrl Pts',(50.7933159172535,-10.9195090830326,0.02));
#14020=CARTESIAN_POINT('Ctrl Pts',(51.2680776417255,-10.5634380877018,0.));
#14021=CARTESIAN_POINT('Ctrl Pts',(51.2680776417255,-10.5634380877018,0.02));
#14022=CARTESIAN_POINT('Ctrl Pts',(51.2566908459689,-10.6157464993284,0.));
#14023=CARTESIAN_POINT('Ctrl Pts',(51.2566908459689,-10.6157464993284,0.02));
#14024=CARTESIAN_POINT('Ctrl Pts',(51.2346407348436,-10.7170398143055,0.));
#14025=CARTESIAN_POINT('Ctrl Pts',(51.2346407348436,-10.7170398143055,0.02));
#14026=CARTESIAN_POINT('Ctrl Pts',(51.1613141496803,-10.7900621223582,0.));
#14027=CARTESIAN_POINT('Ctrl Pts',(51.1613141496803,-10.7900621223582,0.02));
#14028=CARTESIAN_POINT('Ctrl Pts',(51.1258538067341,-10.8253753185272,0.));
#14029=CARTESIAN_POINT('Ctrl Pts',(51.1258538067341,-10.8253753185272,0.02));
#14030=CARTESIAN_POINT('',(51.2680776417255,-10.5634380877018,0.));
#14031=CARTESIAN_POINT('Ctrl Pts',(51.2680776417255,-10.5634380877018,0.));
#14032=CARTESIAN_POINT('Ctrl Pts',(51.2566908459689,-10.6157464993284,0.));
#14033=CARTESIAN_POINT('Ctrl Pts',(51.2346407348436,-10.7170398143055,0.));
#14034=CARTESIAN_POINT('Ctrl Pts',(51.1613141496803,-10.7900621223582,0.));
#14035=CARTESIAN_POINT('Ctrl Pts',(51.1258538067341,-10.8253753185272,0.));
#14036=CARTESIAN_POINT('',(51.2680776417255,-10.5634380877018,0.02));
#14037=CARTESIAN_POINT('',(51.2680776417255,-10.5634380877018,0.));
#14038=CARTESIAN_POINT('Ctrl Pts',(51.2680776417255,-10.5634380877018,0.02));
#14039=CARTESIAN_POINT('Ctrl Pts',(51.2566908459689,-10.6157464993284,0.02));
#14040=CARTESIAN_POINT('Ctrl Pts',(51.2346407348436,-10.7170398143055,0.02));
#14041=CARTESIAN_POINT('Ctrl Pts',(51.1613141496803,-10.7900621223582,0.02));
#14042=CARTESIAN_POINT('Ctrl Pts',(51.1258538067341,-10.8253753185272,0.02));
#14043=CARTESIAN_POINT('Origin',(51.6282410919666,-10.6125512719154,0.));
#14044=CARTESIAN_POINT('',(51.6282410919666,-10.6125512719154,0.));
#14045=CARTESIAN_POINT('',(41.4785884951542,-9.22850811773639,0.));
#14046=CARTESIAN_POINT('',(51.6282410919666,-10.6125512719154,0.02));
#14047=CARTESIAN_POINT('',(51.6282410919666,-10.6125512719154,0.));
#14048=CARTESIAN_POINT('',(51.6282410919666,-10.6125512719154,0.02));
#14049=CARTESIAN_POINT('Ctrl Pts',(51.5013654530048,-10.9491816163063,0.));
#14050=CARTESIAN_POINT('Ctrl Pts',(51.5013654530048,-10.9491816163063,0.02));
#14051=CARTESIAN_POINT('Ctrl Pts',(51.5300449543136,-10.90122338627,0.));
#14052=CARTESIAN_POINT('Ctrl Pts',(51.5300449543136,-10.90122338627,0.02));
#14053=CARTESIAN_POINT('Ctrl Pts',(51.5924771461442,-10.7968234741082,0.));
#14054=CARTESIAN_POINT('Ctrl Pts',(51.5924771461442,-10.7968234741082,0.02));
#14055=CARTESIAN_POINT('Ctrl Pts',(51.615690997132,-10.6772150991227,0.));
#14056=CARTESIAN_POINT('Ctrl Pts',(51.615690997132,-10.6772150991227,0.02));
#14057=CARTESIAN_POINT('Ctrl Pts',(51.6282410919666,-10.6125512719154,0.));
#14058=CARTESIAN_POINT('Ctrl Pts',(51.6282410919666,-10.6125512719154,0.02));
#14059=CARTESIAN_POINT('',(51.5013654530048,-10.9491816163063,0.));
#14060=CARTESIAN_POINT('Ctrl Pts',(51.5013654530048,-10.9491816163063,0.));
#14061=CARTESIAN_POINT('Ctrl Pts',(51.5300449543136,-10.90122338627,0.));
#14062=CARTESIAN_POINT('Ctrl Pts',(51.5924771461442,-10.7968234741082,0.));
#14063=CARTESIAN_POINT('Ctrl Pts',(51.615690997132,-10.6772150991227,0.));
#14064=CARTESIAN_POINT('Ctrl Pts',(51.6282410919666,-10.6125512719154,0.));
#14065=CARTESIAN_POINT('',(51.5013654530048,-10.9491816163063,0.02));
#14066=CARTESIAN_POINT('',(51.5013654530048,-10.9491816163063,0.));
#14067=CARTESIAN_POINT('Ctrl Pts',(51.5013654530048,-10.9491816163063,0.02));
#14068=CARTESIAN_POINT('Ctrl Pts',(51.5300449543136,-10.90122338627,0.02));
#14069=CARTESIAN_POINT('Ctrl Pts',(51.5924771461442,-10.7968234741082,0.02));
#14070=CARTESIAN_POINT('Ctrl Pts',(51.615690997132,-10.6772150991227,0.02));
#14071=CARTESIAN_POINT('Ctrl Pts',(51.6282410919666,-10.6125512719154,0.02));
#14072=CARTESIAN_POINT('Ctrl Pts',(51.2158949673176,-11.1487041413784,0.));
#14073=CARTESIAN_POINT('Ctrl Pts',(51.2158949673176,-11.1487041413784,0.02));
#14074=CARTESIAN_POINT('Ctrl Pts',(51.2747526147981,-11.1237668931415,0.));
#14075=CARTESIAN_POINT('Ctrl Pts',(51.2747526147981,-11.1237668931415,0.02));
#14076=CARTESIAN_POINT('Ctrl Pts',(51.3842854739874,-11.0773591922459,0.));
#14077=CARTESIAN_POINT('Ctrl Pts',(51.3842854739874,-11.0773591922459,0.02));
#14078=CARTESIAN_POINT('Ctrl Pts',(51.4643320333381,-10.98972530278,0.));
#14079=CARTESIAN_POINT('Ctrl Pts',(51.4643320333381,-10.98972530278,0.02));
#14080=CARTESIAN_POINT('Ctrl Pts',(51.5013654530048,-10.9491816163063,0.));
#14081=CARTESIAN_POINT('Ctrl Pts',(51.5013654530048,-10.9491816163063,0.02));
#14082=CARTESIAN_POINT('',(51.2158949673176,-11.1487041413784,0.));
#14083=CARTESIAN_POINT('Ctrl Pts',(51.2158949673176,-11.1487041413784,0.));
#14084=CARTESIAN_POINT('Ctrl Pts',(51.2747526147981,-11.1237668931415,0.));
#14085=CARTESIAN_POINT('Ctrl Pts',(51.3842854739874,-11.0773591922459,0.));
#14086=CARTESIAN_POINT('Ctrl Pts',(51.4643320333381,-10.98972530278,0.));
#14087=CARTESIAN_POINT('Ctrl Pts',(51.5013654530048,-10.9491816163063,0.));
#14088=CARTESIAN_POINT('',(51.2158949673176,-11.1487041413784,0.02));
#14089=CARTESIAN_POINT('',(51.2158949673176,-11.1487041413784,0.));
#14090=CARTESIAN_POINT('Ctrl Pts',(51.2158949673176,-11.1487041413784,0.02));
#14091=CARTESIAN_POINT('Ctrl Pts',(51.2747526147981,-11.1237668931415,0.02));
#14092=CARTESIAN_POINT('Ctrl Pts',(51.3842854739874,-11.0773591922459,0.02));
#14093=CARTESIAN_POINT('Ctrl Pts',(51.4643320333381,-10.98972530278,0.02));
#14094=CARTESIAN_POINT('Ctrl Pts',(51.5013654530048,-10.9491816163063,0.02));
#14095=CARTESIAN_POINT('Ctrl Pts',(50.7667131721973,-11.2223739922047,0.));
#14096=CARTESIAN_POINT('Ctrl Pts',(50.7667131721973,-11.2223739922047,0.02));
#14097=CARTESIAN_POINT('Ctrl Pts',(50.8474188873378,-11.2200258182385,0.));
#14098=CARTESIAN_POINT('Ctrl Pts',(50.8474188873378,-11.2200258182385,0.02));
#14099=CARTESIAN_POINT('Ctrl Pts',(51.0005449212619,-11.2155705381412,0.));
#14100=CARTESIAN_POINT('Ctrl Pts',(51.0005449212619,-11.2155705381412,0.02));
#14101=CARTESIAN_POINT('Ctrl Pts',(51.14674856438,-11.1701741661043,0.));
#14102=CARTESIAN_POINT('Ctrl Pts',(51.14674856438,-11.1701741661043,0.02));
#14103=CARTESIAN_POINT('Ctrl Pts',(51.2158949673176,-11.1487041413784,0.));
#14104=CARTESIAN_POINT('Ctrl Pts',(51.2158949673176,-11.1487041413784,0.02));
#14105=CARTESIAN_POINT('',(50.7667131721973,-11.2223739922047,0.));
#14106=CARTESIAN_POINT('Ctrl Pts',(50.7667131721973,-11.2223739922047,0.));
#14107=CARTESIAN_POINT('Ctrl Pts',(50.8474188873378,-11.2200258182385,0.));
#14108=CARTESIAN_POINT('Ctrl Pts',(51.0005449212619,-11.2155705381412,0.));
#14109=CARTESIAN_POINT('Ctrl Pts',(51.14674856438,-11.1701741661043,0.));
#14110=CARTESIAN_POINT('Ctrl Pts',(51.2158949673176,-11.1487041413784,0.));
#14111=CARTESIAN_POINT('',(50.7667131721973,-11.2223739922047,0.02));
#14112=CARTESIAN_POINT('',(50.7667131721973,-11.2223739922047,0.));
#14113=CARTESIAN_POINT('Ctrl Pts',(50.7667131721973,-11.2223739922047,0.02));
#14114=CARTESIAN_POINT('Ctrl Pts',(50.8474188873378,-11.2200258182385,0.02));
#14115=CARTESIAN_POINT('Ctrl Pts',(51.0005449212619,-11.2155705381412,0.02));
#14116=CARTESIAN_POINT('Ctrl Pts',(51.14674856438,-11.1701741661043,0.02));
#14117=CARTESIAN_POINT('Ctrl Pts',(51.2158949673176,-11.1487041413784,0.02));
#14118=CARTESIAN_POINT('Ctrl Pts',(50.4485006630421,-11.1783766746521,0.));
#14119=CARTESIAN_POINT('Ctrl Pts',(50.4485006630421,-11.1783766746521,0.02));
#14120=CARTESIAN_POINT('Ctrl Pts',(50.4994891695636,-11.1912072448751,0.));
#14121=CARTESIAN_POINT('Ctrl Pts',(50.4994891695636,-11.1912072448751,0.02));
#14122=CARTESIAN_POINT('Ctrl Pts',(50.6039336260634,-11.2174892842002,0.));
#14123=CARTESIAN_POINT('Ctrl Pts',(50.6039336260634,-11.2174892842002,0.02));
#14124=CARTESIAN_POINT('Ctrl Pts',(50.7116054275771,-11.2207203124418,0.));
#14125=CARTESIAN_POINT('Ctrl Pts',(50.7116054275771,-11.2207203124418,0.02));
#14126=CARTESIAN_POINT('Ctrl Pts',(50.7667131721973,-11.2223739922047,0.));
#14127=CARTESIAN_POINT('Ctrl Pts',(50.7667131721973,-11.2223739922047,0.02));
#14128=CARTESIAN_POINT('',(50.4485006630421,-11.1783766746521,0.));
#14129=CARTESIAN_POINT('Ctrl Pts',(50.4485006630421,-11.1783766746521,0.));
#14130=CARTESIAN_POINT('Ctrl Pts',(50.4994891695636,-11.1912072448751,0.));
#14131=CARTESIAN_POINT('Ctrl Pts',(50.6039336260634,-11.2174892842002,0.));
#14132=CARTESIAN_POINT('Ctrl Pts',(50.7116054275771,-11.2207203124418,0.));
#14133=CARTESIAN_POINT('Ctrl Pts',(50.7667131721973,-11.2223739922047,0.));
#14134=CARTESIAN_POINT('',(50.4485006630421,-11.1783766746521,0.02));
#14135=CARTESIAN_POINT('',(50.4485006630421,-11.1783766746521,0.));
#14136=CARTESIAN_POINT('Ctrl Pts',(50.4485006630421,-11.1783766746521,0.02));
#14137=CARTESIAN_POINT('Ctrl Pts',(50.4994891695636,-11.1912072448751,0.02));
#14138=CARTESIAN_POINT('Ctrl Pts',(50.6039336260634,-11.2174892842002,0.02));
#14139=CARTESIAN_POINT('Ctrl Pts',(50.7116054275771,-11.2207203124418,0.02));
#14140=CARTESIAN_POINT('Ctrl Pts',(50.7667131721973,-11.2223739922047,0.02));
#14141=CARTESIAN_POINT('Ctrl Pts',(50.214189440012,-11.0709415376186,0.));
#14142=CARTESIAN_POINT('Ctrl Pts',(50.214189440012,-11.0709415376186,0.02));
#14143=CARTESIAN_POINT('Ctrl Pts',(50.2474002080647,-11.0918336060821,0.));
#14144=CARTESIAN_POINT('Ctrl Pts',(50.2474002080647,-11.0918336060821,0.02));
#14145=CARTESIAN_POINT('Ctrl Pts',(50.3206856030217,-11.1379356259567,0.));
#14146=CARTESIAN_POINT('Ctrl Pts',(50.3206856030217,-11.1379356259567,0.02));
#14147=CARTESIAN_POINT('Ctrl Pts',(50.4033159430767,-11.1640801006794,0.));
#14148=CARTESIAN_POINT('Ctrl Pts',(50.4033159430767,-11.1640801006794,0.02));
#14149=CARTESIAN_POINT('Ctrl Pts',(50.4485006630421,-11.1783766746521,0.));
#14150=CARTESIAN_POINT('Ctrl Pts',(50.4485006630421,-11.1783766746521,0.02));
#14151=CARTESIAN_POINT('',(50.214189440012,-11.0709415376186,0.));
#14152=CARTESIAN_POINT('Ctrl Pts',(50.214189440012,-11.0709415376186,0.));
#14153=CARTESIAN_POINT('Ctrl Pts',(50.2474002080647,-11.0918336060821,0.));
#14154=CARTESIAN_POINT('Ctrl Pts',(50.3206856030217,-11.1379356259567,0.));
#14155=CARTESIAN_POINT('Ctrl Pts',(50.4033159430767,-11.1640801006794,0.));
#14156=CARTESIAN_POINT('Ctrl Pts',(50.4485006630421,-11.1783766746521,0.));
#14157=CARTESIAN_POINT('',(50.214189440012,-11.0709415376186,0.02));
#14158=CARTESIAN_POINT('',(50.214189440012,-11.0709415376186,0.));
#14159=CARTESIAN_POINT('Ctrl Pts',(50.214189440012,-11.0709415376186,0.02));
#14160=CARTESIAN_POINT('Ctrl Pts',(50.2474002080647,-11.0918336060821,0.02));
#14161=CARTESIAN_POINT('Ctrl Pts',(50.3206856030217,-11.1379356259567,0.02));
#14162=CARTESIAN_POINT('Ctrl Pts',(50.4033159430767,-11.1640801006794,0.02));
#14163=CARTESIAN_POINT('Ctrl Pts',(50.4485006630421,-11.1783766746521,0.02));
#14164=CARTESIAN_POINT('Ctrl Pts',(50.0330843031406,-10.8652798831463,0.));
#14165=CARTESIAN_POINT('Ctrl Pts',(50.0330843031406,-10.8652798831463,0.02));
#14166=CARTESIAN_POINT('Ctrl Pts',(50.0572673323173,-10.904808024267,0.));
#14167=CARTESIAN_POINT('Ctrl Pts',(50.0572673323173,-10.904808024267,0.02));
#14168=CARTESIAN_POINT('Ctrl Pts',(50.1056594266151,-10.9839068633146,0.));
#14169=CARTESIAN_POINT('Ctrl Pts',(50.1056594266151,-10.9839068633146,0.02));
#14170=CARTESIAN_POINT('Ctrl Pts',(50.1779997953431,-11.0419195755056,0.));
#14171=CARTESIAN_POINT('Ctrl Pts',(50.1779997953431,-11.0419195755056,0.02));
#14172=CARTESIAN_POINT('Ctrl Pts',(50.214189440012,-11.0709415376186,0.));
#14173=CARTESIAN_POINT('Ctrl Pts',(50.214189440012,-11.0709415376186,0.02));
#14174=CARTESIAN_POINT('',(50.0330843031406,-10.8652798831463,0.));
#14175=CARTESIAN_POINT('Ctrl Pts',(50.0330843031406,-10.8652798831463,0.));
#14176=CARTESIAN_POINT('Ctrl Pts',(50.0572673323173,-10.904808024267,0.));
#14177=CARTESIAN_POINT('Ctrl Pts',(50.1056594266151,-10.9839068633146,0.));
#14178=CARTESIAN_POINT('Ctrl Pts',(50.1779997953431,-11.0419195755056,0.));
#14179=CARTESIAN_POINT('Ctrl Pts',(50.214189440012,-11.0709415376186,0.));
#14180=CARTESIAN_POINT('',(50.0330843031406,-10.8652798831463,0.02));
#14181=CARTESIAN_POINT('',(50.0330843031406,-10.8652798831463,0.));
#14182=CARTESIAN_POINT('Ctrl Pts',(50.0330843031406,-10.8652798831463,0.02));
#14183=CARTESIAN_POINT('Ctrl Pts',(50.0572673323173,-10.904808024267,0.02));
#14184=CARTESIAN_POINT('Ctrl Pts',(50.1056594266151,-10.9839068633146,0.02));
#14185=CARTESIAN_POINT('Ctrl Pts',(50.1779997953431,-11.0419195755056,0.02));
#14186=CARTESIAN_POINT('Ctrl Pts',(50.214189440012,-11.0709415376186,0.02));
#14187=CARTESIAN_POINT('Ctrl Pts',(49.9665768444538,-10.5961802601814,0.));
#14188=CARTESIAN_POINT('Ctrl Pts',(49.9665768444538,-10.5961802601814,0.02));
#14189=CARTESIAN_POINT('Ctrl Pts',(49.9692501511439,-10.6435331801794,0.));
#14190=CARTESIAN_POINT('Ctrl Pts',(49.9692501511439,-10.6435331801794,0.02));
#14191=CARTESIAN_POINT('Ctrl Pts',(49.9745506237962,-10.7374217184403,0.));
#14192=CARTESIAN_POINT('Ctrl Pts',(49.9745506237962,-10.7374217184403,0.02));
#14193=CARTESIAN_POINT('Ctrl Pts',(50.0136866366356,-10.8229085498098,0.));
#14194=CARTESIAN_POINT('Ctrl Pts',(50.0136866366356,-10.8229085498098,0.02));
#14195=CARTESIAN_POINT('Ctrl Pts',(50.0330843031406,-10.8652798831463,0.));
#14196=CARTESIAN_POINT('Ctrl Pts',(50.0330843031406,-10.8652798831463,0.02));
#14197=CARTESIAN_POINT('',(49.9665768444538,-10.5961802601814,0.));
#14198=CARTESIAN_POINT('Ctrl Pts',(49.9665768444538,-10.5961802601814,0.));
#14199=CARTESIAN_POINT('Ctrl Pts',(49.9692501511439,-10.6435331801794,0.));
#14200=CARTESIAN_POINT('Ctrl Pts',(49.9745506237962,-10.7374217184403,0.));
#14201=CARTESIAN_POINT('Ctrl Pts',(50.0136866366356,-10.8229085498098,0.));
#14202=CARTESIAN_POINT('Ctrl Pts',(50.0330843031406,-10.8652798831463,0.));
#14203=CARTESIAN_POINT('',(49.9665768444538,-10.5961802601814,0.02));
#14204=CARTESIAN_POINT('',(49.9665768444538,-10.5961802601814,0.));
#14205=CARTESIAN_POINT('Ctrl Pts',(49.9665768444538,-10.5961802601814,0.02));
#14206=CARTESIAN_POINT('Ctrl Pts',(49.9692501511439,-10.6435331801794,0.02));
#14207=CARTESIAN_POINT('Ctrl Pts',(49.9745506237962,-10.7374217184403,0.02));
#14208=CARTESIAN_POINT('Ctrl Pts',(50.0136866366356,-10.8229085498098,0.02));
#14209=CARTESIAN_POINT('Ctrl Pts',(50.0330843031406,-10.8652798831463,0.02));
#14210=CARTESIAN_POINT('Ctrl Pts',(50.0474090874195,-10.3045703470707,0.));
#14211=CARTESIAN_POINT('Ctrl Pts',(50.0474090874195,-10.3045703470707,0.02));
#14212=CARTESIAN_POINT('Ctrl Pts',(50.0238333121353,-10.3499321492483,0.));
#14213=CARTESIAN_POINT('Ctrl Pts',(50.0238333121353,-10.3499321492483,0.02));
#14214=CARTESIAN_POINT('Ctrl Pts',(49.9762943262549,-10.4414012121842,0.));
#14215=CARTESIAN_POINT('Ctrl Pts',(49.9762943262549,-10.4414012121842,0.02));
#14216=CARTESIAN_POINT('Ctrl Pts',(49.9698335564758,-10.5443076869486,0.));
#14217=CARTESIAN_POINT('Ctrl Pts',(49.9698335564758,-10.5443076869486,0.02));
#14218=CARTESIAN_POINT('Ctrl Pts',(49.9665768444538,-10.5961802601814,0.));
#14219=CARTESIAN_POINT('Ctrl Pts',(49.9665768444538,-10.5961802601814,0.02));
#14220=CARTESIAN_POINT('',(50.0474090874195,-10.3045703470707,0.));
#14221=CARTESIAN_POINT('Ctrl Pts',(50.0474090874195,-10.3045703470707,0.));
#14222=CARTESIAN_POINT('Ctrl Pts',(50.0238333121353,-10.3499321492483,0.));
#14223=CARTESIAN_POINT('Ctrl Pts',(49.9762943262549,-10.4414012121842,0.));
#14224=CARTESIAN_POINT('Ctrl Pts',(49.9698335564758,-10.5443076869486,0.));
#14225=CARTESIAN_POINT('Ctrl Pts',(49.9665768444538,-10.5961802601814,0.));
#14226=CARTESIAN_POINT('',(50.0474090874195,-10.3045703470707,0.02));
#14227=CARTESIAN_POINT('',(50.0474090874195,-10.3045703470707,0.));
#14228=CARTESIAN_POINT('Ctrl Pts',(50.0474090874195,-10.3045703470707,0.02));
#14229=CARTESIAN_POINT('Ctrl Pts',(50.0238333121353,-10.3499321492483,0.02));
#14230=CARTESIAN_POINT('Ctrl Pts',(49.9762943262549,-10.4414012121842,0.02));
#14231=CARTESIAN_POINT('Ctrl Pts',(49.9698335564758,-10.5443076869486,0.02));
#14232=CARTESIAN_POINT('Ctrl Pts',(49.9665768444538,-10.5961802601814,0.02));
#14233=CARTESIAN_POINT('Ctrl Pts',(50.2847893536091,-10.0978854298592,0.));
#14234=CARTESIAN_POINT('Ctrl Pts',(50.2847893536091,-10.0978854298592,0.02));
#14235=CARTESIAN_POINT('Ctrl Pts',(50.236201023098,-10.1244673687888,0.));
#14236=CARTESIAN_POINT('Ctrl Pts',(50.236201023098,-10.1244673687888,0.02));
#14237=CARTESIAN_POINT('Ctrl Pts',(50.1418803469863,-10.1760687806057,0.));
#14238=CARTESIAN_POINT('Ctrl Pts',(50.1418803469863,-10.1760687806057,0.02));
#14239=CARTESIAN_POINT('Ctrl Pts',(50.0782573493064,-10.2626099668094,0.));
#14240=CARTESIAN_POINT('Ctrl Pts',(50.0782573493064,-10.2626099668094,0.02));
#14241=CARTESIAN_POINT('Ctrl Pts',(50.0474090874195,-10.3045703470707,0.));
#14242=CARTESIAN_POINT('Ctrl Pts',(50.0474090874195,-10.3045703470707,0.02));
#14243=CARTESIAN_POINT('',(50.2847893536091,-10.0978854298592,0.));
#14244=CARTESIAN_POINT('Ctrl Pts',(50.2847893536091,-10.0978854298592,0.));
#14245=CARTESIAN_POINT('Ctrl Pts',(50.236201023098,-10.1244673687888,0.));
#14246=CARTESIAN_POINT('Ctrl Pts',(50.1418803469863,-10.1760687806057,0.));
#14247=CARTESIAN_POINT('Ctrl Pts',(50.0782573493064,-10.2626099668094,0.));
#14248=CARTESIAN_POINT('Ctrl Pts',(50.0474090874195,-10.3045703470707,0.));
#14249=CARTESIAN_POINT('',(50.2847893536091,-10.0978854298592,0.02));
#14250=CARTESIAN_POINT('',(50.2847893536091,-10.0978854298592,0.));
#14251=CARTESIAN_POINT('Ctrl Pts',(50.2847893536091,-10.0978854298592,0.02));
#14252=CARTESIAN_POINT('Ctrl Pts',(50.236201023098,-10.1244673687888,0.02));
#14253=CARTESIAN_POINT('Ctrl Pts',(50.1418803469863,-10.1760687806057,0.02));
#14254=CARTESIAN_POINT('Ctrl Pts',(50.0782573493064,-10.2626099668094,0.02));
#14255=CARTESIAN_POINT('Ctrl Pts',(50.0474090874195,-10.3045703470707,0.02));
#14256=CARTESIAN_POINT('Ctrl Pts',(50.8465220034122,-9.92087304592133,0.));
#14257=CARTESIAN_POINT('Ctrl Pts',(50.8465220034122,-9.92087304592133,0.02));
#14258=CARTESIAN_POINT('Ctrl Pts',(50.7312299787809,-9.94975311263479,0.));
#14259=CARTESIAN_POINT('Ctrl Pts',(50.7312299787809,-9.94975311263479,0.02));
#14260=CARTESIAN_POINT('Ctrl Pts',(50.5403495717798,-9.99756768529159,0.));
#14261=CARTESIAN_POINT('Ctrl Pts',(50.5403495717798,-9.99756768529159,0.02));
#14262=CARTESIAN_POINT('Ctrl Pts',(50.3572833351188,-10.0694286036292,0.));
#14263=CARTESIAN_POINT('Ctrl Pts',(50.3572833351188,-10.0694286036292,0.02));
#14264=CARTESIAN_POINT('Ctrl Pts',(50.2847893536091,-10.0978854298592,0.));
#14265=CARTESIAN_POINT('Ctrl Pts',(50.2847893536091,-10.0978854298592,0.02));
#14266=CARTESIAN_POINT('',(50.8465220034122,-9.92087304592133,0.));
#14267=CARTESIAN_POINT('Ctrl Pts',(50.8465220034122,-9.92087304592133,0.));
#14268=CARTESIAN_POINT('Ctrl Pts',(50.7312299787809,-9.94975311263479,0.));
#14269=CARTESIAN_POINT('Ctrl Pts',(50.5403495717798,-9.99756768529159,0.));
#14270=CARTESIAN_POINT('Ctrl Pts',(50.3572833351188,-10.0694286036292,0.));
#14271=CARTESIAN_POINT('Ctrl Pts',(50.2847893536091,-10.0978854298592,0.));
#14272=CARTESIAN_POINT('',(50.8465220034122,-9.92087304592133,0.02));
#14273=CARTESIAN_POINT('',(50.8465220034122,-9.92087304592133,0.));
#14274=CARTESIAN_POINT('Ctrl Pts',(50.8465220034122,-9.92087304592133,0.02));
#14275=CARTESIAN_POINT('Ctrl Pts',(50.7312299787809,-9.94975311263479,0.02));
#14276=CARTESIAN_POINT('Ctrl Pts',(50.5403495717798,-9.99756768529159,0.02));
#14277=CARTESIAN_POINT('Ctrl Pts',(50.3572833351188,-10.0694286036292,0.02));
#14278=CARTESIAN_POINT('Ctrl Pts',(50.2847893536091,-10.0978854298592,0.02));
#14279=CARTESIAN_POINT('Ctrl Pts',(51.2230570614338,-9.79604363441467,0.));
#14280=CARTESIAN_POINT('Ctrl Pts',(51.2230570614338,-9.79604363441467,0.02));
#14281=CARTESIAN_POINT('Ctrl Pts',(51.1794145848275,-9.81564238291095,0.));
#14282=CARTESIAN_POINT('Ctrl Pts',(51.1794145848275,-9.81564238291095,0.02));
#14283=CARTESIAN_POINT('Ctrl Pts',(51.0583756692986,-9.86999794309411,0.));
#14284=CARTESIAN_POINT('Ctrl Pts',(51.0583756692986,-9.86999794309411,0.02));
#14285=CARTESIAN_POINT('Ctrl Pts',(50.9291520335177,-9.90103005070743,0.));
#14286=CARTESIAN_POINT('Ctrl Pts',(50.9291520335177,-9.90103005070743,0.02));
#14287=CARTESIAN_POINT('Ctrl Pts',(50.8465220034122,-9.92087304592133,0.));
#14288=CARTESIAN_POINT('Ctrl Pts',(50.8465220034122,-9.92087304592133,0.02));
#14289=CARTESIAN_POINT('',(51.2230570614338,-9.79604363441467,0.));
#14290=CARTESIAN_POINT('Ctrl Pts',(51.2230570614338,-9.79604363441467,0.));
#14291=CARTESIAN_POINT('Ctrl Pts',(51.1794145848275,-9.81564238291095,0.));
#14292=CARTESIAN_POINT('Ctrl Pts',(51.0583756692986,-9.86999794309411,0.));
#14293=CARTESIAN_POINT('Ctrl Pts',(50.9291520335177,-9.90103005070743,0.));
#14294=CARTESIAN_POINT('Ctrl Pts',(50.8465220034122,-9.92087304592133,0.));
#14295=CARTESIAN_POINT('',(51.2230570614338,-9.79604363441467,0.02));
#14296=CARTESIAN_POINT('',(51.2230570614338,-9.79604363441467,0.));
#14297=CARTESIAN_POINT('Ctrl Pts',(51.2230570614338,-9.79604363441467,0.02));
#14298=CARTESIAN_POINT('Ctrl Pts',(51.1794145848275,-9.81564238291095,0.02));
#14299=CARTESIAN_POINT('Ctrl Pts',(51.0583756692986,-9.86999794309411,0.02));
#14300=CARTESIAN_POINT('Ctrl Pts',(50.9291520335177,-9.90103005070743,0.02));
#14301=CARTESIAN_POINT('Ctrl Pts',(50.8465220034122,-9.92087304592133,0.02));
#14302=CARTESIAN_POINT('Ctrl Pts',(51.3315154612064,-9.59959089756012,0.));
#14303=CARTESIAN_POINT('Ctrl Pts',(51.3315154612064,-9.59959089756012,0.02));
#14304=CARTESIAN_POINT('Ctrl Pts',(51.3267808682115,-9.63912459907198,0.));
#14305=CARTESIAN_POINT('Ctrl Pts',(51.3267808682115,-9.63912459907198,0.02));
#14306=CARTESIAN_POINT('Ctrl Pts',(51.3171953582325,-9.71916330371941,0.));
#14307=CARTESIAN_POINT('Ctrl Pts',(51.3171953582325,-9.71916330371941,0.02));
#14308=CARTESIAN_POINT('Ctrl Pts',(51.2546893388636,-9.77021036536109,0.));
#14309=CARTESIAN_POINT('Ctrl Pts',(51.2546893388636,-9.77021036536109,0.02));
#14310=CARTESIAN_POINT('Ctrl Pts',(51.2230570614338,-9.79604363441467,0.));
#14311=CARTESIAN_POINT('Ctrl Pts',(51.2230570614338,-9.79604363441467,0.02));
#14312=CARTESIAN_POINT('',(51.3315154612064,-9.59959089756012,0.));
#14313=CARTESIAN_POINT('Ctrl Pts',(51.3315154612064,-9.59959089756012,0.));
#14314=CARTESIAN_POINT('Ctrl Pts',(51.3267808682115,-9.63912459907198,0.));
#14315=CARTESIAN_POINT('Ctrl Pts',(51.3171953582325,-9.71916330371941,0.));
#14316=CARTESIAN_POINT('Ctrl Pts',(51.2546893388636,-9.77021036536109,0.));
#14317=CARTESIAN_POINT('Ctrl Pts',(51.2230570614338,-9.79604363441467,0.));
#14318=CARTESIAN_POINT('',(51.3315154612064,-9.59959089756012,0.02));
#14319=CARTESIAN_POINT('',(51.3315154612064,-9.59959089756012,0.));
#14320=CARTESIAN_POINT('Ctrl Pts',(51.3315154612064,-9.59959089756012,0.02));
#14321=CARTESIAN_POINT('Ctrl Pts',(51.3267808682115,-9.63912459907198,0.02));
#14322=CARTESIAN_POINT('Ctrl Pts',(51.3171953582325,-9.71916330371941,0.02));
#14323=CARTESIAN_POINT('Ctrl Pts',(51.2546893388636,-9.77021036536109,0.02));
#14324=CARTESIAN_POINT('Ctrl Pts',(51.2230570614338,-9.79604363441467,0.02));
#14325=CARTESIAN_POINT('Ctrl Pts',(51.2087322771549,-9.35709416866302,0.));
#14326=CARTESIAN_POINT('Ctrl Pts',(51.2087322771549,-9.35709416866302,0.02));
#14327=CARTESIAN_POINT('Ctrl Pts',(51.2445260521551,-9.39200546044834,0.));
#14328=CARTESIAN_POINT('Ctrl Pts',(51.2445260521551,-9.39200546044834,0.02));
#14329=CARTESIAN_POINT('Ctrl Pts',(51.3132902859458,-9.45907433569981,0.));
#14330=CARTESIAN_POINT('Ctrl Pts',(51.3132902859458,-9.45907433569981,0.02));
#14331=CARTESIAN_POINT('Ctrl Pts',(51.3256089963159,-9.55405190398121,0.));
#14332=CARTESIAN_POINT('Ctrl Pts',(51.3256089963159,-9.55405190398121,0.02));
#14333=CARTESIAN_POINT('Ctrl Pts',(51.3315154612064,-9.59959089756012,0.));
#14334=CARTESIAN_POINT('Ctrl Pts',(51.3315154612064,-9.59959089756012,0.02));
#14335=CARTESIAN_POINT('',(51.2087322771549,-9.35709416866302,0.));
#14336=CARTESIAN_POINT('Ctrl Pts',(51.2087322771549,-9.35709416866302,0.));
#14337=CARTESIAN_POINT('Ctrl Pts',(51.2445260521551,-9.39200546044834,0.));
#14338=CARTESIAN_POINT('Ctrl Pts',(51.3132902859458,-9.45907433569981,0.));
#14339=CARTESIAN_POINT('Ctrl Pts',(51.3256089963159,-9.55405190398121,0.));
#14340=CARTESIAN_POINT('Ctrl Pts',(51.3315154612064,-9.59959089756012,0.));
#14341=CARTESIAN_POINT('',(51.2087322771549,-9.35709416866302,0.02));
#14342=CARTESIAN_POINT('',(51.2087322771549,-9.35709416866302,0.));
#14343=CARTESIAN_POINT('Ctrl Pts',(51.2087322771549,-9.35709416866302,0.02));
#14344=CARTESIAN_POINT('Ctrl Pts',(51.2445260521551,-9.39200546044834,0.02));
#14345=CARTESIAN_POINT('Ctrl Pts',(51.3132902859458,-9.45907433569981,0.02));
#14346=CARTESIAN_POINT('Ctrl Pts',(51.3256089963159,-9.55405190398121,0.02));
#14347=CARTESIAN_POINT('Ctrl Pts',(51.3315154612064,-9.59959089756012,0.02));
#14348=CARTESIAN_POINT('Ctrl Pts',(50.8321972191334,-9.25375163555145,0.));
#14349=CARTESIAN_POINT('Ctrl Pts',(50.8321972191334,-9.25375163555145,0.02));
#14350=CARTESIAN_POINT('Ctrl Pts',(50.9079125217761,-9.25549313160777,0.));
#14351=CARTESIAN_POINT('Ctrl Pts',(50.9079125217761,-9.25549313160777,0.02));
#14352=CARTESIAN_POINT('Ctrl Pts',(51.0427561027377,-9.25859461250089,0.));
#14353=CARTESIAN_POINT('Ctrl Pts',(51.0427561027377,-9.25859461250089,0.02));
#14354=CARTESIAN_POINT('Ctrl Pts',(51.1581378998486,-9.32706863200712,0.));
#14355=CARTESIAN_POINT('Ctrl Pts',(51.1581378998486,-9.32706863200712,0.02));
#14356=CARTESIAN_POINT('Ctrl Pts',(51.2087322771549,-9.35709416866302,0.));
#14357=CARTESIAN_POINT('Ctrl Pts',(51.2087322771549,-9.35709416866302,0.02));
#14358=CARTESIAN_POINT('',(50.8321972191334,-9.25375163555145,0.));
#14359=CARTESIAN_POINT('Ctrl Pts',(50.8321972191334,-9.25375163555145,0.));
#14360=CARTESIAN_POINT('Ctrl Pts',(50.9079125217761,-9.25549313160777,0.));
#14361=CARTESIAN_POINT('Ctrl Pts',(51.0427561027377,-9.25859461250089,0.));
#14362=CARTESIAN_POINT('Ctrl Pts',(51.1581378998486,-9.32706863200712,0.));
#14363=CARTESIAN_POINT('Ctrl Pts',(51.2087322771549,-9.35709416866302,0.));
#14364=CARTESIAN_POINT('',(50.8321972191334,-9.25375163555145,0.02));
#14365=CARTESIAN_POINT('',(50.8321972191334,-9.25375163555145,0.));
#14366=CARTESIAN_POINT('Ctrl Pts',(50.8321972191334,-9.25375163555145,0.02));
#14367=CARTESIAN_POINT('Ctrl Pts',(50.9079125217761,-9.25549313160777,0.02));
#14368=CARTESIAN_POINT('Ctrl Pts',(51.0427561027377,-9.25859461250089,0.02));
#14369=CARTESIAN_POINT('Ctrl Pts',(51.1581378998486,-9.32706863200712,0.02));
#14370=CARTESIAN_POINT('Ctrl Pts',(51.2087322771549,-9.35709416866302,0.02));
#14371=CARTESIAN_POINT('Ctrl Pts',(50.4403145611286,-9.37039583921432,0.));
#14372=CARTESIAN_POINT('Ctrl Pts',(50.4403145611286,-9.37039583921432,0.02));
#14373=CARTESIAN_POINT('Ctrl Pts',(50.4948268352902,-9.33644272890989,0.));
#14374=CARTESIAN_POINT('Ctrl Pts',(50.4948268352902,-9.33644272890989,0.02));
#14375=CARTESIAN_POINT('Ctrl Pts',(50.6142811371884,-9.2620403094352,0.));
#14376=CARTESIAN_POINT('Ctrl Pts',(50.6142811371884,-9.2620403094352,0.02));
#14377=CARTESIAN_POINT('Ctrl Pts',(50.7554499635565,-9.2566708004303,0.));
#14378=CARTESIAN_POINT('Ctrl Pts',(50.7554499635565,-9.2566708004303,0.02));
#14379=CARTESIAN_POINT('Ctrl Pts',(50.8321972191334,-9.25375163555145,0.));
#14380=CARTESIAN_POINT('Ctrl Pts',(50.8321972191334,-9.25375163555145,0.02));
#14381=CARTESIAN_POINT('',(50.4403145611286,-9.37039583921432,0.));
#14382=CARTESIAN_POINT('Ctrl Pts',(50.4403145611286,-9.37039583921432,0.));
#14383=CARTESIAN_POINT('Ctrl Pts',(50.4948268352902,-9.33644272890989,0.));
#14384=CARTESIAN_POINT('Ctrl Pts',(50.6142811371884,-9.2620403094352,0.));
#14385=CARTESIAN_POINT('Ctrl Pts',(50.7554499635565,-9.2566708004303,0.));
#14386=CARTESIAN_POINT('Ctrl Pts',(50.8321972191334,-9.25375163555145,0.));
#14387=CARTESIAN_POINT('',(50.4403145611286,-9.37039583921432,0.02));
#14388=CARTESIAN_POINT('',(50.4403145611286,-9.37039583921432,0.));
#14389=CARTESIAN_POINT('Ctrl Pts',(50.4403145611286,-9.37039583921432,0.02));
#14390=CARTESIAN_POINT('Ctrl Pts',(50.4948268352902,-9.33644272890989,0.02));
#14391=CARTESIAN_POINT('Ctrl Pts',(50.6142811371884,-9.2620403094352,0.02));
#14392=CARTESIAN_POINT('Ctrl Pts',(50.7554499635565,-9.2566708004303,0.02));
#14393=CARTESIAN_POINT('Ctrl Pts',(50.8321972191334,-9.25375163555145,0.02));
#14394=CARTESIAN_POINT('Ctrl Pts',(50.2694417536259,-9.7060027718544,0.));
#14395=CARTESIAN_POINT('Ctrl Pts',(50.2694417536259,-9.7060027718544,0.02));
#14396=CARTESIAN_POINT('Ctrl Pts',(50.2828813250879,-9.63845339279077,0.));
#14397=CARTESIAN_POINT('Ctrl Pts',(50.2828813250879,-9.63845339279077,0.02));
#14398=CARTESIAN_POINT('Ctrl Pts',(50.3084037359611,-9.5101737812304,0.));
#14399=CARTESIAN_POINT('Ctrl Pts',(50.3084037359611,-9.5101737812304,0.02));
#14400=CARTESIAN_POINT('Ctrl Pts',(50.3979306571514,-9.41530750484158,0.));
#14401=CARTESIAN_POINT('Ctrl Pts',(50.3979306571514,-9.41530750484158,0.02));
#14402=CARTESIAN_POINT('Ctrl Pts',(50.4403145611286,-9.37039583921432,0.));
#14403=CARTESIAN_POINT('Ctrl Pts',(50.4403145611286,-9.37039583921432,0.02));
#14404=CARTESIAN_POINT('',(50.2694417536259,-9.7060027718544,0.));
#14405=CARTESIAN_POINT('Ctrl Pts',(50.2694417536259,-9.7060027718544,0.));
#14406=CARTESIAN_POINT('Ctrl Pts',(50.2828813250879,-9.63845339279077,0.));
#14407=CARTESIAN_POINT('Ctrl Pts',(50.3084037359611,-9.5101737812304,0.));
#14408=CARTESIAN_POINT('Ctrl Pts',(50.3979306571514,-9.41530750484158,0.));
#14409=CARTESIAN_POINT('Ctrl Pts',(50.4403145611286,-9.37039583921432,0.));
#14410=CARTESIAN_POINT('',(50.2694417536259,-9.7060027718544,0.02));
#14411=CARTESIAN_POINT('',(50.2694417536259,-9.7060027718544,0.));
#14412=CARTESIAN_POINT('Ctrl Pts',(50.2694417536259,-9.7060027718544,0.02));
#14413=CARTESIAN_POINT('Ctrl Pts',(50.2828813250879,-9.63845339279077,0.02));
#14414=CARTESIAN_POINT('Ctrl Pts',(50.3084037359611,-9.5101737812304,0.02));
#14415=CARTESIAN_POINT('Ctrl Pts',(50.3979306571514,-9.41530750484158,0.02));
#14416=CARTESIAN_POINT('Ctrl Pts',(50.4403145611286,-9.37039583921432,0.02));
#14417=CARTESIAN_POINT('Origin',(49.9051852524281,-9.64870393276215,0.));
#14418=CARTESIAN_POINT('',(49.9051852524281,-9.64870393276215,0.));
#14419=CARTESIAN_POINT('',(40.8923426703923,-8.23095184000969,0.));
#14420=CARTESIAN_POINT('',(49.9051852524281,-9.64870393276215,0.02));
#14421=CARTESIAN_POINT('',(49.9051852524281,-9.64870393276215,0.));
#14422=CARTESIAN_POINT('',(49.9051852524281,-9.64870393276215,0.02));
#14423=CARTESIAN_POINT('Ctrl Pts',(50.1886095106602,-9.12687599658966,0.));
#14424=CARTESIAN_POINT('Ctrl Pts',(50.1886095106602,-9.12687599658966,0.02));
#14425=CARTESIAN_POINT('Ctrl Pts',(50.1207993887746,-9.19568639280812,0.));
#14426=CARTESIAN_POINT('Ctrl Pts',(50.1207993887746,-9.19568639280812,0.02));
#14427=CARTESIAN_POINT('Ctrl Pts',(49.976669600214,-9.34194225523643,0.));
#14428=CARTESIAN_POINT('Ctrl Pts',(49.976669600214,-9.34194225523643,0.02));
#14429=CARTESIAN_POINT('Ctrl Pts',(49.9299331547972,-9.54250294917424,0.));
#14430=CARTESIAN_POINT('Ctrl Pts',(49.9299331547972,-9.54250294917424,0.02));
#14431=CARTESIAN_POINT('Ctrl Pts',(49.9051852524281,-9.64870393276215,0.));
#14432=CARTESIAN_POINT('Ctrl Pts',(49.9051852524281,-9.64870393276215,0.02));
#14433=CARTESIAN_POINT('Ctrl Pts',(50.1886095106602,-9.12687599658966,0.));
#14434=CARTESIAN_POINT('Ctrl Pts',(50.1207993887746,-9.19568639280812,0.));
#14435=CARTESIAN_POINT('Ctrl Pts',(49.976669600214,-9.34194225523643,0.));
#14436=CARTESIAN_POINT('Ctrl Pts',(49.9299331547972,-9.54250294917424,0.));
#14437=CARTESIAN_POINT('Ctrl Pts',(49.9051852524281,-9.64870393276215,0.));
#14438=CARTESIAN_POINT('Ctrl Pts',(50.1886095106602,-9.12687599658966,0.02));
#14439=CARTESIAN_POINT('Ctrl Pts',(50.1207993887746,-9.19568639280812,0.02));
#14440=CARTESIAN_POINT('Ctrl Pts',(49.976669600214,-9.34194225523643,0.02));
#14441=CARTESIAN_POINT('Ctrl Pts',(49.9299331547972,-9.54250294917424,0.02));
#14442=CARTESIAN_POINT('Ctrl Pts',(49.9051852524281,-9.64870393276215,0.02));
#14443=CARTESIAN_POINT('Origin',(52.9563443362713,-8.13437923789024,0.02));
#14444=CARTESIAN_POINT('Ctrl Pts',(47.6869036257267,-10.9195090830326,0.));
#14445=CARTESIAN_POINT('Ctrl Pts',(47.6869036257267,-10.9195090830326,0.02));
#14446=CARTESIAN_POINT('Ctrl Pts',(47.6060684149947,-10.9128024154306,0.));
#14447=CARTESIAN_POINT('Ctrl Pts',(47.6060684149947,-10.9128024154306,0.02));
#14448=CARTESIAN_POINT('Ctrl Pts',(47.4464466940701,-10.8995590550855,0.));
#14449=CARTESIAN_POINT('Ctrl Pts',(47.4464466940701,-10.8995590550855,0.02));
#14450=CARTESIAN_POINT('Ctrl Pts',(47.3217706483943,-10.7991963701045,0.));
#14451=CARTESIAN_POINT('Ctrl Pts',(47.3217706483943,-10.7991963701045,0.02));
#14452=CARTESIAN_POINT('Ctrl Pts',(47.2602327167988,-10.7496590912342,0.));
#14453=CARTESIAN_POINT('Ctrl Pts',(47.2602327167988,-10.7496590912342,0.02));
#14454=CARTESIAN_POINT('',(47.6869036257267,-10.9195090830326,0.));
#14455=CARTESIAN_POINT('',(47.2602327167988,-10.7496590912342,0.));
#14456=CARTESIAN_POINT('Ctrl Pts',(47.6869036257267,-10.9195090830326,0.));
#14457=CARTESIAN_POINT('Ctrl Pts',(47.6060684149947,-10.9128024154306,0.));
#14458=CARTESIAN_POINT('Ctrl Pts',(47.4464466940701,-10.8995590550855,0.));
#14459=CARTESIAN_POINT('Ctrl Pts',(47.3217706483943,-10.7991963701045,0.));
#14460=CARTESIAN_POINT('Ctrl Pts',(47.2602327167988,-10.7496590912342,0.));
#14461=CARTESIAN_POINT('',(47.6869036257267,-10.9195090830326,0.02));
#14462=CARTESIAN_POINT('',(47.6869036257267,-10.9195090830326,0.));
#14463=CARTESIAN_POINT('',(47.2602327167988,-10.7496590912342,0.02));
#14464=CARTESIAN_POINT('Ctrl Pts',(47.6869036257267,-10.9195090830326,0.02));
#14465=CARTESIAN_POINT('Ctrl Pts',(47.6060684149947,-10.9128024154306,0.02));
#14466=CARTESIAN_POINT('Ctrl Pts',(47.4464466940701,-10.8995590550855,0.02));
#14467=CARTESIAN_POINT('Ctrl Pts',(47.3217706483943,-10.7991963701045,0.02));
#14468=CARTESIAN_POINT('Ctrl Pts',(47.2602327167988,-10.7496590912342,0.02));
#14469=CARTESIAN_POINT('',(47.2602327167988,-10.7496590912342,0.));
#14470=CARTESIAN_POINT('Ctrl Pts',(48.1432475149632,-10.7066850364208,0.));
#14471=CARTESIAN_POINT('Ctrl Pts',(48.1432475149632,-10.7066850364208,0.02));
#14472=CARTESIAN_POINT('Ctrl Pts',(48.0800338228811,-10.7687583441078,0.));
#14473=CARTESIAN_POINT('Ctrl Pts',(48.0800338228811,-10.7687583441078,0.02));
#14474=CARTESIAN_POINT('Ctrl Pts',(47.9530530077546,-10.8934484064675,0.));
#14475=CARTESIAN_POINT('Ctrl Pts',(47.9530530077546,-10.8934484064675,0.02));
#14476=CARTESIAN_POINT('Ctrl Pts',(47.7758774859672,-10.9107969869277,0.));
#14477=CARTESIAN_POINT('Ctrl Pts',(47.7758774859672,-10.9107969869277,0.02));
#14478=CARTESIAN_POINT('Ctrl Pts',(47.6869036257267,-10.9195090830326,0.));
#14479=CARTESIAN_POINT('Ctrl Pts',(47.6869036257267,-10.9195090830326,0.02));
#14480=CARTESIAN_POINT('',(48.1432475149632,-10.7066850364208,0.));
#14481=CARTESIAN_POINT('Ctrl Pts',(48.1432475149632,-10.7066850364208,0.));
#14482=CARTESIAN_POINT('Ctrl Pts',(48.0800338228811,-10.7687583441078,0.));
#14483=CARTESIAN_POINT('Ctrl Pts',(47.9530530077546,-10.8934484064675,0.));
#14484=CARTESIAN_POINT('Ctrl Pts',(47.7758774859672,-10.9107969869277,0.));
#14485=CARTESIAN_POINT('Ctrl Pts',(47.6869036257267,-10.9195090830326,0.));
#14486=CARTESIAN_POINT('',(48.1432475149632,-10.7066850364208,0.02));
#14487=CARTESIAN_POINT('',(48.1432475149632,-10.7066850364208,0.));
#14488=CARTESIAN_POINT('Ctrl Pts',(48.1432475149632,-10.7066850364208,0.02));
#14489=CARTESIAN_POINT('Ctrl Pts',(48.0800338228811,-10.7687583441078,0.02));
#14490=CARTESIAN_POINT('Ctrl Pts',(47.9530530077546,-10.8934484064675,0.02));
#14491=CARTESIAN_POINT('Ctrl Pts',(47.7758774859672,-10.9107969869277,0.02));
#14492=CARTESIAN_POINT('Ctrl Pts',(47.6869036257267,-10.9195090830326,0.02));
#14493=CARTESIAN_POINT('Ctrl Pts',(48.2824017107487,-10.2953617274761,0.));
#14494=CARTESIAN_POINT('Ctrl Pts',(48.2824017107487,-10.2953617274761,0.02));
#14495=CARTESIAN_POINT('Ctrl Pts',(48.2730858085687,-10.3776198960981,0.));
#14496=CARTESIAN_POINT('Ctrl Pts',(48.2730858085687,-10.3776198960981,0.02));
#14497=CARTESIAN_POINT('Ctrl Pts',(48.256357235776,-10.5253309534931,0.));
#14498=CARTESIAN_POINT('Ctrl Pts',(48.256357235776,-10.5253309534931,0.02));
#14499=CARTESIAN_POINT('Ctrl Pts',(48.1779783318231,-10.6509995003263,0.));
#14500=CARTESIAN_POINT('Ctrl Pts',(48.1779783318231,-10.6509995003263,0.02));
#14501=CARTESIAN_POINT('Ctrl Pts',(48.1432475149632,-10.7066850364208,0.));
#14502=CARTESIAN_POINT('Ctrl Pts',(48.1432475149632,-10.7066850364208,0.02));
#14503=CARTESIAN_POINT('',(48.2824017107487,-10.2953617274761,0.));
#14504=CARTESIAN_POINT('Ctrl Pts',(48.2824017107487,-10.2953617274761,0.));
#14505=CARTESIAN_POINT('Ctrl Pts',(48.2730858085687,-10.3776198960981,0.));
#14506=CARTESIAN_POINT('Ctrl Pts',(48.256357235776,-10.5253309534931,0.));
#14507=CARTESIAN_POINT('Ctrl Pts',(48.1779783318231,-10.6509995003263,0.));
#14508=CARTESIAN_POINT('Ctrl Pts',(48.1432475149632,-10.7066850364208,0.));
#14509=CARTESIAN_POINT('',(48.2824017107487,-10.2953617274761,0.02));
#14510=CARTESIAN_POINT('',(48.2824017107487,-10.2953617274761,0.));
#14511=CARTESIAN_POINT('Ctrl Pts',(48.2824017107487,-10.2953617274761,0.02));
#14512=CARTESIAN_POINT('Ctrl Pts',(48.2730858085687,-10.3776198960981,0.02));
#14513=CARTESIAN_POINT('Ctrl Pts',(48.256357235776,-10.5253309534931,0.02));
#14514=CARTESIAN_POINT('Ctrl Pts',(48.1779783318231,-10.6509995003263,0.02));
#14515=CARTESIAN_POINT('Ctrl Pts',(48.1432475149632,-10.7066850364208,0.02));
#14516=CARTESIAN_POINT('Origin',(47.0688958466053,-10.2953617274761,0.));
#14517=CARTESIAN_POINT('',(47.0688958466053,-10.2953617274761,0.));
#14518=CARTESIAN_POINT('',(37.9344479233027,-10.2953617274761,0.));
#14519=CARTESIAN_POINT('',(47.0688958466053,-10.2953617274761,0.02));
#14520=CARTESIAN_POINT('',(47.0688958466053,-10.2953617274761,0.));
#14521=CARTESIAN_POINT('',(47.0688958466053,-10.2953617274761,0.02));
#14522=CARTESIAN_POINT('Ctrl Pts',(47.2602327167988,-10.7496590912342,0.));
#14523=CARTESIAN_POINT('Ctrl Pts',(47.2602327167988,-10.7496590912342,0.02));
#14524=CARTESIAN_POINT('Ctrl Pts',(47.2089296167544,-10.6863120392389,0.));
#14525=CARTESIAN_POINT('Ctrl Pts',(47.2089296167544,-10.6863120392389,0.02));
#14526=CARTESIAN_POINT('Ctrl Pts',(47.1015237619326,-10.5536915101849,0.));
#14527=CARTESIAN_POINT('Ctrl Pts',(47.1015237619326,-10.5536915101849,0.02));
#14528=CARTESIAN_POINT('Ctrl Pts',(47.0800910731869,-10.3839993379759,0.));
#14529=CARTESIAN_POINT('Ctrl Pts',(47.0800910731869,-10.3839993379759,0.02));
#14530=CARTESIAN_POINT('Ctrl Pts',(47.0688958466053,-10.2953617274761,0.));
#14531=CARTESIAN_POINT('Ctrl Pts',(47.0688958466053,-10.2953617274761,0.02));
#14532=CARTESIAN_POINT('Ctrl Pts',(47.2602327167988,-10.7496590912342,0.));
#14533=CARTESIAN_POINT('Ctrl Pts',(47.2089296167544,-10.6863120392389,0.));
#14534=CARTESIAN_POINT('Ctrl Pts',(47.1015237619326,-10.5536915101849,0.));
#14535=CARTESIAN_POINT('Ctrl Pts',(47.0800910731869,-10.3839993379759,0.));
#14536=CARTESIAN_POINT('Ctrl Pts',(47.0688958466053,-10.2953617274761,0.));
#14537=CARTESIAN_POINT('Ctrl Pts',(47.2602327167988,-10.7496590912342,0.02));
#14538=CARTESIAN_POINT('Ctrl Pts',(47.2089296167544,-10.6863120392389,0.02));
#14539=CARTESIAN_POINT('Ctrl Pts',(47.1015237619326,-10.5536915101849,0.02));
#14540=CARTESIAN_POINT('Ctrl Pts',(47.0800910731869,-10.3839993379759,0.02));
#14541=CARTESIAN_POINT('Ctrl Pts',(47.0688958466053,-10.2953617274761,0.02));
#14542=CARTESIAN_POINT('Ctrl Pts',(47.7053214609623,-9.25375163555145,0.));
#14543=CARTESIAN_POINT('Ctrl Pts',(47.7053214609623,-9.25375163555145,0.02));
#14544=CARTESIAN_POINT('Ctrl Pts',(47.7694989430524,-9.2575467047135,0.));
#14545=CARTESIAN_POINT('Ctrl Pts',(47.7694989430524,-9.2575467047135,0.02));
#14546=CARTESIAN_POINT('Ctrl Pts',(47.8936083753,-9.26488578788882,0.));
#14547=CARTESIAN_POINT('Ctrl Pts',(47.8936083753,-9.26488578788882,0.02));
#14548=CARTESIAN_POINT('Ctrl Pts',(47.9998543629588,-9.32913710360313,0.));
#14549=CARTESIAN_POINT('Ctrl Pts',(47.9998543629588,-9.32913710360313,0.02));
#14550=CARTESIAN_POINT('Ctrl Pts',(48.0511601269245,-9.36016380786896,0.));
#14551=CARTESIAN_POINT('Ctrl Pts',(48.0511601269245,-9.36016380786896,0.02));
#14552=CARTESIAN_POINT('',(47.7053214609623,-9.25375163555145,0.));
#14553=CARTESIAN_POINT('',(48.0511601269245,-9.36016380786896,0.));
#14554=CARTESIAN_POINT('Ctrl Pts',(47.7053214609623,-9.25375163555145,0.));
#14555=CARTESIAN_POINT('Ctrl Pts',(47.7694989430524,-9.2575467047135,0.));
#14556=CARTESIAN_POINT('Ctrl Pts',(47.8936083753,-9.26488578788882,0.));
#14557=CARTESIAN_POINT('Ctrl Pts',(47.9998543629588,-9.32913710360313,0.));
#14558=CARTESIAN_POINT('Ctrl Pts',(48.0511601269245,-9.36016380786896,0.));
#14559=CARTESIAN_POINT('',(47.7053214609623,-9.25375163555145,0.02));
#14560=CARTESIAN_POINT('',(47.7053214609623,-9.25375163555145,0.));
#14561=CARTESIAN_POINT('',(48.0511601269245,-9.36016380786896,0.02));
#14562=CARTESIAN_POINT('Ctrl Pts',(47.7053214609623,-9.25375163555145,0.02));
#14563=CARTESIAN_POINT('Ctrl Pts',(47.7694989430524,-9.2575467047135,0.02));
#14564=CARTESIAN_POINT('Ctrl Pts',(47.8936083753,-9.26488578788882,0.02));
#14565=CARTESIAN_POINT('Ctrl Pts',(47.9998543629588,-9.32913710360313,0.02));
#14566=CARTESIAN_POINT('Ctrl Pts',(48.0511601269245,-9.36016380786896,0.02));
#14567=CARTESIAN_POINT('',(48.0511601269245,-9.36016380786896,0.));
#14568=CARTESIAN_POINT('Ctrl Pts',(47.251023799181,-9.44406569004059,0.));
#14569=CARTESIAN_POINT('Ctrl Pts',(47.251023799181,-9.44406569004059,0.02));
#14570=CARTESIAN_POINT('Ctrl Pts',(47.3158969669279,-9.38855861629039,0.));
#14571=CARTESIAN_POINT('Ctrl Pts',(47.3158969669279,-9.38855861629039,0.02));
#14572=CARTESIAN_POINT('Ctrl Pts',(47.4468526969115,-9.27650968119639,0.));
#14573=CARTESIAN_POINT('Ctrl Pts',(47.4468526969115,-9.27650968119639,0.02));
#14574=CARTESIAN_POINT('Ctrl Pts',(47.6186363907956,-9.26138421270573,0.));
#14575=CARTESIAN_POINT('Ctrl Pts',(47.6186363907956,-9.26138421270573,0.02));
#14576=CARTESIAN_POINT('Ctrl Pts',(47.7053214609623,-9.25375163555145,0.));
#14577=CARTESIAN_POINT('Ctrl Pts',(47.7053214609623,-9.25375163555145,0.02));
#14578=CARTESIAN_POINT('',(47.251023799181,-9.44406569004059,0.));
#14579=CARTESIAN_POINT('Ctrl Pts',(47.251023799181,-9.44406569004059,0.));
#14580=CARTESIAN_POINT('Ctrl Pts',(47.3158969669279,-9.38855861629039,0.));
#14581=CARTESIAN_POINT('Ctrl Pts',(47.4468526969115,-9.27650968119639,0.));
#14582=CARTESIAN_POINT('Ctrl Pts',(47.6186363907956,-9.26138421270573,0.));
#14583=CARTESIAN_POINT('Ctrl Pts',(47.7053214609623,-9.25375163555145,0.));
#14584=CARTESIAN_POINT('',(47.251023799181,-9.44406569004059,0.02));
#14585=CARTESIAN_POINT('',(47.251023799181,-9.44406569004059,0.));
#14586=CARTESIAN_POINT('Ctrl Pts',(47.251023799181,-9.44406569004059,0.02));
#14587=CARTESIAN_POINT('Ctrl Pts',(47.3158969669279,-9.38855861629039,0.02));
#14588=CARTESIAN_POINT('Ctrl Pts',(47.4468526969115,-9.27650968119639,0.02));
#14589=CARTESIAN_POINT('Ctrl Pts',(47.6186363907956,-9.26138421270573,0.02));
#14590=CARTESIAN_POINT('Ctrl Pts',(47.7053214609623,-9.25375163555145,0.02));
#14591=CARTESIAN_POINT('Ctrl Pts',(47.0484317839146,-9.99249666929245,0.));
#14592=CARTESIAN_POINT('Ctrl Pts',(47.0484317839146,-9.99249666929245,0.02));
#14593=CARTESIAN_POINT('Ctrl Pts',(47.0590758479588,-9.88337600302435,0.));
#14594=CARTESIAN_POINT('Ctrl Pts',(47.0590758479588,-9.88337600302435,0.02));
#14595=CARTESIAN_POINT('Ctrl Pts',(47.0787146250653,-9.68204346371864,0.));
#14596=CARTESIAN_POINT('Ctrl Pts',(47.0787146250653,-9.68204346371864,0.02));
#14597=CARTESIAN_POINT('Ctrl Pts',(47.196895868215,-9.51882226972471,0.));
#14598=CARTESIAN_POINT('Ctrl Pts',(47.196895868215,-9.51882226972471,0.02));
#14599=CARTESIAN_POINT('Ctrl Pts',(47.251023799181,-9.44406569004059,0.));
#14600=CARTESIAN_POINT('Ctrl Pts',(47.251023799181,-9.44406569004059,0.02));
#14601=CARTESIAN_POINT('',(47.0484317839146,-9.99249666929245,0.));
#14602=CARTESIAN_POINT('Ctrl Pts',(47.0484317839146,-9.99249666929245,0.));
#14603=CARTESIAN_POINT('Ctrl Pts',(47.0590758479588,-9.88337600302435,0.));
#14604=CARTESIAN_POINT('Ctrl Pts',(47.0787146250653,-9.68204346371864,0.));
#14605=CARTESIAN_POINT('Ctrl Pts',(47.196895868215,-9.51882226972471,0.));
#14606=CARTESIAN_POINT('Ctrl Pts',(47.251023799181,-9.44406569004059,0.));
#14607=CARTESIAN_POINT('',(47.0484317839146,-9.99249666929245,0.02));
#14608=CARTESIAN_POINT('',(47.0484317839146,-9.99249666929245,0.));
#14609=CARTESIAN_POINT('Ctrl Pts',(47.0484317839146,-9.99249666929245,0.02));
#14610=CARTESIAN_POINT('Ctrl Pts',(47.0590758479588,-9.88337600302435,0.02));
#14611=CARTESIAN_POINT('Ctrl Pts',(47.0787146250653,-9.68204346371864,0.02));
#14612=CARTESIAN_POINT('Ctrl Pts',(47.196895868215,-9.51882226972471,0.02));
#14613=CARTESIAN_POINT('Ctrl Pts',(47.251023799181,-9.44406569004059,0.02));
#14614=CARTESIAN_POINT('Origin',(48.6691685020924,-9.99249666929245,0.));
#14615=CARTESIAN_POINT('',(48.6691685020924,-9.99249666929245,0.));
#14616=CARTESIAN_POINT('',(38.7345842510462,-9.99249666929245,0.));
#14617=CARTESIAN_POINT('',(48.6691685020924,-9.99249666929245,0.02));
#14618=CARTESIAN_POINT('',(48.6691685020924,-9.99249666929245,0.));
#14619=CARTESIAN_POINT('',(48.6691685020924,-9.99249666929245,0.02));
#14620=CARTESIAN_POINT('Ctrl Pts',(48.6712147295475,-10.0907230377197,0.));
#14621=CARTESIAN_POINT('Ctrl Pts',(48.6712147295475,-10.0907230377197,0.02));
#14622=CARTESIAN_POINT('Ctrl Pts',(48.6710845796608,-10.0770797320886,0.));
#14623=CARTESIAN_POINT('Ctrl Pts',(48.6710845796608,-10.0770797320886,0.02));
#14624=CARTESIAN_POINT('Ctrl Pts',(48.6707721679405,-10.0443303483674,0.));
#14625=CARTESIAN_POINT('Ctrl Pts',(48.6707721679405,-10.0443303483674,0.02));
#14626=CARTESIAN_POINT('Ctrl Pts',(48.6697593707078,-10.0115947215614,0.));
#14627=CARTESIAN_POINT('Ctrl Pts',(48.6697593707078,-10.0115947215614,0.02));
#14628=CARTESIAN_POINT('Ctrl Pts',(48.6691685020924,-9.99249666929245,0.));
#14629=CARTESIAN_POINT('Ctrl Pts',(48.6691685020924,-9.99249666929245,0.02));
#14630=CARTESIAN_POINT('',(48.6712147295475,-10.0907230377197,0.));
#14631=CARTESIAN_POINT('Ctrl Pts',(48.6712147295475,-10.0907230377197,0.));
#14632=CARTESIAN_POINT('Ctrl Pts',(48.6710845796608,-10.0770797320886,0.));
#14633=CARTESIAN_POINT('Ctrl Pts',(48.6707721679405,-10.0443303483674,0.));
#14634=CARTESIAN_POINT('Ctrl Pts',(48.6697593707078,-10.0115947215614,0.));
#14635=CARTESIAN_POINT('Ctrl Pts',(48.6691685020924,-9.99249666929245,0.));
#14636=CARTESIAN_POINT('',(48.6712147295475,-10.0907230377197,0.02));
#14637=CARTESIAN_POINT('',(48.6712147295475,-10.0907230377197,0.));
#14638=CARTESIAN_POINT('Ctrl Pts',(48.6712147295475,-10.0907230377197,0.02));
#14639=CARTESIAN_POINT('Ctrl Pts',(48.6710845796608,-10.0770797320886,0.02));
#14640=CARTESIAN_POINT('Ctrl Pts',(48.6707721679405,-10.0443303483674,0.02));
#14641=CARTESIAN_POINT('Ctrl Pts',(48.6697593707078,-10.0115947215614,0.02));
#14642=CARTESIAN_POINT('Ctrl Pts',(48.6691685020924,-9.99249666929245,0.02));
#14643=CARTESIAN_POINT('Ctrl Pts',(48.3949525654316,-10.9256482124329,0.));
#14644=CARTESIAN_POINT('Ctrl Pts',(48.3949525654316,-10.9256482124329,0.02));
#14645=CARTESIAN_POINT('Ctrl Pts',(48.475399011395,-10.8105742666661,0.));
#14646=CARTESIAN_POINT('Ctrl Pts',(48.475399011395,-10.8105742666661,0.02));
#14647=CARTESIAN_POINT('Ctrl Pts',(48.6499209634118,-10.5609308001217,0.));
#14648=CARTESIAN_POINT('Ctrl Pts',(48.6499209634118,-10.5609308001217,0.02));
#14649=CARTESIAN_POINT('Ctrl Pts',(48.6637566477049,-10.2554119871834,0.));
#14650=CARTESIAN_POINT('Ctrl Pts',(48.6637566477049,-10.2554119871834,0.02));
#14651=CARTESIAN_POINT('Ctrl Pts',(48.6712147295475,-10.0907230377197,0.));
#14652=CARTESIAN_POINT('Ctrl Pts',(48.6712147295475,-10.0907230377197,0.02));
#14653=CARTESIAN_POINT('',(48.3949525654316,-10.9256482124329,0.));
#14654=CARTESIAN_POINT('Ctrl Pts',(48.3949525654316,-10.9256482124329,0.));
#14655=CARTESIAN_POINT('Ctrl Pts',(48.475399011395,-10.8105742666661,0.));
#14656=CARTESIAN_POINT('Ctrl Pts',(48.6499209634118,-10.5609308001217,0.));
#14657=CARTESIAN_POINT('Ctrl Pts',(48.6637566477049,-10.2554119871834,0.));
#14658=CARTESIAN_POINT('Ctrl Pts',(48.6712147295475,-10.0907230377197,0.));
#14659=CARTESIAN_POINT('',(48.3949525654316,-10.9256482124329,0.02));
#14660=CARTESIAN_POINT('',(48.3949525654316,-10.9256482124329,0.));
#14661=CARTESIAN_POINT('Ctrl Pts',(48.3949525654316,-10.9256482124329,0.02));
#14662=CARTESIAN_POINT('Ctrl Pts',(48.475399011395,-10.8105742666661,0.02));
#14663=CARTESIAN_POINT('Ctrl Pts',(48.6499209634118,-10.5609308001217,0.02));
#14664=CARTESIAN_POINT('Ctrl Pts',(48.6637566477049,-10.2554119871834,0.02));
#14665=CARTESIAN_POINT('Ctrl Pts',(48.6712147295475,-10.0907230377197,0.02));
#14666=CARTESIAN_POINT('Ctrl Pts',(47.6828111708164,-11.2223739922047,0.));
#14667=CARTESIAN_POINT('Ctrl Pts',(47.6828111708164,-11.2223739922047,0.02));
#14668=CARTESIAN_POINT('Ctrl Pts',(47.8204617271445,-11.2110589645322,0.));
#14669=CARTESIAN_POINT('Ctrl Pts',(47.8204617271445,-11.2110589645322,0.02));
#14670=CARTESIAN_POINT('Ctrl Pts',(48.090218027186,-11.1888846989048,0.));
#14671=CARTESIAN_POINT('Ctrl Pts',(48.090218027186,-11.1888846989048,0.02));
#14672=CARTESIAN_POINT('Ctrl Pts',(48.2947759415486,-11.012183013015,0.));
#14673=CARTESIAN_POINT('Ctrl Pts',(48.2947759415486,-11.012183013015,0.02));
#14674=CARTESIAN_POINT('Ctrl Pts',(48.3949525654316,-10.9256482124329,0.));
#14675=CARTESIAN_POINT('Ctrl Pts',(48.3949525654316,-10.9256482124329,0.02));
#14676=CARTESIAN_POINT('',(47.6828111708164,-11.2223739922047,0.));
#14677=CARTESIAN_POINT('Ctrl Pts',(47.6828111708164,-11.2223739922047,0.));
#14678=CARTESIAN_POINT('Ctrl Pts',(47.8204617271445,-11.2110589645322,0.));
#14679=CARTESIAN_POINT('Ctrl Pts',(48.090218027186,-11.1888846989048,0.));
#14680=CARTESIAN_POINT('Ctrl Pts',(48.2947759415486,-11.012183013015,0.));
#14681=CARTESIAN_POINT('Ctrl Pts',(48.3949525654316,-10.9256482124329,0.));
#14682=CARTESIAN_POINT('',(47.6828111708164,-11.2223739922047,0.02));
#14683=CARTESIAN_POINT('',(47.6828111708164,-11.2223739922047,0.));
#14684=CARTESIAN_POINT('Ctrl Pts',(47.6828111708164,-11.2223739922047,0.02));
#14685=CARTESIAN_POINT('Ctrl Pts',(47.8204617271445,-11.2110589645322,0.02));
#14686=CARTESIAN_POINT('Ctrl Pts',(48.090218027186,-11.1888846989048,0.02));
#14687=CARTESIAN_POINT('Ctrl Pts',(48.2947759415486,-11.012183013015,0.02));
#14688=CARTESIAN_POINT('Ctrl Pts',(48.3949525654316,-10.9256482124329,0.02));
#14689=CARTESIAN_POINT('Ctrl Pts',(46.9502051174641,-10.9195090830326,0.));
#14690=CARTESIAN_POINT('Ctrl Pts',(46.9502051174641,-10.9195090830326,0.02));
#14691=CARTESIAN_POINT('Ctrl Pts',(47.0530352246705,-11.0078308202866,0.));
#14692=CARTESIAN_POINT('Ctrl Pts',(47.0530352246705,-11.0078308202866,0.02));
#14693=CARTESIAN_POINT('Ctrl Pts',(47.2636903553583,-11.1887644749259,0.));
#14694=CARTESIAN_POINT('Ctrl Pts',(47.2636903553583,-11.1887644749259,0.02));
#14695=CARTESIAN_POINT('Ctrl Pts',(47.5409131241824,-11.2109951136707,0.));
#14696=CARTESIAN_POINT('Ctrl Pts',(47.5409131241824,-11.2109951136707,0.02));
#14697=CARTESIAN_POINT('Ctrl Pts',(47.6828111708164,-11.2223739922047,0.));
#14698=CARTESIAN_POINT('Ctrl Pts',(47.6828111708164,-11.2223739922047,0.02));
#14699=CARTESIAN_POINT('',(46.9502051174641,-10.9195090830326,0.));
#14700=CARTESIAN_POINT('Ctrl Pts',(46.9502051174641,-10.9195090830326,0.));
#14701=CARTESIAN_POINT('Ctrl Pts',(47.0530352246705,-11.0078308202866,0.));
#14702=CARTESIAN_POINT('Ctrl Pts',(47.2636903553583,-11.1887644749259,0.));
#14703=CARTESIAN_POINT('Ctrl Pts',(47.5409131241824,-11.2109951136707,0.));
#14704=CARTESIAN_POINT('Ctrl Pts',(47.6828111708164,-11.2223739922047,0.));
#14705=CARTESIAN_POINT('',(46.9502051174641,-10.9195090830326,0.02));
#14706=CARTESIAN_POINT('',(46.9502051174641,-10.9195090830326,0.));
#14707=CARTESIAN_POINT('Ctrl Pts',(46.9502051174641,-10.9195090830326,0.02));
#14708=CARTESIAN_POINT('Ctrl Pts',(47.0530352246705,-11.0078308202866,0.02));
#14709=CARTESIAN_POINT('Ctrl Pts',(47.2636903553583,-11.1887644749259,0.02));
#14710=CARTESIAN_POINT('Ctrl Pts',(47.5409131241824,-11.2109951136707,0.02));
#14711=CARTESIAN_POINT('Ctrl Pts',(47.6828111708164,-11.2223739922047,0.02));
#14712=CARTESIAN_POINT('Ctrl Pts',(46.6678042709827,-10.0682127475739,0.));
#14713=CARTESIAN_POINT('Ctrl Pts',(46.6678042709827,-10.0682127475739,0.02));
#14714=CARTESIAN_POINT('Ctrl Pts',(46.6754651267715,-10.2360904904032,0.));
#14715=CARTESIAN_POINT('Ctrl Pts',(46.6754651267715,-10.2360904904032,0.02));
#14716=CARTESIAN_POINT('Ctrl Pts',(46.6896851453997,-10.5477038004748,0.));
#14717=CARTESIAN_POINT('Ctrl Pts',(46.6896851453997,-10.5477038004748,0.02));
#14718=CARTESIAN_POINT('Ctrl Pts',(46.8679693026235,-10.8021449127125,0.));
#14719=CARTESIAN_POINT('Ctrl Pts',(46.8679693026235,-10.8021449127125,0.02));
#14720=CARTESIAN_POINT('Ctrl Pts',(46.9502051174641,-10.9195090830326,0.));
#14721=CARTESIAN_POINT('Ctrl Pts',(46.9502051174641,-10.9195090830326,0.02));
#14722=CARTESIAN_POINT('',(46.6678042709827,-10.0682127475739,0.));
#14723=CARTESIAN_POINT('Ctrl Pts',(46.6678042709827,-10.0682127475739,0.));
#14724=CARTESIAN_POINT('Ctrl Pts',(46.6754651267715,-10.2360904904032,0.));
#14725=CARTESIAN_POINT('Ctrl Pts',(46.6896851453997,-10.5477038004748,0.));
#14726=CARTESIAN_POINT('Ctrl Pts',(46.8679693026235,-10.8021449127125,0.));
#14727=CARTESIAN_POINT('Ctrl Pts',(46.9502051174641,-10.9195090830326,0.));
#14728=CARTESIAN_POINT('',(46.6678042709827,-10.0682127475739,0.02));
#14729=CARTESIAN_POINT('',(46.6678042709827,-10.0682127475739,0.));
#14730=CARTESIAN_POINT('Ctrl Pts',(46.6678042709827,-10.0682127475739,0.02));
#14731=CARTESIAN_POINT('Ctrl Pts',(46.6754651267715,-10.2360904904032,0.02));
#14732=CARTESIAN_POINT('Ctrl Pts',(46.6896851453997,-10.5477038004748,0.02));
#14733=CARTESIAN_POINT('Ctrl Pts',(46.8679693026235,-10.8021449127125,0.02));
#14734=CARTESIAN_POINT('Ctrl Pts',(46.9502051174641,-10.9195090830326,0.02));
#14735=CARTESIAN_POINT('Ctrl Pts',(46.9471354782581,-9.24454301595688,0.));
#14736=CARTESIAN_POINT('Ctrl Pts',(46.9471354782581,-9.24454301595688,0.02));
#14737=CARTESIAN_POINT('Ctrl Pts',(46.8657833221694,-9.35802969405785,0.));
#14738=CARTESIAN_POINT('Ctrl Pts',(46.8657833221694,-9.35802969405785,0.02));
#14739=CARTESIAN_POINT('Ctrl Pts',(46.6900301800317,-9.60320623547937,0.));
#14740=CARTESIAN_POINT('Ctrl Pts',(46.6900301800317,-9.60320623547937,0.02));
#14741=CARTESIAN_POINT('Ctrl Pts',(46.6755707550418,-9.90572375080907,0.));
#14742=CARTESIAN_POINT('Ctrl Pts',(46.6755707550418,-9.90572375080907,0.02));
#14743=CARTESIAN_POINT('Ctrl Pts',(46.6678042709827,-10.0682127475739,0.));
#14744=CARTESIAN_POINT('Ctrl Pts',(46.6678042709827,-10.0682127475739,0.02));
#14745=CARTESIAN_POINT('',(46.9471354782581,-9.24454301595688,0.));
#14746=CARTESIAN_POINT('Ctrl Pts',(46.9471354782581,-9.24454301595688,0.));
#14747=CARTESIAN_POINT('Ctrl Pts',(46.8657833221694,-9.35802969405785,0.));
#14748=CARTESIAN_POINT('Ctrl Pts',(46.6900301800317,-9.60320623547937,0.));
#14749=CARTESIAN_POINT('Ctrl Pts',(46.6755707550418,-9.90572375080907,0.));
#14750=CARTESIAN_POINT('Ctrl Pts',(46.6678042709827,-10.0682127475739,0.));
#14751=CARTESIAN_POINT('',(46.9471354782581,-9.24454301595688,0.02));
#14752=CARTESIAN_POINT('',(46.9471354782581,-9.24454301595688,0.));
#14753=CARTESIAN_POINT('Ctrl Pts',(46.9471354782581,-9.24454301595688,0.02));
#14754=CARTESIAN_POINT('Ctrl Pts',(46.8657833221694,-9.35802969405785,0.02));
#14755=CARTESIAN_POINT('Ctrl Pts',(46.6900301800317,-9.60320623547937,0.02));
#14756=CARTESIAN_POINT('Ctrl Pts',(46.6755707550418,-9.90572375080907,0.02));
#14757=CARTESIAN_POINT('Ctrl Pts',(46.6678042709827,-10.0682127475739,0.02));
#14758=CARTESIAN_POINT('Ctrl Pts',(47.7032746374607,-8.95088672637939,0.));
#14759=CARTESIAN_POINT('Ctrl Pts',(47.7032746374607,-8.95088672637939,0.02));
#14760=CARTESIAN_POINT('Ctrl Pts',(47.5549433213463,-8.96071624483744,0.));
#14761=CARTESIAN_POINT('Ctrl Pts',(47.5549433213463,-8.96071624483744,0.02));
#14762=CARTESIAN_POINT('Ctrl Pts',(47.271288419417,-8.9795132943565,0.));
#14763=CARTESIAN_POINT('Ctrl Pts',(47.271288419417,-8.9795132943565,0.02));
#14764=CARTESIAN_POINT('Ctrl Pts',(47.0518318758852,-9.15894250585056,0.));
#14765=CARTESIAN_POINT('Ctrl Pts',(47.0518318758852,-9.15894250585056,0.02));
#14766=CARTESIAN_POINT('Ctrl Pts',(46.9471354782581,-9.24454301595688,0.));
#14767=CARTESIAN_POINT('Ctrl Pts',(46.9471354782581,-9.24454301595688,0.02));
#14768=CARTESIAN_POINT('',(47.7032746374607,-8.95088672637939,0.));
#14769=CARTESIAN_POINT('Ctrl Pts',(47.7032746374607,-8.95088672637939,0.));
#14770=CARTESIAN_POINT('Ctrl Pts',(47.5549433213463,-8.96071624483744,0.));
#14771=CARTESIAN_POINT('Ctrl Pts',(47.271288419417,-8.9795132943565,0.));
#14772=CARTESIAN_POINT('Ctrl Pts',(47.0518318758852,-9.15894250585056,0.));
#14773=CARTESIAN_POINT('Ctrl Pts',(46.9471354782581,-9.24454301595688,0.));
#14774=CARTESIAN_POINT('',(47.7032746374607,-8.95088672637939,0.02));
#14775=CARTESIAN_POINT('',(47.7032746374607,-8.95088672637939,0.));
#14776=CARTESIAN_POINT('Ctrl Pts',(47.7032746374607,-8.95088672637939,0.02));
#14777=CARTESIAN_POINT('Ctrl Pts',(47.5549433213463,-8.96071624483744,0.02));
#14778=CARTESIAN_POINT('Ctrl Pts',(47.271288419417,-8.9795132943565,0.02));
#14779=CARTESIAN_POINT('Ctrl Pts',(47.0518318758852,-9.15894250585056,0.02));
#14780=CARTESIAN_POINT('Ctrl Pts',(46.9471354782581,-9.24454301595688,0.02));
#14781=CARTESIAN_POINT('Ctrl Pts',(48.3253760635853,-9.13506150245667,0.));
#14782=CARTESIAN_POINT('Ctrl Pts',(48.3253760635853,-9.13506150245667,0.02));
#14783=CARTESIAN_POINT('Ctrl Pts',(48.2352850941817,-9.08139252452153,0.));
#14784=CARTESIAN_POINT('Ctrl Pts',(48.2352850941817,-9.08139252452153,0.02));
#14785=CARTESIAN_POINT('Ctrl Pts',(48.0440258900643,-8.967455621926,0.));
#14786=CARTESIAN_POINT('Ctrl Pts',(48.0440258900643,-8.967455621926,0.02));
#14787=CARTESIAN_POINT('Ctrl Pts',(47.8211609850628,-8.9566189036344,0.));
#14788=CARTESIAN_POINT('Ctrl Pts',(47.8211609850628,-8.9566189036344,0.02));
#14789=CARTESIAN_POINT('Ctrl Pts',(47.7032746374607,-8.95088672637939,0.));
#14790=CARTESIAN_POINT('Ctrl Pts',(47.7032746374607,-8.95088672637939,0.02));
#14791=CARTESIAN_POINT('',(48.3253760635853,-9.13506150245667,0.));
#14792=CARTESIAN_POINT('Ctrl Pts',(48.3253760635853,-9.13506150245667,0.));
#14793=CARTESIAN_POINT('Ctrl Pts',(48.2352850941817,-9.08139252452153,0.));
#14794=CARTESIAN_POINT('Ctrl Pts',(48.0440258900643,-8.967455621926,0.));
#14795=CARTESIAN_POINT('Ctrl Pts',(47.8211609850628,-8.9566189036344,0.));
#14796=CARTESIAN_POINT('Ctrl Pts',(47.7032746374607,-8.95088672637939,0.));
#14797=CARTESIAN_POINT('',(48.3253760635853,-9.13506150245667,0.02));
#14798=CARTESIAN_POINT('',(48.3253760635853,-9.13506150245667,0.));
#14799=CARTESIAN_POINT('Ctrl Pts',(48.3253760635853,-9.13506150245667,0.02));
#14800=CARTESIAN_POINT('Ctrl Pts',(48.2352850941817,-9.08139252452153,0.02));
#14801=CARTESIAN_POINT('Ctrl Pts',(48.0440258900643,-8.967455621926,0.02));
#14802=CARTESIAN_POINT('Ctrl Pts',(47.8211609850628,-8.9566189036344,0.02));
#14803=CARTESIAN_POINT('Ctrl Pts',(47.7032746374607,-8.95088672637939,0.02));
#14804=CARTESIAN_POINT('Ctrl Pts',(48.6589367687702,-9.65279668569565,0.));
#14805=CARTESIAN_POINT('Ctrl Pts',(48.6589367687702,-9.65279668569565,0.02));
#14806=CARTESIAN_POINT('Ctrl Pts',(48.6239667705816,-9.54894802391982,0.));
#14807=CARTESIAN_POINT('Ctrl Pts',(48.6239667705816,-9.54894802391982,0.02));
#14808=CARTESIAN_POINT('Ctrl Pts',(48.5562934621587,-9.34798197068272,0.));
#14809=CARTESIAN_POINT('Ctrl Pts',(48.5562934621587,-9.34798197068272,0.02));
#14810=CARTESIAN_POINT('Ctrl Pts',(48.4006103504648,-9.2044322804405,0.));
#14811=CARTESIAN_POINT('Ctrl Pts',(48.4006103504648,-9.2044322804405,0.02));
#14812=CARTESIAN_POINT('Ctrl Pts',(48.3253760635853,-9.13506150245667,0.));
#14813=CARTESIAN_POINT('Ctrl Pts',(48.3253760635853,-9.13506150245667,0.02));
#14814=CARTESIAN_POINT('',(48.6589367687702,-9.65279668569565,0.));
#14815=CARTESIAN_POINT('Ctrl Pts',(48.6589367687702,-9.65279668569565,0.));
#14816=CARTESIAN_POINT('Ctrl Pts',(48.6239667705816,-9.54894802391982,0.));
#14817=CARTESIAN_POINT('Ctrl Pts',(48.5562934621587,-9.34798197068272,0.));
#14818=CARTESIAN_POINT('Ctrl Pts',(48.4006103504648,-9.2044322804405,0.));
#14819=CARTESIAN_POINT('Ctrl Pts',(48.3253760635853,-9.13506150245667,0.));
#14820=CARTESIAN_POINT('',(48.6589367687702,-9.65279668569565,0.02));
#14821=CARTESIAN_POINT('',(48.6589367687702,-9.65279668569565,0.));
#14822=CARTESIAN_POINT('Ctrl Pts',(48.6589367687702,-9.65279668569565,0.02));
#14823=CARTESIAN_POINT('Ctrl Pts',(48.6239667705816,-9.54894802391982,0.02));
#14824=CARTESIAN_POINT('Ctrl Pts',(48.5562934621587,-9.34798197068272,0.02));
#14825=CARTESIAN_POINT('Ctrl Pts',(48.4006103504648,-9.2044322804405,0.02));
#14826=CARTESIAN_POINT('Ctrl Pts',(48.3253760635853,-9.13506150245667,0.02));
#14827=CARTESIAN_POINT('Origin',(48.2783086597919,-9.69986379146576,0.));
#14828=CARTESIAN_POINT('',(48.2783086597919,-9.69986379146576,0.));
#14829=CARTESIAN_POINT('',(37.6694522080447,-11.0117169019853,0.));
#14830=CARTESIAN_POINT('',(48.2783086597919,-9.69986379146576,0.02));
#14831=CARTESIAN_POINT('',(48.2783086597919,-9.69986379146576,0.));
#14832=CARTESIAN_POINT('',(48.2783086597919,-9.69986379146576,0.02));
#14833=CARTESIAN_POINT('Ctrl Pts',(48.0511601269245,-9.36016380786896,0.));
#14834=CARTESIAN_POINT('Ctrl Pts',(48.0511601269245,-9.36016380786896,0.02));
#14835=CARTESIAN_POINT('Ctrl Pts',(48.09742223884,-9.40383008159813,0.));
#14836=CARTESIAN_POINT('Ctrl Pts',(48.09742223884,-9.40383008159813,0.02));
#14837=CARTESIAN_POINT('Ctrl Pts',(48.1987413160056,-9.49946398965615,0.));
#14838=CARTESIAN_POINT('Ctrl Pts',(48.1987413160056,-9.49946398965615,0.02));
#14839=CARTESIAN_POINT('Ctrl Pts',(48.2502945444952,-9.62930691616753,0.));
#14840=CARTESIAN_POINT('Ctrl Pts',(48.2502945444952,-9.62930691616753,0.02));
#14841=CARTESIAN_POINT('Ctrl Pts',(48.2783086597919,-9.69986379146576,0.));
#14842=CARTESIAN_POINT('Ctrl Pts',(48.2783086597919,-9.69986379146576,0.02));
#14843=CARTESIAN_POINT('Ctrl Pts',(48.0511601269245,-9.36016380786896,0.));
#14844=CARTESIAN_POINT('Ctrl Pts',(48.09742223884,-9.40383008159813,0.));
#14845=CARTESIAN_POINT('Ctrl Pts',(48.1987413160056,-9.49946398965615,0.));
#14846=CARTESIAN_POINT('Ctrl Pts',(48.2502945444952,-9.62930691616753,0.));
#14847=CARTESIAN_POINT('Ctrl Pts',(48.2783086597919,-9.69986379146576,0.));
#14848=CARTESIAN_POINT('Ctrl Pts',(48.0511601269245,-9.36016380786896,0.02));
#14849=CARTESIAN_POINT('Ctrl Pts',(48.09742223884,-9.40383008159813,0.02));
#14850=CARTESIAN_POINT('Ctrl Pts',(48.1987413160056,-9.49946398965615,0.02));
#14851=CARTESIAN_POINT('Ctrl Pts',(48.2502945444952,-9.62930691616753,0.02));
#14852=CARTESIAN_POINT('Ctrl Pts',(48.2783086597919,-9.69986379146576,0.02));
#14853=CARTESIAN_POINT('Origin',(52.9563443362713,-8.13437923789024,0.02));
#14854=CARTESIAN_POINT('Ctrl Pts',(42.9515695571899,-10.9317871928215,0.));
#14855=CARTESIAN_POINT('Ctrl Pts',(42.9515695571899,-10.9317871928215,0.02));
#14856=CARTESIAN_POINT('Ctrl Pts',(42.8740706732302,-10.9224102683463,0.));
#14857=CARTESIAN_POINT('Ctrl Pts',(42.8740706732302,-10.9224102683463,0.02));
#14858=CARTESIAN_POINT('Ctrl Pts',(42.7147048591182,-10.9031279106335,0.));
#14859=CARTESIAN_POINT('Ctrl Pts',(42.7147048591182,-10.9031279106335,0.02));
#14860=CARTESIAN_POINT('Ctrl Pts',(42.6028318031714,-10.787546665455,0.));
#14861=CARTESIAN_POINT('Ctrl Pts',(42.6028318031714,-10.787546665455,0.02));
#14862=CARTESIAN_POINT('Ctrl Pts',(42.5453621149063,-10.7281720638275,0.));
#14863=CARTESIAN_POINT('Ctrl Pts',(42.5453621149063,-10.7281720638275,0.02));
#14864=CARTESIAN_POINT('',(42.9515695571899,-10.9317871928215,0.));
#14865=CARTESIAN_POINT('',(42.5453621149063,-10.7281720638275,0.));
#14866=CARTESIAN_POINT('Ctrl Pts',(42.9515695571899,-10.9317871928215,0.));
#14867=CARTESIAN_POINT('Ctrl Pts',(42.8740706732302,-10.9224102683463,0.));
#14868=CARTESIAN_POINT('Ctrl Pts',(42.7147048591182,-10.9031279106335,0.));
#14869=CARTESIAN_POINT('Ctrl Pts',(42.6028318031714,-10.787546665455,0.));
#14870=CARTESIAN_POINT('Ctrl Pts',(42.5453621149063,-10.7281720638275,0.));
#14871=CARTESIAN_POINT('',(42.9515695571899,-10.9317871928215,0.02));
#14872=CARTESIAN_POINT('',(42.9515695571899,-10.9317871928215,0.));
#14873=CARTESIAN_POINT('',(42.5453621149063,-10.7281720638275,0.02));
#14874=CARTESIAN_POINT('Ctrl Pts',(42.9515695571899,-10.9317871928215,0.02));
#14875=CARTESIAN_POINT('Ctrl Pts',(42.8740706732302,-10.9224102683463,0.02));
#14876=CARTESIAN_POINT('Ctrl Pts',(42.7147048591182,-10.9031279106335,0.02));
#14877=CARTESIAN_POINT('Ctrl Pts',(42.6028318031714,-10.787546665455,0.02));
#14878=CARTESIAN_POINT('Ctrl Pts',(42.5453621149063,-10.7281720638275,0.02));
#14879=CARTESIAN_POINT('',(42.5453621149063,-10.7281720638275,0.));
#14880=CARTESIAN_POINT('Ctrl Pts',(43.3721016347408,-10.7128241658211,0.));
#14881=CARTESIAN_POINT('Ctrl Pts',(43.3721016347408,-10.7128241658211,0.02));
#14882=CARTESIAN_POINT('Ctrl Pts',(43.3118200268519,-10.7766484788917,0.));
#14883=CARTESIAN_POINT('Ctrl Pts',(43.3118200268519,-10.7766484788917,0.02));
#14884=CARTESIAN_POINT('Ctrl Pts',(43.1965286266623,-10.8987154687704,0.));
#14885=CARTESIAN_POINT('Ctrl Pts',(43.1965286266623,-10.8987154687704,0.02));
#14886=CARTESIAN_POINT('Ctrl Pts',(43.0306949428481,-10.9211045390804,0.));
#14887=CARTESIAN_POINT('Ctrl Pts',(43.0306949428481,-10.9211045390804,0.02));
#14888=CARTESIAN_POINT('Ctrl Pts',(42.9515695571899,-10.9317871928215,0.));
#14889=CARTESIAN_POINT('Ctrl Pts',(42.9515695571899,-10.9317871928215,0.02));
#14890=CARTESIAN_POINT('',(43.3721016347408,-10.7128241658211,0.));
#14891=CARTESIAN_POINT('Ctrl Pts',(43.3721016347408,-10.7128241658211,0.));
#14892=CARTESIAN_POINT('Ctrl Pts',(43.3118200268519,-10.7766484788917,0.));
#14893=CARTESIAN_POINT('Ctrl Pts',(43.1965286266623,-10.8987154687704,0.));
#14894=CARTESIAN_POINT('Ctrl Pts',(43.0306949428481,-10.9211045390804,0.));
#14895=CARTESIAN_POINT('Ctrl Pts',(42.9515695571899,-10.9317871928215,0.));
#14896=CARTESIAN_POINT('',(43.3721016347408,-10.7128241658211,0.02));
#14897=CARTESIAN_POINT('',(43.3721016347408,-10.7128241658211,0.));
#14898=CARTESIAN_POINT('Ctrl Pts',(43.3721016347408,-10.7128241658211,0.02));
#14899=CARTESIAN_POINT('Ctrl Pts',(43.3118200268519,-10.7766484788917,0.02));
#14900=CARTESIAN_POINT('Ctrl Pts',(43.1965286266623,-10.8987154687704,0.02));
#14901=CARTESIAN_POINT('Ctrl Pts',(43.0306949428481,-10.9211045390804,0.02));
#14902=CARTESIAN_POINT('Ctrl Pts',(42.9515695571899,-10.9317871928215,0.02));
#14903=CARTESIAN_POINT('Ctrl Pts',(43.5511602461338,-10.0600272417068,0.));
#14904=CARTESIAN_POINT('Ctrl Pts',(43.5511602461338,-10.0600272417068,0.02));
#14905=CARTESIAN_POINT('Ctrl Pts',(43.5477890763217,-10.1901470274866,0.));
#14906=CARTESIAN_POINT('Ctrl Pts',(43.5477890763217,-10.1901470274866,0.02));
#14907=CARTESIAN_POINT('Ctrl Pts',(43.5417406787899,-10.4236019511587,0.));
#14908=CARTESIAN_POINT('Ctrl Pts',(43.5417406787899,-10.4236019511587,0.02));
#14909=CARTESIAN_POINT('Ctrl Pts',(43.4241508963114,-10.6240839657842,0.));
#14910=CARTESIAN_POINT('Ctrl Pts',(43.4241508963114,-10.6240839657842,0.02));
#14911=CARTESIAN_POINT('Ctrl Pts',(43.3721016347408,-10.7128241658211,0.));
#14912=CARTESIAN_POINT('Ctrl Pts',(43.3721016347408,-10.7128241658211,0.02));
#14913=CARTESIAN_POINT('',(43.5511602461338,-10.0600272417068,0.));
#14914=CARTESIAN_POINT('Ctrl Pts',(43.5511602461338,-10.0600272417068,0.));
#14915=CARTESIAN_POINT('Ctrl Pts',(43.5477890763217,-10.1901470274866,0.));
#14916=CARTESIAN_POINT('Ctrl Pts',(43.5417406787899,-10.4236019511587,0.));
#14917=CARTESIAN_POINT('Ctrl Pts',(43.4241508963114,-10.6240839657842,0.));
#14918=CARTESIAN_POINT('Ctrl Pts',(43.3721016347408,-10.7128241658211,0.));
#14919=CARTESIAN_POINT('',(43.5511602461338,-10.0600272417068,0.02));
#14920=CARTESIAN_POINT('',(43.5511602461338,-10.0600272417068,0.));
#14921=CARTESIAN_POINT('Ctrl Pts',(43.5511602461338,-10.0600272417068,0.02));
#14922=CARTESIAN_POINT('Ctrl Pts',(43.5477890763217,-10.1901470274866,0.02));
#14923=CARTESIAN_POINT('Ctrl Pts',(43.5417406787899,-10.4236019511587,0.02));
#14924=CARTESIAN_POINT('Ctrl Pts',(43.4241508963114,-10.6240839657842,0.02));
#14925=CARTESIAN_POINT('Ctrl Pts',(43.3721016347408,-10.7128241658211,0.02));
#14926=CARTESIAN_POINT('Ctrl Pts',(43.381310403347,-9.45327430963516,0.));
#14927=CARTESIAN_POINT('Ctrl Pts',(43.381310403347,-9.45327430963516,0.02));
#14928=CARTESIAN_POINT('Ctrl Pts',(43.4306715601694,-9.53500259843203,0.));
#14929=CARTESIAN_POINT('Ctrl Pts',(43.4306715601694,-9.53500259843203,0.02));
#14930=CARTESIAN_POINT('Ctrl Pts',(43.5426948165003,-9.72048182207152,0.));
#14931=CARTESIAN_POINT('Ctrl Pts',(43.5426948165003,-9.72048182207152,0.02));
#14932=CARTESIAN_POINT('Ctrl Pts',(43.5481235771954,-9.93822751344347,0.));
#14933=CARTESIAN_POINT('Ctrl Pts',(43.5481235771954,-9.93822751344347,0.02));
#14934=CARTESIAN_POINT('Ctrl Pts',(43.5511602461338,-10.0600272417068,0.));
#14935=CARTESIAN_POINT('Ctrl Pts',(43.5511602461338,-10.0600272417068,0.02));
#14936=CARTESIAN_POINT('',(43.381310403347,-9.45327430963516,0.));
#14937=CARTESIAN_POINT('Ctrl Pts',(43.381310403347,-9.45327430963516,0.));
#14938=CARTESIAN_POINT('Ctrl Pts',(43.4306715601694,-9.53500259843203,0.));
#14939=CARTESIAN_POINT('Ctrl Pts',(43.5426948165003,-9.72048182207152,0.));
#14940=CARTESIAN_POINT('Ctrl Pts',(43.5481235771954,-9.93822751344347,0.));
#14941=CARTESIAN_POINT('Ctrl Pts',(43.5511602461338,-10.0600272417068,0.));
#14942=CARTESIAN_POINT('',(43.381310403347,-9.45327430963516,0.02));
#14943=CARTESIAN_POINT('',(43.381310403347,-9.45327430963516,0.));
#14944=CARTESIAN_POINT('Ctrl Pts',(43.381310403347,-9.45327430963516,0.02));
#14945=CARTESIAN_POINT('Ctrl Pts',(43.4306715601694,-9.53500259843203,0.02));
#14946=CARTESIAN_POINT('Ctrl Pts',(43.5426948165003,-9.72048182207152,0.02));
#14947=CARTESIAN_POINT('Ctrl Pts',(43.5481235771954,-9.93822751344347,0.02));
#14948=CARTESIAN_POINT('Ctrl Pts',(43.5511602461338,-10.0600272417068,0.02));
#14949=CARTESIAN_POINT('Ctrl Pts',(42.9761261492968,-9.25375163555145,0.));
#14950=CARTESIAN_POINT('Ctrl Pts',(42.9761261492968,-9.25375163555145,0.02));
#14951=CARTESIAN_POINT('Ctrl Pts',(43.0526597202373,-9.26304653995728,0.));
#14952=CARTESIAN_POINT('Ctrl Pts',(43.0526597202373,-9.26304653995728,0.02));
#14953=CARTESIAN_POINT('Ctrl Pts',(43.2106078791413,-9.28222914205002,0.));
#14954=CARTESIAN_POINT('Ctrl Pts',(43.2106078791413,-9.28222914205002,0.02));
#14955=CARTESIAN_POINT('Ctrl Pts',(43.3232492561785,-9.39509661897809,0.));
#14956=CARTESIAN_POINT('Ctrl Pts',(43.3232492561785,-9.39509661897809,0.02));
#14957=CARTESIAN_POINT('Ctrl Pts',(43.381310403347,-9.45327430963516,0.));
#14958=CARTESIAN_POINT('Ctrl Pts',(43.381310403347,-9.45327430963516,0.02));
#14959=CARTESIAN_POINT('',(42.9761261492968,-9.25375163555145,0.));
#14960=CARTESIAN_POINT('Ctrl Pts',(42.9761261492968,-9.25375163555145,0.));
#14961=CARTESIAN_POINT('Ctrl Pts',(43.0526597202373,-9.26304653995728,0.));
#14962=CARTESIAN_POINT('Ctrl Pts',(43.2106078791413,-9.28222914205002,0.));
#14963=CARTESIAN_POINT('Ctrl Pts',(43.3232492561785,-9.39509661897809,0.));
#14964=CARTESIAN_POINT('Ctrl Pts',(43.381310403347,-9.45327430963516,0.));
#14965=CARTESIAN_POINT('',(42.9761261492968,-9.25375163555145,0.02));
#14966=CARTESIAN_POINT('',(42.9761261492968,-9.25375163555145,0.));
#14967=CARTESIAN_POINT('Ctrl Pts',(42.9761261492968,-9.25375163555145,0.02));
#14968=CARTESIAN_POINT('Ctrl Pts',(43.0526597202373,-9.26304653995728,0.02));
#14969=CARTESIAN_POINT('Ctrl Pts',(43.2106078791413,-9.28222914205002,0.02));
#14970=CARTESIAN_POINT('Ctrl Pts',(43.3232492561785,-9.39509661897809,0.02));
#14971=CARTESIAN_POINT('Ctrl Pts',(43.381310403347,-9.45327430963516,0.02));
#14972=CARTESIAN_POINT('Ctrl Pts',(42.5545708835125,-9.46350634098053,0.));
#14973=CARTESIAN_POINT('Ctrl Pts',(42.5545708835125,-9.46350634098053,0.02));
#14974=CARTESIAN_POINT('Ctrl Pts',(42.6147712796479,-9.40234550444964,0.));
#14975=CARTESIAN_POINT('Ctrl Pts',(42.6147712796479,-9.40234550444964,0.02));
#14976=CARTESIAN_POINT('Ctrl Pts',(42.7315086863529,-9.28374566280639,0.));
#14977=CARTESIAN_POINT('Ctrl Pts',(42.7315086863529,-9.28374566280639,0.02));
#14978=CARTESIAN_POINT('Ctrl Pts',(42.8963109041758,-9.26353826569922,0.));
#14979=CARTESIAN_POINT('Ctrl Pts',(42.8963109041758,-9.26353826569922,0.02));
#14980=CARTESIAN_POINT('Ctrl Pts',(42.9761261492968,-9.25375163555145,0.));
#14981=CARTESIAN_POINT('Ctrl Pts',(42.9761261492968,-9.25375163555145,0.02));
#14982=CARTESIAN_POINT('',(42.5545708835125,-9.46350634098053,0.));
#14983=CARTESIAN_POINT('Ctrl Pts',(42.5545708835125,-9.46350634098053,0.));
#14984=CARTESIAN_POINT('Ctrl Pts',(42.6147712796479,-9.40234550444964,0.));
#14985=CARTESIAN_POINT('Ctrl Pts',(42.7315086863529,-9.28374566280639,0.));
#14986=CARTESIAN_POINT('Ctrl Pts',(42.8963109041758,-9.26353826569922,0.));
#14987=CARTESIAN_POINT('Ctrl Pts',(42.9761261492968,-9.25375163555145,0.));
#14988=CARTESIAN_POINT('',(42.5545708835125,-9.46350634098053,0.02));
#14989=CARTESIAN_POINT('',(42.5545708835125,-9.46350634098053,0.));
#14990=CARTESIAN_POINT('Ctrl Pts',(42.5545708835125,-9.46350634098053,0.02));
#14991=CARTESIAN_POINT('Ctrl Pts',(42.6147712796479,-9.40234550444964,0.02));
#14992=CARTESIAN_POINT('Ctrl Pts',(42.7315086863529,-9.28374566280639,0.02));
#14993=CARTESIAN_POINT('Ctrl Pts',(42.8963109041758,-9.26353826569922,0.02));
#14994=CARTESIAN_POINT('Ctrl Pts',(42.9761261492968,-9.25375163555145,0.02));
#14995=CARTESIAN_POINT('Ctrl Pts',(42.3785817995667,-10.0927695631981,0.));
#14996=CARTESIAN_POINT('Ctrl Pts',(42.3785817995667,-10.0927695631981,0.02));
#14997=CARTESIAN_POINT('Ctrl Pts',(42.3818914254154,-9.96698896144562,0.));
#14998=CARTESIAN_POINT('Ctrl Pts',(42.3818914254154,-9.96698896144562,0.02));
#14999=CARTESIAN_POINT('Ctrl Pts',(42.387828915884,-9.74133773735423,0.));
#15000=CARTESIAN_POINT('Ctrl Pts',(42.387828915884,-9.74133773735423,0.02));
#15001=CARTESIAN_POINT('Ctrl Pts',(42.5034141815593,-9.54874545708106,0.));
#15002=CARTESIAN_POINT('Ctrl Pts',(42.5034141815593,-9.54874545708106,0.02));
#15003=CARTESIAN_POINT('Ctrl Pts',(42.5545708835125,-9.46350634098053,0.));
#15004=CARTESIAN_POINT('Ctrl Pts',(42.5545708835125,-9.46350634098053,0.02));
#15005=CARTESIAN_POINT('',(42.3785817995667,-10.0927695631981,0.));
#15006=CARTESIAN_POINT('Ctrl Pts',(42.3785817995667,-10.0927695631981,0.));
#15007=CARTESIAN_POINT('Ctrl Pts',(42.3818914254154,-9.96698896144562,0.));
#15008=CARTESIAN_POINT('Ctrl Pts',(42.387828915884,-9.74133773735423,0.));
#15009=CARTESIAN_POINT('Ctrl Pts',(42.5034141815593,-9.54874545708106,0.));
#15010=CARTESIAN_POINT('Ctrl Pts',(42.5545708835125,-9.46350634098053,0.));
#15011=CARTESIAN_POINT('',(42.3785817995667,-10.0927695631981,0.02));
#15012=CARTESIAN_POINT('',(42.3785817995667,-10.0927695631981,0.));
#15013=CARTESIAN_POINT('Ctrl Pts',(42.3785817995667,-10.0927695631981,0.02));
#15014=CARTESIAN_POINT('Ctrl Pts',(42.3818914254154,-9.96698896144562,0.02));
#15015=CARTESIAN_POINT('Ctrl Pts',(42.387828915884,-9.74133773735423,0.02));
#15016=CARTESIAN_POINT('Ctrl Pts',(42.5034141815593,-9.54874545708106,0.02));
#15017=CARTESIAN_POINT('Ctrl Pts',(42.5545708835125,-9.46350634098053,0.02));
#15018=CARTESIAN_POINT('Ctrl Pts',(42.5453621149063,-10.7281720638275,0.));
#15019=CARTESIAN_POINT('Ctrl Pts',(42.5453621149063,-10.7281720638275,0.02));
#15020=CARTESIAN_POINT('Ctrl Pts',(42.4969318053164,-10.6432162737467,0.));
#15021=CARTESIAN_POINT('Ctrl Pts',(42.4969318053164,-10.6432162737467,0.02));
#15022=CARTESIAN_POINT('Ctrl Pts',(42.3853404694865,-10.4474642708818,0.));
#15023=CARTESIAN_POINT('Ctrl Pts',(42.3853404694865,-10.4474642708818,0.02));
#15024=CARTESIAN_POINT('Ctrl Pts',(42.3810245964657,-10.2209674397465,0.));
#15025=CARTESIAN_POINT('Ctrl Pts',(42.3810245964657,-10.2209674397465,0.02));
#15026=CARTESIAN_POINT('Ctrl Pts',(42.3785817995667,-10.0927695631981,0.));
#15027=CARTESIAN_POINT('Ctrl Pts',(42.3785817995667,-10.0927695631981,0.02));
#15028=CARTESIAN_POINT('Ctrl Pts',(42.5453621149063,-10.7281720638275,0.));
#15029=CARTESIAN_POINT('Ctrl Pts',(42.4969318053164,-10.6432162737467,0.));
#15030=CARTESIAN_POINT('Ctrl Pts',(42.3853404694865,-10.4474642708818,0.));
#15031=CARTESIAN_POINT('Ctrl Pts',(42.3810245964657,-10.2209674397465,0.));
#15032=CARTESIAN_POINT('Ctrl Pts',(42.3785817995667,-10.0927695631981,0.));
#15033=CARTESIAN_POINT('Ctrl Pts',(42.5453621149063,-10.7281720638275,0.02));
#15034=CARTESIAN_POINT('Ctrl Pts',(42.4969318053164,-10.6432162737467,0.02));
#15035=CARTESIAN_POINT('Ctrl Pts',(42.3853404694865,-10.4474642708818,0.02));
#15036=CARTESIAN_POINT('Ctrl Pts',(42.3810245964657,-10.2209674397465,0.02));
#15037=CARTESIAN_POINT('Ctrl Pts',(42.3785817995667,-10.0927695631981,0.02));
#15038=CARTESIAN_POINT('Origin',(43.882674574852,-11.1732605099678,0.));
#15039=CARTESIAN_POINT('',(43.882674574852,-11.1732605099678,0.));
#15040=CARTESIAN_POINT('',(43.882674574852,-8.16712141036987,0.));
#15041=CARTESIAN_POINT('',(43.882674574852,-18.7816302549839,0.));
#15042=CARTESIAN_POINT('',(43.882674574852,-11.1732605099678,0.02));
#15043=CARTESIAN_POINT('',(43.882674574852,-11.1732605099678,0.));
#15044=CARTESIAN_POINT('',(43.882674574852,-8.16712141036987,0.02));
#15045=CARTESIAN_POINT('',(43.882674574852,-11.1732605099678,0.02));
#15046=CARTESIAN_POINT('',(43.882674574852,-8.16712141036987,0.));
#15047=CARTESIAN_POINT('Origin',(43.5511602461338,-11.1732605099678,0.));
#15048=CARTESIAN_POINT('',(43.5511602461338,-11.1732605099678,0.));
#15049=CARTESIAN_POINT('',(36.1755801230669,-11.1732605099678,0.));
#15050=CARTESIAN_POINT('',(43.5511602461338,-11.1732605099678,0.02));
#15051=CARTESIAN_POINT('',(43.5511602461338,-11.1732605099678,0.));
#15052=CARTESIAN_POINT('',(43.5511602461338,-11.1732605099678,0.02));
#15053=CARTESIAN_POINT('Origin',(43.5511602461338,-10.8826738595963,0.));
#15054=CARTESIAN_POINT('',(43.5511602461338,-10.8826738595963,0.));
#15055=CARTESIAN_POINT('',(43.5511602461338,-18.6363369297981,0.));
#15056=CARTESIAN_POINT('',(43.5511602461338,-10.8826738595963,0.02));
#15057=CARTESIAN_POINT('',(43.5511602461338,-10.8826738595963,0.));
#15058=CARTESIAN_POINT('',(43.5511602461338,-10.8826738595963,0.02));
#15059=CARTESIAN_POINT('Ctrl Pts',(42.9167810082436,-11.2223738431931,0.));
#15060=CARTESIAN_POINT('Ctrl Pts',(42.9167810082436,-11.2223738431931,0.02));
#15061=CARTESIAN_POINT('Ctrl Pts',(43.0442157659923,-11.2078980827605,0.));
#15062=CARTESIAN_POINT('Ctrl Pts',(43.0442157659923,-11.2078980827605,0.02));
#15063=CARTESIAN_POINT('Ctrl Pts',(43.3005538843222,-11.1787797381562,0.));
#15064=CARTESIAN_POINT('Ctrl Pts',(43.3005538843222,-11.1787797381562,0.02));
#15065=CARTESIAN_POINT('Ctrl Pts',(43.4673063415339,-10.9817520869515,0.));
#15066=CARTESIAN_POINT('Ctrl Pts',(43.4673063415339,-10.9817520869515,0.02));
#15067=CARTESIAN_POINT('Ctrl Pts',(43.5511602461338,-10.8826738595963,0.));
#15068=CARTESIAN_POINT('Ctrl Pts',(43.5511602461338,-10.8826738595963,0.02));
#15069=CARTESIAN_POINT('',(42.9167810082436,-11.2223738431931,0.));
#15070=CARTESIAN_POINT('Ctrl Pts',(42.9167810082436,-11.2223738431931,0.));
#15071=CARTESIAN_POINT('Ctrl Pts',(43.0442157659923,-11.2078980827605,0.));
#15072=CARTESIAN_POINT('Ctrl Pts',(43.3005538843222,-11.1787797381562,0.));
#15073=CARTESIAN_POINT('Ctrl Pts',(43.4673063415339,-10.9817520869515,0.));
#15074=CARTESIAN_POINT('Ctrl Pts',(43.5511602461338,-10.8826738595963,0.));
#15075=CARTESIAN_POINT('',(42.9167810082436,-11.2223738431931,0.02));
#15076=CARTESIAN_POINT('',(42.9167810082436,-11.2223738431931,0.));
#15077=CARTESIAN_POINT('Ctrl Pts',(42.9167810082436,-11.2223738431931,0.02));
#15078=CARTESIAN_POINT('Ctrl Pts',(43.0442157659923,-11.2078980827605,0.02));
#15079=CARTESIAN_POINT('Ctrl Pts',(43.3005538843222,-11.1787797381562,0.02));
#15080=CARTESIAN_POINT('Ctrl Pts',(43.4673063415339,-10.9817520869515,0.02));
#15081=CARTESIAN_POINT('Ctrl Pts',(43.5511602461338,-10.8826738595963,0.02));
#15082=CARTESIAN_POINT('Ctrl Pts',(42.4430429190397,-11.0883355140686,0.));
#15083=CARTESIAN_POINT('Ctrl Pts',(42.4430429190397,-11.0883355140686,0.02));
#15084=CARTESIAN_POINT('Ctrl Pts',(42.5169199108141,-11.1274298612744,0.));
#15085=CARTESIAN_POINT('Ctrl Pts',(42.5169199108141,-11.1274298612744,0.02));
#15086=CARTESIAN_POINT('Ctrl Pts',(42.6652458595645,-11.2059212291659,0.));
#15087=CARTESIAN_POINT('Ctrl Pts',(42.6652458595645,-11.2059212291659,0.02));
#15088=CARTESIAN_POINT('Ctrl Pts',(42.8327206900452,-11.2168755580525,0.));
#15089=CARTESIAN_POINT('Ctrl Pts',(42.8327206900452,-11.2168755580525,0.02));
#15090=CARTESIAN_POINT('Ctrl Pts',(42.9167810082436,-11.2223738431931,0.));
#15091=CARTESIAN_POINT('Ctrl Pts',(42.9167810082436,-11.2223738431931,0.02));
#15092=CARTESIAN_POINT('',(42.4430429190397,-11.0883355140686,0.));
#15093=CARTESIAN_POINT('Ctrl Pts',(42.4430429190397,-11.0883355140686,0.));
#15094=CARTESIAN_POINT('Ctrl Pts',(42.5169199108141,-11.1274298612744,0.));
#15095=CARTESIAN_POINT('Ctrl Pts',(42.6652458595645,-11.2059212291659,0.));
#15096=CARTESIAN_POINT('Ctrl Pts',(42.8327206900452,-11.2168755580525,0.));
#15097=CARTESIAN_POINT('Ctrl Pts',(42.9167810082436,-11.2223738431931,0.));
#15098=CARTESIAN_POINT('',(42.4430429190397,-11.0883355140686,0.02));
#15099=CARTESIAN_POINT('',(42.4430429190397,-11.0883355140686,0.));
#15100=CARTESIAN_POINT('Ctrl Pts',(42.4430429190397,-11.0883355140686,0.02));
#15101=CARTESIAN_POINT('Ctrl Pts',(42.5169199108141,-11.1274298612744,0.02));
#15102=CARTESIAN_POINT('Ctrl Pts',(42.6652458595645,-11.2059212291659,0.02));
#15103=CARTESIAN_POINT('Ctrl Pts',(42.8327206900452,-11.2168755580525,0.02));
#15104=CARTESIAN_POINT('Ctrl Pts',(42.9167810082436,-11.2223738431931,0.02));
#15105=CARTESIAN_POINT('Ctrl Pts',(42.1135749667883,-10.6944066286087,0.));
#15106=CARTESIAN_POINT('Ctrl Pts',(42.1135749667883,-10.6944066286087,0.02));
#15107=CARTESIAN_POINT('Ctrl Pts',(42.1545830558391,-10.775087805216,0.));
#15108=CARTESIAN_POINT('Ctrl Pts',(42.1545830558391,-10.775087805216,0.02));
#15109=CARTESIAN_POINT('Ctrl Pts',(42.234258853791,-10.9318455882454,0.));
#15110=CARTESIAN_POINT('Ctrl Pts',(42.234258853791,-10.9318455882454,0.02));
#15111=CARTESIAN_POINT('Ctrl Pts',(42.3748245463305,-11.0372037954083,0.));
#15112=CARTESIAN_POINT('Ctrl Pts',(42.3748245463305,-11.0372037954083,0.02));
#15113=CARTESIAN_POINT('Ctrl Pts',(42.4430429190397,-11.0883355140686,0.));
#15114=CARTESIAN_POINT('Ctrl Pts',(42.4430429190397,-11.0883355140686,0.02));
#15115=CARTESIAN_POINT('',(42.1135749667883,-10.6944066286087,0.));
#15116=CARTESIAN_POINT('Ctrl Pts',(42.1135749667883,-10.6944066286087,0.));
#15117=CARTESIAN_POINT('Ctrl Pts',(42.1545830558391,-10.775087805216,0.));
#15118=CARTESIAN_POINT('Ctrl Pts',(42.234258853791,-10.9318455882454,0.));
#15119=CARTESIAN_POINT('Ctrl Pts',(42.3748245463305,-11.0372037954083,0.));
#15120=CARTESIAN_POINT('Ctrl Pts',(42.4430429190397,-11.0883355140686,0.));
#15121=CARTESIAN_POINT('',(42.1135749667883,-10.6944066286087,0.02));
#15122=CARTESIAN_POINT('',(42.1135749667883,-10.6944066286087,0.));
#15123=CARTESIAN_POINT('Ctrl Pts',(42.1135749667883,-10.6944066286087,0.02));
#15124=CARTESIAN_POINT('Ctrl Pts',(42.1545830558391,-10.775087805216,0.02));
#15125=CARTESIAN_POINT('Ctrl Pts',(42.234258853791,-10.9318455882454,0.02));
#15126=CARTESIAN_POINT('Ctrl Pts',(42.3748245463305,-11.0372037954083,0.02));
#15127=CARTESIAN_POINT('Ctrl Pts',(42.4430429190397,-11.0883355140686,0.02));
#15128=CARTESIAN_POINT('Ctrl Pts',(42.0000006258488,-10.107094347477,0.));
#15129=CARTESIAN_POINT('Ctrl Pts',(42.0000006258488,-10.107094347477,0.02));
#15130=CARTESIAN_POINT('Ctrl Pts',(42.0039922550009,-10.2116875228124,0.));
#15131=CARTESIAN_POINT('Ctrl Pts',(42.0039922550009,-10.2116875228124,0.02));
#15132=CARTESIAN_POINT('Ctrl Pts',(42.0116907085022,-10.4134110963632,0.));
#15133=CARTESIAN_POINT('Ctrl Pts',(42.0116907085022,-10.4134110963632,0.02));
#15134=CARTESIAN_POINT('Ctrl Pts',(42.0804616087134,-10.603080393985,0.));
#15135=CARTESIAN_POINT('Ctrl Pts',(42.0804616087134,-10.603080393985,0.02));
#15136=CARTESIAN_POINT('Ctrl Pts',(42.1135749667883,-10.6944066286087,0.));
#15137=CARTESIAN_POINT('Ctrl Pts',(42.1135749667883,-10.6944066286087,0.02));
#15138=CARTESIAN_POINT('',(42.0000006258488,-10.107094347477,0.));
#15139=CARTESIAN_POINT('Ctrl Pts',(42.0000006258488,-10.107094347477,0.));
#15140=CARTESIAN_POINT('Ctrl Pts',(42.0039922550009,-10.2116875228124,0.));
#15141=CARTESIAN_POINT('Ctrl Pts',(42.0116907085022,-10.4134110963632,0.));
#15142=CARTESIAN_POINT('Ctrl Pts',(42.0804616087134,-10.603080393985,0.));
#15143=CARTESIAN_POINT('Ctrl Pts',(42.1135749667883,-10.6944066286087,0.));
#15144=CARTESIAN_POINT('',(42.0000006258488,-10.107094347477,0.02));
#15145=CARTESIAN_POINT('',(42.0000006258488,-10.107094347477,0.));
#15146=CARTESIAN_POINT('Ctrl Pts',(42.0000006258488,-10.107094347477,0.02));
#15147=CARTESIAN_POINT('Ctrl Pts',(42.0039922550009,-10.2116875228124,0.02));
#15148=CARTESIAN_POINT('Ctrl Pts',(42.0116907085022,-10.4134110963632,0.02));
#15149=CARTESIAN_POINT('Ctrl Pts',(42.0804616087134,-10.603080393985,0.02));
#15150=CARTESIAN_POINT('Ctrl Pts',(42.1135749667883,-10.6944066286087,0.02));
#15151=CARTESIAN_POINT('Ctrl Pts',(42.2793321311474,-9.25989091396332,0.));
#15152=CARTESIAN_POINT('Ctrl Pts',(42.2793321311474,-9.25989091396332,0.02));
#15153=CARTESIAN_POINT('Ctrl Pts',(42.1979683715014,-9.3780182866733,0.));
#15154=CARTESIAN_POINT('Ctrl Pts',(42.1979683715014,-9.3780182866733,0.02));
#15155=CARTESIAN_POINT('Ctrl Pts',(42.0229077510976,-9.63217875373203,0.));
#15156=CARTESIAN_POINT('Ctrl Pts',(42.0229077510976,-9.63217875373203,0.02));
#15157=CARTESIAN_POINT('Ctrl Pts',(42.0079867318188,-9.94152462987691,0.));
#15158=CARTESIAN_POINT('Ctrl Pts',(42.0079867318188,-9.94152462987691,0.02));
#15159=CARTESIAN_POINT('Ctrl Pts',(42.0000006258488,-10.107094347477,0.));
#15160=CARTESIAN_POINT('Ctrl Pts',(42.0000006258488,-10.107094347477,0.02));
#15161=CARTESIAN_POINT('',(42.2793321311474,-9.25989091396332,0.));
#15162=CARTESIAN_POINT('Ctrl Pts',(42.2793321311474,-9.25989091396332,0.));
#15163=CARTESIAN_POINT('Ctrl Pts',(42.1979683715014,-9.3780182866733,0.));
#15164=CARTESIAN_POINT('Ctrl Pts',(42.0229077510976,-9.63217875373203,0.));
#15165=CARTESIAN_POINT('Ctrl Pts',(42.0079867318188,-9.94152462987691,0.));
#15166=CARTESIAN_POINT('Ctrl Pts',(42.0000006258488,-10.107094347477,0.));
#15167=CARTESIAN_POINT('',(42.2793321311474,-9.25989091396332,0.02));
#15168=CARTESIAN_POINT('',(42.2793321311474,-9.25989091396332,0.));
#15169=CARTESIAN_POINT('Ctrl Pts',(42.2793321311474,-9.25989091396332,0.02));
#15170=CARTESIAN_POINT('Ctrl Pts',(42.1979683715014,-9.3780182866733,0.02));
#15171=CARTESIAN_POINT('Ctrl Pts',(42.0229077510976,-9.63217875373203,0.02));
#15172=CARTESIAN_POINT('Ctrl Pts',(42.0079867318188,-9.94152462987691,0.02));
#15173=CARTESIAN_POINT('Ctrl Pts',(42.0000006258488,-10.107094347477,0.02));
#15174=CARTESIAN_POINT('Ctrl Pts',(42.9454303532839,-8.95088672637939,0.));
#15175=CARTESIAN_POINT('Ctrl Pts',(42.9454303532839,-8.95088672637939,0.02));
#15176=CARTESIAN_POINT('Ctrl Pts',(42.8200449173261,-8.96481707647939,0.));
#15177=CARTESIAN_POINT('Ctrl Pts',(42.8200449173261,-8.96481707647939,0.02));
#15178=CARTESIAN_POINT('Ctrl Pts',(42.5638572516166,-8.99327958368667,0.));
#15179=CARTESIAN_POINT('Ctrl Pts',(42.5638572516166,-8.99327958368667,0.02));
#15180=CARTESIAN_POINT('Ctrl Pts',(42.3755013609238,-9.169776528843,0.));
#15181=CARTESIAN_POINT('Ctrl Pts',(42.3755013609238,-9.169776528843,0.02));
#15182=CARTESIAN_POINT('Ctrl Pts',(42.2793321311474,-9.25989091396332,0.));
#15183=CARTESIAN_POINT('Ctrl Pts',(42.2793321311474,-9.25989091396332,0.02));
#15184=CARTESIAN_POINT('',(42.9454303532839,-8.95088672637939,0.));
#15185=CARTESIAN_POINT('Ctrl Pts',(42.9454303532839,-8.95088672637939,0.));
#15186=CARTESIAN_POINT('Ctrl Pts',(42.8200449173261,-8.96481707647939,0.));
#15187=CARTESIAN_POINT('Ctrl Pts',(42.5638572516166,-8.99327958368667,0.));
#15188=CARTESIAN_POINT('Ctrl Pts',(42.3755013609238,-9.169776528843,0.));
#15189=CARTESIAN_POINT('Ctrl Pts',(42.2793321311474,-9.25989091396332,0.));
#15190=CARTESIAN_POINT('',(42.9454303532839,-8.95088672637939,0.02));
#15191=CARTESIAN_POINT('',(42.9454303532839,-8.95088672637939,0.));
#15192=CARTESIAN_POINT('Ctrl Pts',(42.9454303532839,-8.95088672637939,0.02));
#15193=CARTESIAN_POINT('Ctrl Pts',(42.8200449173261,-8.96481707647939,0.02));
#15194=CARTESIAN_POINT('Ctrl Pts',(42.5638572516166,-8.99327958368667,0.02));
#15195=CARTESIAN_POINT('Ctrl Pts',(42.3755013609238,-9.169776528843,0.02));
#15196=CARTESIAN_POINT('Ctrl Pts',(42.2793321311474,-9.25989091396332,0.02));
#15197=CARTESIAN_POINT('Ctrl Pts',(43.2738751173019,-9.03069585561752,0.));
#15198=CARTESIAN_POINT('Ctrl Pts',(43.2738751173019,-9.03069585561752,0.02));
#15199=CARTESIAN_POINT('Ctrl Pts',(43.2215624786136,-9.00741823020536,0.));
#15200=CARTESIAN_POINT('Ctrl Pts',(43.2215624786136,-9.00741823020536,0.02));
#15201=CARTESIAN_POINT('Ctrl Pts',(43.1169300470989,-8.96085979599464,0.));
#15202=CARTESIAN_POINT('Ctrl Pts',(43.1169300470989,-8.96085979599464,0.02));
#15203=CARTESIAN_POINT('Ctrl Pts',(43.002599523634,-8.95421123444739,0.));
#15204=CARTESIAN_POINT('Ctrl Pts',(43.002599523634,-8.95421123444739,0.02));
#15205=CARTESIAN_POINT('Ctrl Pts',(42.9454303532839,-8.95088672637939,0.));
#15206=CARTESIAN_POINT('Ctrl Pts',(42.9454303532839,-8.95088672637939,0.02));
#15207=CARTESIAN_POINT('',(43.2738751173019,-9.03069585561752,0.));
#15208=CARTESIAN_POINT('Ctrl Pts',(43.2738751173019,-9.03069585561752,0.));
#15209=CARTESIAN_POINT('Ctrl Pts',(43.2215624786136,-9.00741823020536,0.));
#15210=CARTESIAN_POINT('Ctrl Pts',(43.1169300470989,-8.96085979599464,0.));
#15211=CARTESIAN_POINT('Ctrl Pts',(43.002599523634,-8.95421123444739,0.));
#15212=CARTESIAN_POINT('Ctrl Pts',(42.9454303532839,-8.95088672637939,0.));
#15213=CARTESIAN_POINT('',(43.2738751173019,-9.03069585561752,0.02));
#15214=CARTESIAN_POINT('',(43.2738751173019,-9.03069585561752,0.));
#15215=CARTESIAN_POINT('Ctrl Pts',(43.2738751173019,-9.03069585561752,0.02));
#15216=CARTESIAN_POINT('Ctrl Pts',(43.2215624786136,-9.00741823020536,0.02));
#15217=CARTESIAN_POINT('Ctrl Pts',(43.1169300470989,-8.96085979599464,0.02));
#15218=CARTESIAN_POINT('Ctrl Pts',(43.002599523634,-8.95421123444739,0.02));
#15219=CARTESIAN_POINT('Ctrl Pts',(42.9454303532839,-8.95088672637939,0.02));
#15220=CARTESIAN_POINT('Ctrl Pts',(43.5143253207207,-9.2312416434288,0.));
#15221=CARTESIAN_POINT('Ctrl Pts',(43.5143253207207,-9.2312416434288,0.02));
#15222=CARTESIAN_POINT('Ctrl Pts',(43.4818242753026,-9.19219792284193,0.));
#15223=CARTESIAN_POINT('Ctrl Pts',(43.4818242753026,-9.19219792284193,0.02));
#15224=CARTESIAN_POINT('Ctrl Pts',(43.4140002290957,-9.11072044803729,0.));
#15225=CARTESIAN_POINT('Ctrl Pts',(43.4140002290957,-9.11072044803729,0.02));
#15226=CARTESIAN_POINT('Ctrl Pts',(43.3218613619749,-9.0581005058087,0.));
#15227=CARTESIAN_POINT('Ctrl Pts',(43.3218613619749,-9.0581005058087,0.02));
#15228=CARTESIAN_POINT('Ctrl Pts',(43.2738751173019,-9.03069585561752,0.));
#15229=CARTESIAN_POINT('Ctrl Pts',(43.2738751173019,-9.03069585561752,0.02));
#15230=CARTESIAN_POINT('',(43.5143253207207,-9.2312416434288,0.));
#15231=CARTESIAN_POINT('Ctrl Pts',(43.5143253207207,-9.2312416434288,0.));
#15232=CARTESIAN_POINT('Ctrl Pts',(43.4818242753026,-9.19219792284193,0.));
#15233=CARTESIAN_POINT('Ctrl Pts',(43.4140002290957,-9.11072044803729,0.));
#15234=CARTESIAN_POINT('Ctrl Pts',(43.3218613619749,-9.0581005058087,0.));
#15235=CARTESIAN_POINT('Ctrl Pts',(43.2738751173019,-9.03069585561752,0.));
#15236=CARTESIAN_POINT('',(43.5143253207207,-9.2312416434288,0.02));
#15237=CARTESIAN_POINT('',(43.5143253207207,-9.2312416434288,0.));
#15238=CARTESIAN_POINT('Ctrl Pts',(43.5143253207207,-9.2312416434288,0.02));
#15239=CARTESIAN_POINT('Ctrl Pts',(43.4818242753026,-9.19219792284193,0.02));
#15240=CARTESIAN_POINT('Ctrl Pts',(43.4140002290957,-9.11072044803729,0.02));
#15241=CARTESIAN_POINT('Ctrl Pts',(43.3218613619749,-9.0581005058087,0.02));
#15242=CARTESIAN_POINT('Ctrl Pts',(43.2738751173019,-9.03069585561752,0.02));
#15243=CARTESIAN_POINT('Origin',(43.5143253207207,-8.16712141036987,0.));
#15244=CARTESIAN_POINT('',(43.5143253207207,-8.16712141036987,0.));
#15245=CARTESIAN_POINT('',(43.5143253207207,-17.2785607051849,0.));
#15246=CARTESIAN_POINT('',(43.5143253207207,-8.16712141036987,0.02));
#15247=CARTESIAN_POINT('',(43.5143253207207,-8.16712141036987,0.));
#15248=CARTESIAN_POINT('',(43.5143253207207,-8.16712141036987,0.02));
#15249=CARTESIAN_POINT('Origin',(43.882674574852,-8.16712141036987,0.));
#15250=CARTESIAN_POINT('',(36.341337287426,-8.16712141036987,0.));
#15251=CARTESIAN_POINT('',(43.882674574852,-8.16712141036987,0.02));
#15252=CARTESIAN_POINT('Origin',(52.9563443362713,-8.13437923789024,0.02));
#15253=CARTESIAN_POINT('Origin',(28.8,-26.39,0.));
#15254=CARTESIAN_POINT('',(67.695,8.965,0.));
#15255=CARTESIAN_POINT('',(62.695,13.965,0.));
#15256=CARTESIAN_POINT('Origin',(62.695,8.965,0.));
#15257=CARTESIAN_POINT('',(67.695,-61.745,0.));
#15258=CARTESIAN_POINT('',(67.695,13.965,0.));
#15259=CARTESIAN_POINT('',(62.695,-66.745,0.));
#15260=CARTESIAN_POINT('Origin',(62.695,-61.745,0.));
#15261=CARTESIAN_POINT('',(-5.095,-66.745,0.));
#15262=CARTESIAN_POINT('',(67.695,-66.745,0.));
#15263=CARTESIAN_POINT('',(-10.095,-61.745,0.));
#15264=CARTESIAN_POINT('Origin',(-5.095,-61.745,0.));
#15265=CARTESIAN_POINT('',(-10.095,8.965,0.));
#15266=CARTESIAN_POINT('',(-10.095,-66.745,0.));
#15267=CARTESIAN_POINT('',(-5.095,13.965,0.));
#15268=CARTESIAN_POINT('Origin',(-5.095,8.965,0.));
#15269=CARTESIAN_POINT('',(20.315,13.965,0.));
#15270=CARTESIAN_POINT('',(-10.095,13.965,0.));
#15271=CARTESIAN_POINT('',(20.315,-17.035,0.));
#15272=CARTESIAN_POINT('',(20.315,-17.035,0.));
#15273=CARTESIAN_POINT('',(38.815,-17.035,0.));
#15274=CARTESIAN_POINT('',(38.815,-17.035,0.));
#15275=CARTESIAN_POINT('',(38.815,13.965,0.));
#15276=CARTESIAN_POINT('',(38.815,13.965,0.));
#15277=CARTESIAN_POINT('',(-10.095,13.965,0.));
#15278=CARTESIAN_POINT('',(40.625,-41.125,0.));
#15279=CARTESIAN_POINT('',(41.125,-40.625,0.));
#15280=CARTESIAN_POINT('Origin',(41.125,-41.125,0.));
#15281=CARTESIAN_POINT('',(40.625,-54.125,0.));
#15282=CARTESIAN_POINT('',(40.625,-41.125,0.));
#15283=CARTESIAN_POINT('',(41.125,-54.625,0.));
#15284=CARTESIAN_POINT('Origin',(41.125,-54.125,0.));
#15285=CARTESIAN_POINT('',(54.125,-54.625,0.));
#15286=CARTESIAN_POINT('',(41.125,-54.625,0.));
#15287=CARTESIAN_POINT('',(54.625,-54.125,0.));
#15288=CARTESIAN_POINT('Origin',(54.125,-54.125,0.));
#15289=CARTESIAN_POINT('',(54.625,-41.125,0.));
#15290=CARTESIAN_POINT('',(54.625,-41.125,0.));
#15291=CARTESIAN_POINT('',(54.125,-40.625,0.));
#15292=CARTESIAN_POINT('Origin',(54.125,-41.125,0.));
#15293=CARTESIAN_POINT('',(41.125,-40.625,0.));
#15294=CARTESIAN_POINT('',(40.625,-22.075,0.));
#15295=CARTESIAN_POINT('',(41.125,-21.575,0.));
#15296=CARTESIAN_POINT('Origin',(41.125,-22.075,0.));
#15297=CARTESIAN_POINT('',(40.625,-35.075,0.));
#15298=CARTESIAN_POINT('',(40.625,-22.075,0.));
#15299=CARTESIAN_POINT('',(41.125,-35.575,0.));
#15300=CARTESIAN_POINT('Origin',(41.125,-35.075,0.));
#15301=CARTESIAN_POINT('',(54.125,-35.575,0.));
#15302=CARTESIAN_POINT('',(41.125,-35.575,0.));
#15303=CARTESIAN_POINT('',(54.625,-35.075,0.));
#15304=CARTESIAN_POINT('Origin',(54.125,-35.075,0.));
#15305=CARTESIAN_POINT('',(54.625,-22.075,0.));
#15306=CARTESIAN_POINT('',(54.625,-22.075,0.));
#15307=CARTESIAN_POINT('',(54.125,-21.575,0.));
#15308=CARTESIAN_POINT('Origin',(54.125,-22.075,0.));
#15309=CARTESIAN_POINT('',(41.125,-21.575,0.));
#15310=CARTESIAN_POINT('',(2.525,-22.075,0.));
#15311=CARTESIAN_POINT('',(3.025,-21.575,0.));
#15312=CARTESIAN_POINT('Origin',(3.025,-22.075,0.));
#15313=CARTESIAN_POINT('',(2.525,-35.075,0.));
#15314=CARTESIAN_POINT('',(2.525,-22.075,0.));
#15315=CARTESIAN_POINT('',(3.025,-35.575,0.));
#15316=CARTESIAN_POINT('Origin',(3.025,-35.075,0.));
#15317=CARTESIAN_POINT('',(16.025,-35.575,0.));
#15318=CARTESIAN_POINT('',(3.025,-35.575,0.));
#15319=CARTESIAN_POINT('',(16.525,-35.075,0.));
#15320=CARTESIAN_POINT('Origin',(16.025,-35.075,0.));
#15321=CARTESIAN_POINT('',(16.525,-22.075,0.));
#15322=CARTESIAN_POINT('',(16.525,-22.075,0.));
#15323=CARTESIAN_POINT('',(16.025,-21.575,0.));
#15324=CARTESIAN_POINT('Origin',(16.025,-22.075,0.));
#15325=CARTESIAN_POINT('',(3.025,-21.575,0.));
#15326=CARTESIAN_POINT('',(21.575,-22.075,0.));
#15327=CARTESIAN_POINT('',(22.075,-21.575,0.));
#15328=CARTESIAN_POINT('Origin',(22.075,-22.075,0.));
#15329=CARTESIAN_POINT('',(21.575,-35.075,0.));
#15330=CARTESIAN_POINT('',(21.575,-22.075,0.));
#15331=CARTESIAN_POINT('',(22.075,-35.575,0.));
#15332=CARTESIAN_POINT('Origin',(22.075,-35.075,0.));
#15333=CARTESIAN_POINT('',(35.075,-35.575,0.));
#15334=CARTESIAN_POINT('',(22.075,-35.575,0.));
#15335=CARTESIAN_POINT('',(35.575,-35.075,0.));
#15336=CARTESIAN_POINT('Origin',(35.075,-35.075,0.));
#15337=CARTESIAN_POINT('',(35.575,-22.075,0.));
#15338=CARTESIAN_POINT('',(35.575,-22.075,0.));
#15339=CARTESIAN_POINT('',(35.075,-21.575,0.));
#15340=CARTESIAN_POINT('Origin',(35.075,-22.075,0.));
#15341=CARTESIAN_POINT('',(22.075,-21.575,0.));
#15342=CARTESIAN_POINT('',(60.995,-61.745,0.));
#15343=CARTESIAN_POINT('Origin',(62.695,-61.745,0.));
#15344=CARTESIAN_POINT('',(21.575,-41.125,0.));
#15345=CARTESIAN_POINT('',(22.075,-40.625,0.));
#15346=CARTESIAN_POINT('Origin',(22.075,-41.125,0.));
#15347=CARTESIAN_POINT('',(21.575,-54.125,0.));
#15348=CARTESIAN_POINT('',(21.575,-41.125,0.));
#15349=CARTESIAN_POINT('',(22.075,-54.625,0.));
#15350=CARTESIAN_POINT('Origin',(22.075,-54.125,0.));
#15351=CARTESIAN_POINT('',(35.075,-54.625,0.));
#15352=CARTESIAN_POINT('',(22.075,-54.625,0.));
#15353=CARTESIAN_POINT('',(35.575,-54.125,0.));
#15354=CARTESIAN_POINT('Origin',(35.075,-54.125,0.));
#15355=CARTESIAN_POINT('',(35.575,-41.125,0.));
#15356=CARTESIAN_POINT('',(35.575,-41.125,0.));
#15357=CARTESIAN_POINT('',(35.075,-40.625,0.));
#15358=CARTESIAN_POINT('Origin',(35.075,-41.125,0.));
#15359=CARTESIAN_POINT('',(22.075,-40.625,0.));
#15360=CARTESIAN_POINT('',(-6.795,8.965,0.));
#15361=CARTESIAN_POINT('Origin',(-5.095,8.965,0.));
#15362=CARTESIAN_POINT('',(2.525,-41.125,0.));
#15363=CARTESIAN_POINT('',(3.025,-40.625,0.));
#15364=CARTESIAN_POINT('Origin',(3.025,-41.125,0.));
#15365=CARTESIAN_POINT('',(2.525,-54.125,0.));
#15366=CARTESIAN_POINT('',(2.525,-41.125,0.));
#15367=CARTESIAN_POINT('',(3.025,-54.625,0.));
#15368=CARTESIAN_POINT('Origin',(3.025,-54.125,0.));
#15369=CARTESIAN_POINT('',(16.025,-54.625,0.));
#15370=CARTESIAN_POINT('',(3.025,-54.625,0.));
#15371=CARTESIAN_POINT('',(16.525,-54.125,0.));
#15372=CARTESIAN_POINT('Origin',(16.025,-54.125,0.));
#15373=CARTESIAN_POINT('',(16.525,-41.125,0.));
#15374=CARTESIAN_POINT('',(16.525,-41.125,0.));
#15375=CARTESIAN_POINT('',(16.025,-40.625,0.));
#15376=CARTESIAN_POINT('Origin',(16.025,-41.125,0.));
#15377=CARTESIAN_POINT('',(3.025,-40.625,0.));
#15378=CARTESIAN_POINT('',(-6.795,-61.745,0.));
#15379=CARTESIAN_POINT('Origin',(-5.095,-61.745,0.));
#15380=CARTESIAN_POINT('',(60.995,8.965,0.));
#15381=CARTESIAN_POINT('Origin',(62.695,8.965,0.));
#15382=CARTESIAN_POINT('Origin',(28.8,-26.39,0.));
#15383=CARTESIAN_POINT('Origin',(28.8,-26.39,0.));
#15384=CARTESIAN_POINT('Origin',(28.8,-26.39,0.));
#15385=CARTESIAN_POINT('Origin',(28.8,-26.39,0.));
#15386=CARTESIAN_POINT('Origin',(28.8,-26.39,0.));
#15387=CARTESIAN_POINT('Origin',(28.8,-26.39,0.));
#15388=CARTESIAN_POINT('Origin',(28.8,-26.39,0.));
#15389=CARTESIAN_POINT('Origin',(62.695,8.965,0.));
#15390=CARTESIAN_POINT('',(62.695,13.965,1.5));
#15391=CARTESIAN_POINT('',(67.695,8.965,1.5));
#15392=CARTESIAN_POINT('Origin',(62.695,8.965,1.5));
#15393=CARTESIAN_POINT('',(67.695,8.965,0.));
#15394=CARTESIAN_POINT('',(62.695,13.965,0.));
#15395=CARTESIAN_POINT('Origin',(67.695,13.965,0.));
#15396=CARTESIAN_POINT('',(38.815,13.965,1.5));
#15397=CARTESIAN_POINT('',(38.815,13.965,0.));
#15398=CARTESIAN_POINT('',(-10.095,13.965,1.5));
#15399=CARTESIAN_POINT('Origin',(28.8,-26.39,0.));
#15400=CARTESIAN_POINT('Origin',(-5.095,8.965,0.));
#15401=CARTESIAN_POINT('',(-10.095,8.965,1.5));
#15402=CARTESIAN_POINT('',(-5.095,13.965,1.5));
#15403=CARTESIAN_POINT('Origin',(-5.095,8.965,1.5));
#15404=CARTESIAN_POINT('',(-5.095,13.965,0.));
#15405=CARTESIAN_POINT('',(-10.095,8.965,0.));
#15406=CARTESIAN_POINT('Origin',(-10.095,13.965,0.));
#15407=CARTESIAN_POINT('',(-10.095,-61.745,1.5));
#15408=CARTESIAN_POINT('',(-10.095,-61.745,0.));
#15409=CARTESIAN_POINT('',(-10.095,-66.745,1.5));
#15410=CARTESIAN_POINT('Origin',(62.695,-61.745,0.));
#15411=CARTESIAN_POINT('',(67.695,-61.745,1.5));
#15412=CARTESIAN_POINT('',(62.695,-66.745,1.5));
#15413=CARTESIAN_POINT('Origin',(62.695,-61.745,1.5));
#15414=CARTESIAN_POINT('',(62.695,-66.745,0.));
#15415=CARTESIAN_POINT('',(67.695,-61.745,0.));
#15416=CARTESIAN_POINT('Origin',(67.695,-66.745,0.));
#15417=CARTESIAN_POINT('',(67.695,13.965,1.5));
#15418=CARTESIAN_POINT('Origin',(-5.095,-61.745,0.));
#15419=CARTESIAN_POINT('',(-5.095,-66.745,1.5));
#15420=CARTESIAN_POINT('Origin',(-5.095,-61.745,1.5));
#15421=CARTESIAN_POINT('',(-5.095,-66.745,0.));
#15422=CARTESIAN_POINT('Origin',(62.695,8.965,0.));
#15423=CARTESIAN_POINT('',(60.995,8.965,1.5));
#15424=CARTESIAN_POINT('Origin',(62.695,8.965,1.5));
#15425=CARTESIAN_POINT('',(60.995,8.965,0.));
#15426=CARTESIAN_POINT('Origin',(-5.095,-61.745,0.));
#15427=CARTESIAN_POINT('',(-6.795,-61.745,1.5));
#15428=CARTESIAN_POINT('Origin',(-5.095,-61.745,1.5));
#15429=CARTESIAN_POINT('',(-6.795,-61.745,0.));
#15430=CARTESIAN_POINT('Origin',(2.525,-54.125,0.));
#15431=CARTESIAN_POINT('',(2.525,-41.125,1.5));
#15432=CARTESIAN_POINT('',(2.525,-41.125,0.));
#15433=CARTESIAN_POINT('',(2.525,-54.125,1.5));
#15434=CARTESIAN_POINT('',(2.525,-41.125,1.5));
#15435=CARTESIAN_POINT('',(2.525,-54.125,0.));
#15436=CARTESIAN_POINT('Origin',(3.025,-54.125,0.));
#15437=CARTESIAN_POINT('',(3.025,-54.625,1.5));
#15438=CARTESIAN_POINT('Origin',(3.025,-54.125,1.5));
#15439=CARTESIAN_POINT('',(3.025,-54.625,0.));
#15440=CARTESIAN_POINT('Origin',(16.025,-54.625,0.));
#15441=CARTESIAN_POINT('',(16.025,-54.625,1.5));
#15442=CARTESIAN_POINT('',(3.025,-54.625,1.5));
#15443=CARTESIAN_POINT('',(16.025,-54.625,0.));
#15444=CARTESIAN_POINT('Origin',(16.025,-54.125,0.));
#15445=CARTESIAN_POINT('',(16.525,-54.125,1.5));
#15446=CARTESIAN_POINT('Origin',(16.025,-54.125,1.5));
#15447=CARTESIAN_POINT('',(16.525,-54.125,0.));
#15448=CARTESIAN_POINT('Origin',(16.525,-41.125,0.));
#15449=CARTESIAN_POINT('',(16.525,-41.125,1.5));
#15450=CARTESIAN_POINT('',(16.525,-41.125,1.5));
#15451=CARTESIAN_POINT('',(16.525,-41.125,0.));
#15452=CARTESIAN_POINT('Origin',(16.025,-41.125,0.));
#15453=CARTESIAN_POINT('',(16.025,-40.625,1.5));
#15454=CARTESIAN_POINT('Origin',(16.025,-41.125,1.5));
#15455=CARTESIAN_POINT('',(16.025,-40.625,0.));
#15456=CARTESIAN_POINT('Origin',(3.025,-40.625,0.));
#15457=CARTESIAN_POINT('',(3.025,-40.625,1.5));
#15458=CARTESIAN_POINT('',(3.025,-40.625,1.5));
#15459=CARTESIAN_POINT('',(3.025,-40.625,0.));
#15460=CARTESIAN_POINT('Origin',(3.025,-41.125,0.));
#15461=CARTESIAN_POINT('Origin',(3.025,-41.125,1.5));
#15462=CARTESIAN_POINT('Origin',(-5.095,8.965,0.));
#15463=CARTESIAN_POINT('',(-6.795,8.965,1.5));
#15464=CARTESIAN_POINT('Origin',(-5.095,8.965,1.5));
#15465=CARTESIAN_POINT('',(-6.795,8.965,0.));
#15466=CARTESIAN_POINT('Origin',(21.575,-54.125,0.));
#15467=CARTESIAN_POINT('',(21.575,-41.125,1.5));
#15468=CARTESIAN_POINT('',(21.575,-41.125,0.));
#15469=CARTESIAN_POINT('',(21.575,-54.125,1.5));
#15470=CARTESIAN_POINT('',(21.575,-41.125,1.5));
#15471=CARTESIAN_POINT('',(21.575,-54.125,0.));
#15472=CARTESIAN_POINT('Origin',(22.075,-54.125,0.));
#15473=CARTESIAN_POINT('',(22.075,-54.625,1.5));
#15474=CARTESIAN_POINT('Origin',(22.075,-54.125,1.5));
#15475=CARTESIAN_POINT('',(22.075,-54.625,0.));
#15476=CARTESIAN_POINT('Origin',(35.075,-54.625,0.));
#15477=CARTESIAN_POINT('',(35.075,-54.625,1.5));
#15478=CARTESIAN_POINT('',(22.075,-54.625,1.5));
#15479=CARTESIAN_POINT('',(35.075,-54.625,0.));
#15480=CARTESIAN_POINT('Origin',(35.075,-54.125,0.));
#15481=CARTESIAN_POINT('',(35.575,-54.125,1.5));
#15482=CARTESIAN_POINT('Origin',(35.075,-54.125,1.5));
#15483=CARTESIAN_POINT('',(35.575,-54.125,0.));
#15484=CARTESIAN_POINT('Origin',(35.575,-41.125,0.));
#15485=CARTESIAN_POINT('',(35.575,-41.125,1.5));
#15486=CARTESIAN_POINT('',(35.575,-41.125,1.5));
#15487=CARTESIAN_POINT('',(35.575,-41.125,0.));
#15488=CARTESIAN_POINT('Origin',(35.075,-41.125,0.));
#15489=CARTESIAN_POINT('',(35.075,-40.625,1.5));
#15490=CARTESIAN_POINT('Origin',(35.075,-41.125,1.5));
#15491=CARTESIAN_POINT('',(35.075,-40.625,0.));
#15492=CARTESIAN_POINT('Origin',(22.075,-40.625,0.));
#15493=CARTESIAN_POINT('',(22.075,-40.625,1.5));
#15494=CARTESIAN_POINT('',(22.075,-40.625,1.5));
#15495=CARTESIAN_POINT('',(22.075,-40.625,0.));
#15496=CARTESIAN_POINT('Origin',(22.075,-41.125,0.));
#15497=CARTESIAN_POINT('Origin',(22.075,-41.125,1.5));
#15498=CARTESIAN_POINT('Origin',(62.695,-61.745,0.));
#15499=CARTESIAN_POINT('',(60.995,-61.745,1.5));
#15500=CARTESIAN_POINT('Origin',(62.695,-61.745,1.5));
#15501=CARTESIAN_POINT('',(60.995,-61.745,0.));
#15502=CARTESIAN_POINT('Origin',(21.575,-35.075,0.));
#15503=CARTESIAN_POINT('',(21.575,-22.075,1.5));
#15504=CARTESIAN_POINT('',(21.575,-22.075,0.));
#15505=CARTESIAN_POINT('',(21.575,-35.075,1.5));
#15506=CARTESIAN_POINT('',(21.575,-22.075,1.5));
#15507=CARTESIAN_POINT('',(21.575,-35.075,0.));
#15508=CARTESIAN_POINT('Origin',(22.075,-35.075,0.));
#15509=CARTESIAN_POINT('',(22.075,-35.575,1.5));
#15510=CARTESIAN_POINT('Origin',(22.075,-35.075,1.5));
#15511=CARTESIAN_POINT('',(22.075,-35.575,0.));
#15512=CARTESIAN_POINT('Origin',(35.075,-35.575,0.));
#15513=CARTESIAN_POINT('',(35.075,-35.575,1.5));
#15514=CARTESIAN_POINT('',(22.075,-35.575,1.5));
#15515=CARTESIAN_POINT('',(35.075,-35.575,0.));
#15516=CARTESIAN_POINT('Origin',(35.075,-35.075,0.));
#15517=CARTESIAN_POINT('',(35.575,-35.075,1.5));
#15518=CARTESIAN_POINT('Origin',(35.075,-35.075,1.5));
#15519=CARTESIAN_POINT('',(35.575,-35.075,0.));
#15520=CARTESIAN_POINT('Origin',(35.575,-22.075,0.));
#15521=CARTESIAN_POINT('',(35.575,-22.075,1.5));
#15522=CARTESIAN_POINT('',(35.575,-22.075,1.5));
#15523=CARTESIAN_POINT('',(35.575,-22.075,0.));
#15524=CARTESIAN_POINT('Origin',(35.075,-22.075,0.));
#15525=CARTESIAN_POINT('',(35.075,-21.575,1.5));
#15526=CARTESIAN_POINT('Origin',(35.075,-22.075,1.5));
#15527=CARTESIAN_POINT('',(35.075,-21.575,0.));
#15528=CARTESIAN_POINT('Origin',(22.075,-21.575,0.));
#15529=CARTESIAN_POINT('',(22.075,-21.575,1.5));
#15530=CARTESIAN_POINT('',(22.075,-21.575,1.5));
#15531=CARTESIAN_POINT('',(22.075,-21.575,0.));
#15532=CARTESIAN_POINT('Origin',(22.075,-22.075,0.));
#15533=CARTESIAN_POINT('Origin',(22.075,-22.075,1.5));
#15534=CARTESIAN_POINT('Origin',(2.525,-35.075,0.));
#15535=CARTESIAN_POINT('',(2.525,-22.075,1.5));
#15536=CARTESIAN_POINT('',(2.525,-22.075,0.));
#15537=CARTESIAN_POINT('',(2.525,-35.075,1.5));
#15538=CARTESIAN_POINT('',(2.525,-22.075,1.5));
#15539=CARTESIAN_POINT('',(2.525,-35.075,0.));
#15540=CARTESIAN_POINT('Origin',(3.025,-35.075,0.));
#15541=CARTESIAN_POINT('',(3.025,-35.575,1.5));
#15542=CARTESIAN_POINT('Origin',(3.025,-35.075,1.5));
#15543=CARTESIAN_POINT('',(3.025,-35.575,0.));
#15544=CARTESIAN_POINT('Origin',(16.025,-35.575,0.));
#15545=CARTESIAN_POINT('',(16.025,-35.575,1.5));
#15546=CARTESIAN_POINT('',(3.025,-35.575,1.5));
#15547=CARTESIAN_POINT('',(16.025,-35.575,0.));
#15548=CARTESIAN_POINT('Origin',(16.025,-35.075,0.));
#15549=CARTESIAN_POINT('',(16.525,-35.075,1.5));
#15550=CARTESIAN_POINT('Origin',(16.025,-35.075,1.5));
#15551=CARTESIAN_POINT('',(16.525,-35.075,0.));
#15552=CARTESIAN_POINT('Origin',(16.525,-22.075,0.));
#15553=CARTESIAN_POINT('',(16.525,-22.075,1.5));
#15554=CARTESIAN_POINT('',(16.525,-22.075,1.5));
#15555=CARTESIAN_POINT('',(16.525,-22.075,0.));
#15556=CARTESIAN_POINT('Origin',(16.025,-22.075,0.));
#15557=CARTESIAN_POINT('',(16.025,-21.575,1.5));
#15558=CARTESIAN_POINT('Origin',(16.025,-22.075,1.5));
#15559=CARTESIAN_POINT('',(16.025,-21.575,0.));
#15560=CARTESIAN_POINT('Origin',(3.025,-21.575,0.));
#15561=CARTESIAN_POINT('',(3.025,-21.575,1.5));
#15562=CARTESIAN_POINT('',(3.025,-21.575,1.5));
#15563=CARTESIAN_POINT('',(3.025,-21.575,0.));
#15564=CARTESIAN_POINT('Origin',(3.025,-22.075,0.));
#15565=CARTESIAN_POINT('Origin',(3.025,-22.075,1.5));
#15566=CARTESIAN_POINT('Origin',(40.625,-35.075,0.));
#15567=CARTESIAN_POINT('',(40.625,-22.075,1.5));
#15568=CARTESIAN_POINT('',(40.625,-22.075,0.));
#15569=CARTESIAN_POINT('',(40.625,-35.075,1.5));
#15570=CARTESIAN_POINT('',(40.625,-22.075,1.5));
#15571=CARTESIAN_POINT('',(40.625,-35.075,0.));
#15572=CARTESIAN_POINT('Origin',(41.125,-35.075,0.));
#15573=CARTESIAN_POINT('',(41.125,-35.575,1.5));
#15574=CARTESIAN_POINT('Origin',(41.125,-35.075,1.5));
#15575=CARTESIAN_POINT('',(41.125,-35.575,0.));
#15576=CARTESIAN_POINT('Origin',(54.125,-35.575,0.));
#15577=CARTESIAN_POINT('',(54.125,-35.575,1.5));
#15578=CARTESIAN_POINT('',(41.125,-35.575,1.5));
#15579=CARTESIAN_POINT('',(54.125,-35.575,0.));
#15580=CARTESIAN_POINT('Origin',(54.125,-35.075,0.));
#15581=CARTESIAN_POINT('',(54.625,-35.075,1.5));
#15582=CARTESIAN_POINT('Origin',(54.125,-35.075,1.5));
#15583=CARTESIAN_POINT('',(54.625,-35.075,0.));
#15584=CARTESIAN_POINT('Origin',(54.625,-22.075,0.));
#15585=CARTESIAN_POINT('',(54.625,-22.075,1.5));
#15586=CARTESIAN_POINT('',(54.625,-22.075,1.5));
#15587=CARTESIAN_POINT('',(54.625,-22.075,0.));
#15588=CARTESIAN_POINT('Origin',(54.125,-22.075,0.));
#15589=CARTESIAN_POINT('',(54.125,-21.575,1.5));
#15590=CARTESIAN_POINT('Origin',(54.125,-22.075,1.5));
#15591=CARTESIAN_POINT('',(54.125,-21.575,0.));
#15592=CARTESIAN_POINT('Origin',(41.125,-21.575,0.));
#15593=CARTESIAN_POINT('',(41.125,-21.575,1.5));
#15594=CARTESIAN_POINT('',(41.125,-21.575,1.5));
#15595=CARTESIAN_POINT('',(41.125,-21.575,0.));
#15596=CARTESIAN_POINT('Origin',(41.125,-22.075,0.));
#15597=CARTESIAN_POINT('Origin',(41.125,-22.075,1.5));
#15598=CARTESIAN_POINT('Origin',(40.625,-54.125,0.));
#15599=CARTESIAN_POINT('',(40.625,-41.125,1.5));
#15600=CARTESIAN_POINT('',(40.625,-41.125,0.));
#15601=CARTESIAN_POINT('',(40.625,-54.125,1.5));
#15602=CARTESIAN_POINT('',(40.625,-41.125,1.5));
#15603=CARTESIAN_POINT('',(40.625,-54.125,0.));
#15604=CARTESIAN_POINT('Origin',(41.125,-54.125,0.));
#15605=CARTESIAN_POINT('',(41.125,-54.625,1.5));
#15606=CARTESIAN_POINT('Origin',(41.125,-54.125,1.5));
#15607=CARTESIAN_POINT('',(41.125,-54.625,0.));
#15608=CARTESIAN_POINT('Origin',(54.125,-54.625,0.));
#15609=CARTESIAN_POINT('',(54.125,-54.625,1.5));
#15610=CARTESIAN_POINT('',(41.125,-54.625,1.5));
#15611=CARTESIAN_POINT('',(54.125,-54.625,0.));
#15612=CARTESIAN_POINT('Origin',(54.125,-54.125,0.));
#15613=CARTESIAN_POINT('',(54.625,-54.125,1.5));
#15614=CARTESIAN_POINT('Origin',(54.125,-54.125,1.5));
#15615=CARTESIAN_POINT('',(54.625,-54.125,0.));
#15616=CARTESIAN_POINT('Origin',(54.625,-41.125,0.));
#15617=CARTESIAN_POINT('',(54.625,-41.125,1.5));
#15618=CARTESIAN_POINT('',(54.625,-41.125,1.5));
#15619=CARTESIAN_POINT('',(54.625,-41.125,0.));
#15620=CARTESIAN_POINT('Origin',(54.125,-41.125,0.));
#15621=CARTESIAN_POINT('',(54.125,-40.625,1.5));
#15622=CARTESIAN_POINT('Origin',(54.125,-41.125,1.5));
#15623=CARTESIAN_POINT('',(54.125,-40.625,0.));
#15624=CARTESIAN_POINT('Origin',(41.125,-40.625,0.));
#15625=CARTESIAN_POINT('',(41.125,-40.625,1.5));
#15626=CARTESIAN_POINT('',(41.125,-40.625,1.5));
#15627=CARTESIAN_POINT('',(41.125,-40.625,0.));
#15628=CARTESIAN_POINT('Origin',(41.125,-41.125,0.));
#15629=CARTESIAN_POINT('Origin',(41.125,-41.125,1.5));
#15630=CARTESIAN_POINT('Origin',(-10.095,-66.745,0.));
#15631=CARTESIAN_POINT('',(67.695,-66.745,1.5));
#15632=CARTESIAN_POINT('Origin',(20.315,13.965,0.));
#15633=CARTESIAN_POINT('',(20.315,13.965,1.5));
#15634=CARTESIAN_POINT('',(-10.095,13.965,1.5));
#15635=CARTESIAN_POINT('',(20.315,13.965,0.));
#15636=CARTESIAN_POINT('Origin',(20.315,-17.035,0.));
#15637=CARTESIAN_POINT('',(20.315,-17.035,1.5));
#15638=CARTESIAN_POINT('',(20.315,-17.035,1.5));
#15639=CARTESIAN_POINT('',(20.315,-17.035,0.));
#15640=CARTESIAN_POINT('Origin',(38.815,-17.035,0.));
#15641=CARTESIAN_POINT('',(38.815,-17.035,1.5));
#15642=CARTESIAN_POINT('',(38.815,-17.035,1.5));
#15643=CARTESIAN_POINT('',(38.815,-17.035,0.));
#15644=CARTESIAN_POINT('Origin',(38.815,13.965,0.));
#15645=CARTESIAN_POINT('',(38.815,13.965,1.5));
#15646=CARTESIAN_POINT('Origin',(28.8,-26.39,1.5));
#15647=UNCERTAINTY_MEASURE_WITH_UNIT(LENGTH_MEASURE(0.01),#15651,
'DISTANCE_ACCURACY_VALUE',
'Maximum model space distance between geometric entities at asserted c
onnectivities');
#15648=UNCERTAINTY_MEASURE_WITH_UNIT(LENGTH_MEASURE(0.01),#15651,
'DISTANCE_ACCURACY_VALUE',
'Maximum model space distance between geometric entities at asserted c
onnectivities');
#15649=(
GEOMETRIC_REPRESENTATION_CONTEXT(3)
GLOBAL_UNCERTAINTY_ASSIGNED_CONTEXT((#15647))
GLOBAL_UNIT_ASSIGNED_CONTEXT((#15651,#15653,#15654))
REPRESENTATION_CONTEXT('','3D')
);
#15650=(
GEOMETRIC_REPRESENTATION_CONTEXT(3)
GLOBAL_UNCERTAINTY_ASSIGNED_CONTEXT((#15648))
GLOBAL_UNIT_ASSIGNED_CONTEXT((#15651,#15653,#15654))
REPRESENTATION_CONTEXT('','3D')
);
#15651=(
LENGTH_UNIT()
NAMED_UNIT(*)
SI_UNIT(.MILLI.,.METRE.)
);
#15652=(
LENGTH_UNIT()
NAMED_UNIT(*)
SI_UNIT($,.METRE.)
);
#15653=(
NAMED_UNIT(*)
PLANE_ANGLE_UNIT()
SI_UNIT($,.RADIAN.)
);
#15654=(
NAMED_UNIT(*)
SI_UNIT($,.STERADIAN.)
SOLID_ANGLE_UNIT()
);
#15655=SHAPE_DEFINITION_REPRESENTATION(#15656,#15657);
#15656=PRODUCT_DEFINITION_SHAPE('',$,#15659);
#15657=SHAPE_REPRESENTATION('',(#7723),#15649);
#15658=PRODUCT_DEFINITION_CONTEXT('part definition',#15663,'design');
#15659=PRODUCT_DEFINITION('2025-12-04-14-04-43-466',
'quels macropad top',#15660,#15658);
#15660=PRODUCT_DEFINITION_FORMATION('',$,#15665);
#15661=PRODUCT_RELATED_PRODUCT_CATEGORY('quels macropad top',
'quels macropad top',(#15665));
#15662=APPLICATION_PROTOCOL_DEFINITION('international standard',
'automotive_design',2009,#15663);
#15663=APPLICATION_CONTEXT(
'Core Data for Automotive Mechanical Design Process');
#15664=PRODUCT_CONTEXT('part definition',#15663,'mechanical');
#15665=PRODUCT('2025-12-04-14-04-43-466','quels macropad top',$,(#15664));
#15666=PRESENTATION_STYLE_ASSIGNMENT((#15667));
#15667=SURFACE_STYLE_USAGE(.BOTH.,#15668);
#15668=SURFACE_SIDE_STYLE('',(#15669));
#15669=SURFACE_STYLE_FILL_AREA(#15670);
#15670=FILL_AREA_STYLE('Steel - Satin',(#15671));
#15671=FILL_AREA_STYLE_COLOUR('Steel - Satin',#15672);
#15672=COLOUR_RGB('Steel - Satin',0.627450980392157,0.627450980392157,0.627450980392157);
ENDSEC;
END-ISO-10303-21;
